speech_id,vergadering_id,vergadering_titel,vergadering_datum,activiteit_id,activiteit_soort,activiteit_titel,activiteit_onderwerp,speaker_id,speaker_name,speaker_party,speaker_role,speech_begin,speech_end,is_voorzitter,speech_text,source,date,matched_activiteit_id,Soort,Onderwerp,Datum,Aanvangstijd_x,Eindtijd_x,Status,Vergaderjaar,Kamer,time_diff,agendapunt_id,motion_id,motion_outcome_raw,label,speech_duration_seconds,hour,day_of_week,month,is_weekend,time_bin,hour_sin,hour_cos,text_chars,approx_tokens,speech_text_clean,month_sin,month_cos,dow_sin,dow_cos,is_morning,is_early_afternoon,is_late_afternoon,is_evening,is_night,year,years_since_2010,log_speech_duration,log_text_length,long_speech_flag,speaker_freq,log_speaker_freq,speaker_party_clean,party_CDA,party_ChristenUnie,party_D66,party_GroenLinks,party_Other,party_PVV,party_PvdA,party_PvdD,party_SGP,party_SP,party_VVD,time_bin_ordinal,voorzitter_x_evening,voorzitter_x_night,duration_x_evening,split,sentiment_score,sentiment_label,sentiment_pos,sentiment_neg,n_chunks,speaker_party_missing,raw_agenda_time_missing,sentiment_available,speech_duration_extreme,topic_time_proxy_available
005aabd7-692d-4661-8e06-cf05862aea17,ead24cc5-c192-4f15-a678-71e5415223ed,"39e vergadering, donderdag 22 december 2022",2022-12-22,7c4d3a9e-9bb2-47bf-bd7a-d785cb949ef9,Regeling van werkzaamheden,Regeling van werkzaamheden (stemmingen),Regeling van werkzaamheden (stemmingen),d18edd5c-8b54-4e64-9c56-f8cdc24c8143,Bergkamp,D66,lid Tweede Kamer,2022-12-22 13:04:51,2022-12-22 13:05:30,1,"Maar voordat we gaan stemmen, geef ik eerst even het woord aan mevrouw Kröger en dan aan de heer Eerdmans.",verslagen_xml\b433c19a-d812-45df-8075-07b5b911714a.xml,2022-12-22,8d33c9b6-bea7-4a99-8fd0-23f173e9709d,Stemmingen,STEMMINGEN  (over alle onderwerpen tot en met 21 december 2022),2022-12-22 12:00:00,2022-12-22 12:00:00,2022-12-22 13:10:00,Uitgevoerd,2022-2023,Tweede Kamer,3891.0,6a7ce311-f160-4aa9-b3e2-1655e097b6db,455934bb-b05c-4d0a-9852-63c7ad93aaa3,Stemmen - aangenomen,1,39.0,13,3,12,0,afternoon,-0.2588190451025208,-0.9659258262890684,106,26,"Maar voordat we gaan stemmen, geef ik eerst even het woord aan mevrouw Kröger en dan aan de heer Eerdmans.",-2.4492935982947064e-16,1.0,0.4338837391175582,-0.900968867902419,0,1,0,0,0,2022,12,3.688879454113936,4.672828834461906,0,1827,7.510977752014095,D66,False,False,True,False,False,False,False,False,False,False,False,2,0,0,0.0,test,-0.9924,negative,0.0038,0.9962,1,0,1,1,0,1
005aabd7-692d-4661-8e06-cf05862aea17,ead24cc5-c192-4f15-a678-71e5415223ed,"39e vergadering, donderdag 22 december 2022",2022-12-22,7c4d3a9e-9bb2-47bf-bd7a-d785cb949ef9,Regeling van werkzaamheden,Regeling van werkzaamheden (stemmingen),Regeling van werkzaamheden (stemmingen),d18edd5c-8b54-4e64-9c56-f8cdc24c8143,Bergkamp,D66,lid Tweede Kamer,2022-12-22 13:04:51,2022-12-22 13:05:30,1,"Maar voordat we gaan stemmen, geef ik eerst even het woord aan mevrouw Kröger en dan aan de heer Eerdmans.",verslagen_xml\b433c19a-d812-45df-8075-07b5b911714a.xml,2022-12-22,8d33c9b6-bea7-4a99-8fd0-23f173e9709d,Stemmingen,STEMMINGEN  (over alle onderwerpen tot en met 21 december 2022),2022-12-22 12:00:00,2022-12-22 12:00:00,2022-12-22 13:10:00,Uitgevoerd,2022-2023,Tweede Kamer,3891.0,35560fcc-9584-4a0f-aabc-17ace108060d,3dc36bea-7d13-4359-811d-03ee302a97ed,Stemmen - verworpen,0,39.0,13,3,12,0,afternoon,-0.2588190451025208,-0.9659258262890684,106,26,"Maar voordat we gaan stemmen, geef ik eerst even het woord aan mevrouw Kröger en dan aan de heer Eerdmans.",-2.4492935982947064e-16,1.0,0.4338837391175582,-0.900968867902419,0,1,0,0,0,2022,12,3.688879454113936,4.672828834461906,0,1827,7.510977752014095,D66,False,False,True,False,False,False,False,False,False,False,False,2,0,0,0.0,test,-0.9924,negative,0.0038,0.9962,1,0,1,1,0,1
005aabd7-692d-4661-8e06-cf05862aea17,ead24cc5-c192-4f15-a678-71e5415223ed,"39e vergadering, donderdag 22 december 2022",2022-12-22,7c4d3a9e-9bb2-47bf-bd7a-d785cb949ef9,Regeling van werkzaamheden,Regeling van werkzaamheden (stemmingen),Regeling van werkzaamheden (stemmingen),d18edd5c-8b54-4e64-9c56-f8cdc24c8143,Bergkamp,D66,lid Tweede Kamer,2022-12-22 13:04:51,2022-12-22 13:05:30,1,"Maar voordat we gaan stemmen, geef ik eerst even het woord aan mevrouw Kröger en dan aan de heer Eerdmans.",verslagen_xml\b433c19a-d812-45df-8075-07b5b911714a.xml,2022-12-22,8d33c9b6-bea7-4a99-8fd0-23f173e9709d,Stemmingen,STEMMINGEN  (over alle onderwerpen tot en met 21 december 2022),2022-12-22 12:00:00,2022-12-22 12:00:00,2022-12-22 13:10:00,Uitgevoerd,2022-2023,Tweede Kamer,3891.0,35560fcc-9584-4a0f-aabc-17ace108060d,1d37670c-4760-4061-9cc8-08d305071dc4,Stemmen - verworpen,0,39.0,13,3,12,0,afternoon,-0.2588190451025208,-0.9659258262890684,106,26,"Maar voordat we gaan stemmen, geef ik eerst even het woord aan mevrouw Kröger en dan aan de heer Eerdmans.",-2.4492935982947064e-16,1.0,0.4338837391175582,-0.900968867902419,0,1,0,0,0,2022,12,3.688879454113936,4.672828834461906,0,1827,7.510977752014095,D66,False,False,True,False,False,False,False,False,False,False,False,2,0,0,0.0,test,-0.9924,negative,0.0038,0.9962,1,0,1,1,0,1
005aabd7-692d-4661-8e06-cf05862aea17,ead24cc5-c192-4f15-a678-71e5415223ed,"39e vergadering, donderdag 22 december 2022",2022-12-22,7c4d3a9e-9bb2-47bf-bd7a-d785cb949ef9,Regeling van werkzaamheden,Regeling van werkzaamheden (stemmingen),Regeling van werkzaamheden (stemmingen),d18edd5c-8b54-4e64-9c56-f8cdc24c8143,Bergkamp,D66,lid Tweede Kamer,2022-12-22 13:04:51,2022-12-22 13:05:30,1,"Maar voordat we gaan stemmen, geef ik eerst even het woord aan mevrouw Kröger en dan aan de heer Eerdmans.",verslagen_xml\b433c19a-d812-45df-8075-07b5b911714a.xml,2022-12-22,8d33c9b6-bea7-4a99-8fd0-23f173e9709d,Stemmingen,STEMMINGEN  (over alle onderwerpen tot en met 21 december 2022),2022-12-22 12:00:00,2022-12-22 12:00:00,2022-12-22 13:10:00,Uitgevoerd,2022-2023,Tweede Kamer,3891.0,35560fcc-9584-4a0f-aabc-17ace108060d,76bd8a6d-59b9-4656-9a89-519af6d6da1a,Stemmen - aangenomen,1,39.0,13,3,12,0,afternoon,-0.2588190451025208,-0.9659258262890684,106,26,"Maar voordat we gaan stemmen, geef ik eerst even het woord aan mevrouw Kröger en dan aan de heer Eerdmans.",-2.4492935982947064e-16,1.0,0.4338837391175582,-0.900968867902419,0,1,0,0,0,2022,12,3.688879454113936,4.672828834461906,0,1827,7.510977752014095,D66,False,False,True,False,False,False,False,False,False,False,False,2,0,0,0.0,test,-0.9924,negative,0.0038,0.9962,1,0,1,1,0,1
005aabd7-692d-4661-8e06-cf05862aea17,ead24cc5-c192-4f15-a678-71e5415223ed,"39e vergadering, donderdag 22 december 2022",2022-12-22,7c4d3a9e-9bb2-47bf-bd7a-d785cb949ef9,Regeling van werkzaamheden,Regeling van werkzaamheden (stemmingen),Regeling van werkzaamheden (stemmingen),d18edd5c-8b54-4e64-9c56-f8cdc24c8143,Bergkamp,D66,lid Tweede Kamer,2022-12-22 13:04:51,2022-12-22 13:05:30,1,"Maar voordat we gaan stemmen, geef ik eerst even het woord aan mevrouw Kröger en dan aan de heer Eerdmans.",verslagen_xml\b433c19a-d812-45df-8075-07b5b911714a.xml,2022-12-22,8d33c9b6-bea7-4a99-8fd0-23f173e9709d,Stemmingen,STEMMINGEN  (over alle onderwerpen tot en met 21 december 2022),2022-12-22 12:00:00,2022-12-22 12:00:00,2022-12-22 13:10:00,Uitgevoerd,2022-2023,Tweede Kamer,3891.0,35560fcc-9584-4a0f-aabc-17ace108060d,29a9f705-f438-476e-9bc2-68610082838d,Stemmen - aangenomen,1,39.0,13,3,12,0,afternoon,-0.2588190451025208,-0.9659258262890684,106,26,"Maar voordat we gaan stemmen, geef ik eerst even het woord aan mevrouw Kröger en dan aan de heer Eerdmans.",-2.4492935982947064e-16,1.0,0.4338837391175582,-0.900968867902419,0,1,0,0,0,2022,12,3.688879454113936,4.672828834461906,0,1827,7.510977752014095,D66,False,False,True,False,False,False,False,False,False,False,False,2,0,0,0.0,test,-0.9924,negative,0.0038,0.9962,1,0,1,1,0,1
005aabd7-692d-4661-8e06-cf05862aea17,ead24cc5-c192-4f15-a678-71e5415223ed,"39e vergadering, donderdag 22 december 2022",2022-12-22,7c4d3a9e-9bb2-47bf-bd7a-d785cb949ef9,Regeling van werkzaamheden,Regeling van werkzaamheden (stemmingen),Regeling van werkzaamheden (stemmingen),d18edd5c-8b54-4e64-9c56-f8cdc24c8143,Bergkamp,D66,lid Tweede Kamer,2022-12-22 13:04:51,2022-12-22 13:05:30,1,"Maar voordat we gaan stemmen, geef ik eerst even het woord aan mevrouw Kröger en dan aan de heer Eerdmans.",verslagen_xml\b433c19a-d812-45df-8075-07b5b911714a.xml,2022-12-22,8d33c9b6-bea7-4a99-8fd0-23f173e9709d,Stemmingen,STEMMINGEN  (over alle onderwerpen tot en met 21 december 2022),2022-12-22 12:00:00,2022-12-22 12:00:00,2022-12-22 13:10:00,Uitgevoerd,2022-2023,Tweede Kamer,3891.0,35560fcc-9584-4a0f-aabc-17ace108060d,243f2692-b239-416c-ad39-cadb8d541151,Stemmen - aangenomen,1,39.0,13,3,12,0,afternoon,-0.2588190451025208,-0.9659258262890684,106,26,"Maar voordat we gaan stemmen, geef ik eerst even het woord aan mevrouw Kröger en dan aan de heer Eerdmans.",-2.4492935982947064e-16,1.0,0.4338837391175582,-0.900968867902419,0,1,0,0,0,2022,12,3.688879454113936,4.672828834461906,0,1827,7.510977752014095,D66,False,False,True,False,False,False,False,False,False,False,False,2,0,0,0.0,test,-0.9924,negative,0.0038,0.9962,1,0,1,1,0,1
005aabd7-692d-4661-8e06-cf05862aea17,ead24cc5-c192-4f15-a678-71e5415223ed,"39e vergadering, donderdag 22 december 2022",2022-12-22,7c4d3a9e-9bb2-47bf-bd7a-d785cb949ef9,Regeling van werkzaamheden,Regeling van werkzaamheden (stemmingen),Regeling van werkzaamheden (stemmingen),d18edd5c-8b54-4e64-9c56-f8cdc24c8143,Bergkamp,D66,lid Tweede Kamer,2022-12-22 13:04:51,2022-12-22 13:05:30,1,"Maar voordat we gaan stemmen, geef ik eerst even het woord aan mevrouw Kröger en dan aan de heer Eerdmans.",verslagen_xml\b433c19a-d812-45df-8075-07b5b911714a.xml,2022-12-22,8d33c9b6-bea7-4a99-8fd0-23f173e9709d,Stemmingen,STEMMINGEN  (over alle onderwerpen tot en met 21 december 2022),2022-12-22 12:00:00,2022-12-22 12:00:00,2022-12-22 13:10:00,Uitgevoerd,2022-2023,Tweede Kamer,3891.0,35560fcc-9584-4a0f-aabc-17ace108060d,f9b03637-024e-4077-baac-eeeba1edcf64,Stemmen - verworpen,0,39.0,13,3,12,0,afternoon,-0.2588190451025208,-0.9659258262890684,106,26,"Maar voordat we gaan stemmen, geef ik eerst even het woord aan mevrouw Kröger en dan aan de heer Eerdmans.",-2.4492935982947064e-16,1.0,0.4338837391175582,-0.900968867902419,0,1,0,0,0,2022,12,3.688879454113936,4.672828834461906,0,1827,7.510977752014095,D66,False,False,True,False,False,False,False,False,False,False,False,2,0,0,0.0,test,-0.9924,negative,0.0038,0.9962,1,0,1,1,0,1
005aabd7-692d-4661-8e06-cf05862aea17,ead24cc5-c192-4f15-a678-71e5415223ed,"39e vergadering, donderdag 22 december 2022",2022-12-22,7c4d3a9e-9bb2-47bf-bd7a-d785cb949ef9,Regeling van werkzaamheden,Regeling van werkzaamheden (stemmingen),Regeling van werkzaamheden (stemmingen),d18edd5c-8b54-4e64-9c56-f8cdc24c8143,Bergkamp,D66,lid Tweede Kamer,2022-12-22 13:04:51,2022-12-22 13:05:30,1,"Maar voordat we gaan stemmen, geef ik eerst even het woord aan mevrouw Kröger en dan aan de heer Eerdmans.",verslagen_xml\b433c19a-d812-45df-8075-07b5b911714a.xml,2022-12-22,8d33c9b6-bea7-4a99-8fd0-23f173e9709d,Stemmingen,STEMMINGEN  (over alle onderwerpen tot en met 21 december 2022),2022-12-22 12:00:00,2022-12-22 12:00:00,2022-12-22 13:10:00,Uitgevoerd,2022-2023,Tweede Kamer,3891.0,5c190283-919a-4428-a70c-1c150f798414,39e02efc-c690-4bc3-bd8a-554d775306cc,Stemmen - verworpen,0,39.0,13,3,12,0,afternoon,-0.2588190451025208,-0.9659258262890684,106,26,"Maar voordat we gaan stemmen, geef ik eerst even het woord aan mevrouw Kröger en dan aan de heer Eerdmans.",-2.4492935982947064e-16,1.0,0.4338837391175582,-0.900968867902419,0,1,0,0,0,2022,12,3.688879454113936,4.672828834461906,0,1827,7.510977752014095,D66,False,False,True,False,False,False,False,False,False,False,False,2,0,0,0.0,test,-0.9924,negative,0.0038,0.9962,1,0,1,1,0,1
005aabd7-692d-4661-8e06-cf05862aea17,ead24cc5-c192-4f15-a678-71e5415223ed,"39e vergadering, donderdag 22 december 2022",2022-12-22,7c4d3a9e-9bb2-47bf-bd7a-d785cb949ef9,Regeling van werkzaamheden,Regeling van werkzaamheden (stemmingen),Regeling van werkzaamheden (stemmingen),d18edd5c-8b54-4e64-9c56-f8cdc24c8143,Bergkamp,D66,lid Tweede Kamer,2022-12-22 13:04:51,2022-12-22 13:05:30,1,"Maar voordat we gaan stemmen, geef ik eerst even het woord aan mevrouw Kröger en dan aan de heer Eerdmans.",verslagen_xml\b433c19a-d812-45df-8075-07b5b911714a.xml,2022-12-22,8d33c9b6-bea7-4a99-8fd0-23f173e9709d,Stemmingen,STEMMINGEN  (over alle onderwerpen tot en met 21 december 2022),2022-12-22 12:00:00,2022-12-22 12:00:00,2022-12-22 13:10:00,Uitgevoerd,2022-2023,Tweede Kamer,3891.0,5c190283-919a-4428-a70c-1c150f798414,fcdd653a-7789-46ba-90e3-6660d4305394,Stemmen - aangenomen,1,39.0,13,3,12,0,afternoon,-0.2588190451025208,-0.9659258262890684,106,26,"Maar voordat we gaan stemmen, geef ik eerst even het woord aan mevrouw Kröger en dan aan de heer Eerdmans.",-2.4492935982947064e-16,1.0,0.4338837391175582,-0.900968867902419,0,1,0,0,0,2022,12,3.688879454113936,4.672828834461906,0,1827,7.510977752014095,D66,False,False,True,False,False,False,False,False,False,False,False,2,0,0,0.0,test,-0.9924,negative,0.0038,0.9962,1,0,1,1,0,1
005aabd7-692d-4661-8e06-cf05862aea17,ead24cc5-c192-4f15-a678-71e5415223ed,"39e vergadering, donderdag 22 december 2022",2022-12-22,7c4d3a9e-9bb2-47bf-bd7a-d785cb949ef9,Regeling van werkzaamheden,Regeling van werkzaamheden (stemmingen),Regeling van werkzaamheden (stemmingen),d18edd5c-8b54-4e64-9c56-f8cdc24c8143,Bergkamp,D66,lid Tweede Kamer,2022-12-22 13:04:51,2022-12-22 13:05:30,1,"Maar voordat we gaan stemmen, geef ik eerst even het woord aan mevrouw Kröger en dan aan de heer Eerdmans.",verslagen_xml\b433c19a-d812-45df-8075-07b5b911714a.xml,2022-12-22,8d33c9b6-bea7-4a99-8fd0-23f173e9709d,Stemmingen,STEMMINGEN  (over alle onderwerpen tot en met 21 december 2022),2022-12-22 12:00:00,2022-12-22 12:00:00,2022-12-22 13:10:00,Uitgevoerd,2022-2023,Tweede Kamer,3891.0,5c190283-919a-4428-a70c-1c150f798414,3b4a2287-1f0c-447e-87a4-684c7551deb1,Stemmen - verworpen,0,39.0,13,3,12,0,afternoon,-0.2588190451025208,-0.9659258262890684,106,26,"Maar voordat we gaan stemmen, geef ik eerst even het woord aan mevrouw Kröger en dan aan de heer Eerdmans.",-2.4492935982947064e-16,1.0,0.4338837391175582,-0.900968867902419,0,1,0,0,0,2022,12,3.688879454113936,4.672828834461906,0,1827,7.510977752014095,D66,False,False,True,False,False,False,False,False,False,False,False,2,0,0,0.0,test,-0.9924,negative,0.0038,0.9962,1,0,1,1,0,1
005aabd7-692d-4661-8e06-cf05862aea17,ead24cc5-c192-4f15-a678-71e5415223ed,"39e vergadering, donderdag 22 december 2022",2022-12-22,7c4d3a9e-9bb2-47bf-bd7a-d785cb949ef9,Regeling van werkzaamheden,Regeling van werkzaamheden (stemmingen),Regeling van werkzaamheden (stemmingen),d18edd5c-8b54-4e64-9c56-f8cdc24c8143,Bergkamp,D66,lid Tweede Kamer,2022-12-22 13:04:51,2022-12-22 13:05:30,1,"Maar voordat we gaan stemmen, geef ik eerst even het woord aan mevrouw Kröger en dan aan de heer Eerdmans.",verslagen_xml\b433c19a-d812-45df-8075-07b5b911714a.xml,2022-12-22,8d33c9b6-bea7-4a99-8fd0-23f173e9709d,Stemmingen,STEMMINGEN  (over alle onderwerpen tot en met 21 december 2022),2022-12-22 12:00:00,2022-12-22 12:00:00,2022-12-22 13:10:00,Uitgevoerd,2022-2023,Tweede Kamer,3891.0,5c190283-919a-4428-a70c-1c150f798414,d0ae7372-3b83-472d-9011-6ad6d98e63b0,Stemmen - aangenomen,1,39.0,13,3,12,0,afternoon,-0.2588190451025208,-0.9659258262890684,106,26,"Maar voordat we gaan stemmen, geef ik eerst even het woord aan mevrouw Kröger en dan aan de heer Eerdmans.",-2.4492935982947064e-16,1.0,0.4338837391175582,-0.900968867902419,0,1,0,0,0,2022,12,3.688879454113936,4.672828834461906,0,1827,7.510977752014095,D66,False,False,True,False,False,False,False,False,False,False,False,2,0,0,0.0,test,-0.9924,negative,0.0038,0.9962,1,0,1,1,0,1
005aabd7-692d-4661-8e06-cf05862aea17,ead24cc5-c192-4f15-a678-71e5415223ed,"39e vergadering, donderdag 22 december 2022",2022-12-22,7c4d3a9e-9bb2-47bf-bd7a-d785cb949ef9,Regeling van werkzaamheden,Regeling van werkzaamheden (stemmingen),Regeling van werkzaamheden (stemmingen),d18edd5c-8b54-4e64-9c56-f8cdc24c8143,Bergkamp,D66,lid Tweede Kamer,2022-12-22 13:04:51,2022-12-22 13:05:30,1,"Maar voordat we gaan stemmen, geef ik eerst even het woord aan mevrouw Kröger en dan aan de heer Eerdmans.",verslagen_xml\b433c19a-d812-45df-8075-07b5b911714a.xml,2022-12-22,8d33c9b6-bea7-4a99-8fd0-23f173e9709d,Stemmingen,STEMMINGEN  (over alle onderwerpen tot en met 21 december 2022),2022-12-22 12:00:00,2022-12-22 12:00:00,2022-12-22 13:10:00,Uitgevoerd,2022-2023,Tweede Kamer,3891.0,5c190283-919a-4428-a70c-1c150f798414,4bf9ba09-eccf-416a-b8fc-bfb1efab53e0,Stemmen - verworpen,0,39.0,13,3,12,0,afternoon,-0.2588190451025208,-0.9659258262890684,106,26,"Maar voordat we gaan stemmen, geef ik eerst even het woord aan mevrouw Kröger en dan aan de heer Eerdmans.",-2.4492935982947064e-16,1.0,0.4338837391175582,-0.900968867902419,0,1,0,0,0,2022,12,3.688879454113936,4.672828834461906,0,1827,7.510977752014095,D66,False,False,True,False,False,False,False,False,False,False,False,2,0,0,0.0,test,-0.9924,negative,0.0038,0.9962,1,0,1,1,0,1
005aabd7-692d-4661-8e06-cf05862aea17,ead24cc5-c192-4f15-a678-71e5415223ed,"39e vergadering, donderdag 22 december 2022",2022-12-22,7c4d3a9e-9bb2-47bf-bd7a-d785cb949ef9,Regeling van werkzaamheden,Regeling van werkzaamheden (stemmingen),Regeling van werkzaamheden (stemmingen),d18edd5c-8b54-4e64-9c56-f8cdc24c8143,Bergkamp,D66,lid Tweede Kamer,2022-12-22 13:04:51,2022-12-22 13:05:30,1,"Maar voordat we gaan stemmen, geef ik eerst even het woord aan mevrouw Kröger en dan aan de heer Eerdmans.",verslagen_xml\b433c19a-d812-45df-8075-07b5b911714a.xml,2022-12-22,8d33c9b6-bea7-4a99-8fd0-23f173e9709d,Stemmingen,STEMMINGEN  (over alle onderwerpen tot en met 21 december 2022),2022-12-22 12:00:00,2022-12-22 12:00:00,2022-12-22 13:10:00,Uitgevoerd,2022-2023,Tweede Kamer,3891.0,5c190283-919a-4428-a70c-1c150f798414,25bfc217-a3da-4d19-8e58-d3351da7e266,Stemmen - aangenomen,1,39.0,13,3,12,0,afternoon,-0.2588190451025208,-0.9659258262890684,106,26,"Maar voordat we gaan stemmen, geef ik eerst even het woord aan mevrouw Kröger en dan aan de heer Eerdmans.",-2.4492935982947064e-16,1.0,0.4338837391175582,-0.900968867902419,0,1,0,0,0,2022,12,3.688879454113936,4.672828834461906,0,1827,7.510977752014095,D66,False,False,True,False,False,False,False,False,False,False,False,2,0,0,0.0,test,-0.9924,negative,0.0038,0.9962,1,0,1,1,0,1
005aabd7-692d-4661-8e06-cf05862aea17,ead24cc5-c192-4f15-a678-71e5415223ed,"39e vergadering, donderdag 22 december 2022",2022-12-22,7c4d3a9e-9bb2-47bf-bd7a-d785cb949ef9,Regeling van werkzaamheden,Regeling van werkzaamheden (stemmingen),Regeling van werkzaamheden (stemmingen),d18edd5c-8b54-4e64-9c56-f8cdc24c8143,Bergkamp,D66,lid Tweede Kamer,2022-12-22 13:04:51,2022-12-22 13:05:30,1,"Maar voordat we gaan stemmen, geef ik eerst even het woord aan mevrouw Kröger en dan aan de heer Eerdmans.",verslagen_xml\b433c19a-d812-45df-8075-07b5b911714a.xml,2022-12-22,8d33c9b6-bea7-4a99-8fd0-23f173e9709d,Stemmingen,STEMMINGEN  (over alle onderwerpen tot en met 21 december 2022),2022-12-22 12:00:00,2022-12-22 12:00:00,2022-12-22 13:10:00,Uitgevoerd,2022-2023,Tweede Kamer,3891.0,f962ca8a-90ac-4e8f-bb67-2450fb6a5a52,2dc4e2fd-1b25-4cf0-9553-c34ab4781489,Stemmen - verworpen,0,39.0,13,3,12,0,afternoon,-0.2588190451025208,-0.9659258262890684,106,26,"Maar voordat we gaan stemmen, geef ik eerst even het woord aan mevrouw Kröger en dan aan de heer Eerdmans.",-2.4492935982947064e-16,1.0,0.4338837391175582,-0.900968867902419,0,1,0,0,0,2022,12,3.688879454113936,4.672828834461906,0,1827,7.510977752014095,D66,False,False,True,False,False,False,False,False,False,False,False,2,0,0,0.0,test,-0.9924,negative,0.0038,0.9962,1,0,1,1,0,1
005aabd7-692d-4661-8e06-cf05862aea17,ead24cc5-c192-4f15-a678-71e5415223ed,"39e vergadering, donderdag 22 december 2022",2022-12-22,7c4d3a9e-9bb2-47bf-bd7a-d785cb949ef9,Regeling van werkzaamheden,Regeling van werkzaamheden (stemmingen),Regeling van werkzaamheden (stemmingen),d18edd5c-8b54-4e64-9c56-f8cdc24c8143,Bergkamp,D66,lid Tweede Kamer,2022-12-22 13:04:51,2022-12-22 13:05:30,1,"Maar voordat we gaan stemmen, geef ik eerst even het woord aan mevrouw Kröger en dan aan de heer Eerdmans.",verslagen_xml\b433c19a-d812-45df-8075-07b5b911714a.xml,2022-12-22,8d33c9b6-bea7-4a99-8fd0-23f173e9709d,Stemmingen,STEMMINGEN  (over alle onderwerpen tot en met 21 december 2022),2022-12-22 12:00:00,2022-12-22 12:00:00,2022-12-22 13:10:00,Uitgevoerd,2022-2023,Tweede Kamer,3891.0,e7bf7656-92eb-45be-b6c2-39706c0ec70e,e02c3e53-00d5-4bda-ba37-258c25627860,Stemmen - aangenomen,1,39.0,13,3,12,0,afternoon,-0.2588190451025208,-0.9659258262890684,106,26,"Maar voordat we gaan stemmen, geef ik eerst even het woord aan mevrouw Kröger en dan aan de heer Eerdmans.",-2.4492935982947064e-16,1.0,0.4338837391175582,-0.900968867902419,0,1,0,0,0,2022,12,3.688879454113936,4.672828834461906,0,1827,7.510977752014095,D66,False,False,True,False,False,False,False,False,False,False,False,2,0,0,0.0,test,-0.9924,negative,0.0038,0.9962,1,0,1,1,0,1
005aabd7-692d-4661-8e06-cf05862aea17,ead24cc5-c192-4f15-a678-71e5415223ed,"39e vergadering, donderdag 22 december 2022",2022-12-22,7c4d3a9e-9bb2-47bf-bd7a-d785cb949ef9,Regeling van werkzaamheden,Regeling van werkzaamheden (stemmingen),Regeling van werkzaamheden (stemmingen),d18edd5c-8b54-4e64-9c56-f8cdc24c8143,Bergkamp,D66,lid Tweede Kamer,2022-12-22 13:04:51,2022-12-22 13:05:30,1,"Maar voordat we gaan stemmen, geef ik eerst even het woord aan mevrouw Kröger en dan aan de heer Eerdmans.",verslagen_xml\b433c19a-d812-45df-8075-07b5b911714a.xml,2022-12-22,8d33c9b6-bea7-4a99-8fd0-23f173e9709d,Stemmingen,STEMMINGEN  (over alle onderwerpen tot en met 21 december 2022),2022-12-22 12:00:00,2022-12-22 12:00:00,2022-12-22 13:10:00,Uitgevoerd,2022-2023,Tweede Kamer,3891.0,16fa6434-dccd-43d2-b0cd-3b8d994f5020,1478e517-20a4-4daf-b5c4-1dfb7f817c6a,Stemmen - aangenomen,1,39.0,13,3,12,0,afternoon,-0.2588190451025208,-0.9659258262890684,106,26,"Maar voordat we gaan stemmen, geef ik eerst even het woord aan mevrouw Kröger en dan aan de heer Eerdmans.",-2.4492935982947064e-16,1.0,0.4338837391175582,-0.900968867902419,0,1,0,0,0,2022,12,3.688879454113936,4.672828834461906,0,1827,7.510977752014095,D66,False,False,True,False,False,False,False,False,False,False,False,2,0,0,0.0,test,-0.9924,negative,0.0038,0.9962,1,0,1,1,0,1
005aabd7-692d-4661-8e06-cf05862aea17,ead24cc5-c192-4f15-a678-71e5415223ed,"39e vergadering, donderdag 22 december 2022",2022-12-22,7c4d3a9e-9bb2-47bf-bd7a-d785cb949ef9,Regeling van werkzaamheden,Regeling van werkzaamheden (stemmingen),Regeling van werkzaamheden (stemmingen),d18edd5c-8b54-4e64-9c56-f8cdc24c8143,Bergkamp,D66,lid Tweede Kamer,2022-12-22 13:04:51,2022-12-22 13:05:30,1,"Maar voordat we gaan stemmen, geef ik eerst even het woord aan mevrouw Kröger en dan aan de heer Eerdmans.",verslagen_xml\b433c19a-d812-45df-8075-07b5b911714a.xml,2022-12-22,8d33c9b6-bea7-4a99-8fd0-23f173e9709d,Stemmingen,STEMMINGEN  (over alle onderwerpen tot en met 21 december 2022),2022-12-22 12:00:00,2022-12-22 12:00:00,2022-12-22 13:10:00,Uitgevoerd,2022-2023,Tweede Kamer,3891.0,16fa6434-dccd-43d2-b0cd-3b8d994f5020,d36e22be-e55f-4a80-a2a9-6cdf14c85ba9,Stemmen - verworpen,0,39.0,13,3,12,0,afternoon,-0.2588190451025208,-0.9659258262890684,106,26,"Maar voordat we gaan stemmen, geef ik eerst even het woord aan mevrouw Kröger en dan aan de heer Eerdmans.",-2.4492935982947064e-16,1.0,0.4338837391175582,-0.900968867902419,0,1,0,0,0,2022,12,3.688879454113936,4.672828834461906,0,1827,7.510977752014095,D66,False,False,True,False,False,False,False,False,False,False,False,2,0,0,0.0,test,-0.9924,negative,0.0038,0.9962,1,0,1,1,0,1
005aabd7-692d-4661-8e06-cf05862aea17,ead24cc5-c192-4f15-a678-71e5415223ed,"39e vergadering, donderdag 22 december 2022",2022-12-22,7c4d3a9e-9bb2-47bf-bd7a-d785cb949ef9,Regeling van werkzaamheden,Regeling van werkzaamheden (stemmingen),Regeling van werkzaamheden (stemmingen),d18edd5c-8b54-4e64-9c56-f8cdc24c8143,Bergkamp,D66,lid Tweede Kamer,2022-12-22 13:04:51,2022-12-22 13:05:30,1,"Maar voordat we gaan stemmen, geef ik eerst even het woord aan mevrouw Kröger en dan aan de heer Eerdmans.",verslagen_xml\b433c19a-d812-45df-8075-07b5b911714a.xml,2022-12-22,8d33c9b6-bea7-4a99-8fd0-23f173e9709d,Stemmingen,STEMMINGEN  (over alle onderwerpen tot en met 21 december 2022),2022-12-22 12:00:00,2022-12-22 12:00:00,2022-12-22 13:10:00,Uitgevoerd,2022-2023,Tweede Kamer,3891.0,16fa6434-dccd-43d2-b0cd-3b8d994f5020,be3950f4-3200-4827-a8ad-e437824221c1,Stemmen - verworpen,0,39.0,13,3,12,0,afternoon,-0.2588190451025208,-0.9659258262890684,106,26,"Maar voordat we gaan stemmen, geef ik eerst even het woord aan mevrouw Kröger en dan aan de heer Eerdmans.",-2.4492935982947064e-16,1.0,0.4338837391175582,-0.900968867902419,0,1,0,0,0,2022,12,3.688879454113936,4.672828834461906,0,1827,7.510977752014095,D66,False,False,True,False,False,False,False,False,False,False,False,2,0,0,0.0,test,-0.9924,negative,0.0038,0.9962,1,0,1,1,0,1
005aabd7-692d-4661-8e06-cf05862aea17,ead24cc5-c192-4f15-a678-71e5415223ed,"39e vergadering, donderdag 22 december 2022",2022-12-22,7c4d3a9e-9bb2-47bf-bd7a-d785cb949ef9,Regeling van werkzaamheden,Regeling van werkzaamheden (stemmingen),Regeling van werkzaamheden (stemmingen),d18edd5c-8b54-4e64-9c56-f8cdc24c8143,Bergkamp,D66,lid Tweede Kamer,2022-12-22 13:04:51,2022-12-22 13:05:30,1,"Maar voordat we gaan stemmen, geef ik eerst even het woord aan mevrouw Kröger en dan aan de heer Eerdmans.",verslagen_xml\b433c19a-d812-45df-8075-07b5b911714a.xml,2022-12-22,8d33c9b6-bea7-4a99-8fd0-23f173e9709d,Stemmingen,STEMMINGEN  (over alle onderwerpen tot en met 21 december 2022),2022-12-22 12:00:00,2022-12-22 12:00:00,2022-12-22 13:10:00,Uitgevoerd,2022-2023,Tweede Kamer,3891.0,b05eab9c-6d04-4911-89be-414754f29f08,c255a676-a5a5-473f-8321-8d2179b50471,Stemmen - aangenomen,1,39.0,13,3,12,0,afternoon,-0.2588190451025208,-0.9659258262890684,106,26,"Maar voordat we gaan stemmen, geef ik eerst even het woord aan mevrouw Kröger en dan aan de heer Eerdmans.",-2.4492935982947064e-16,1.0,0.4338837391175582,-0.900968867902419,0,1,0,0,0,2022,12,3.688879454113936,4.672828834461906,0,1827,7.510977752014095,D66,False,False,True,False,False,False,False,False,False,False,False,2,0,0,0.0,test,-0.9924,negative,0.0038,0.9962,1,0,1,1,0,1
005aabd7-692d-4661-8e06-cf05862aea17,ead24cc5-c192-4f15-a678-71e5415223ed,"39e vergadering, donderdag 22 december 2022",2022-12-22,7c4d3a9e-9bb2-47bf-bd7a-d785cb949ef9,Regeling van werkzaamheden,Regeling van werkzaamheden (stemmingen),Regeling van werkzaamheden (stemmingen),d18edd5c-8b54-4e64-9c56-f8cdc24c8143,Bergkamp,D66,lid Tweede Kamer,2022-12-22 13:04:51,2022-12-22 13:05:30,1,"Maar voordat we gaan stemmen, geef ik eerst even het woord aan mevrouw Kröger en dan aan de heer Eerdmans.",verslagen_xml\b433c19a-d812-45df-8075-07b5b911714a.xml,2022-12-22,8d33c9b6-bea7-4a99-8fd0-23f173e9709d,Stemmingen,STEMMINGEN  (over alle onderwerpen tot en met 21 december 2022),2022-12-22 12:00:00,2022-12-22 12:00:00,2022-12-22 13:10:00,Uitgevoerd,2022-2023,Tweede Kamer,3891.0,0d715c15-a384-4e45-90fe-41550d1f2646,04929dd4-801a-49ef-9e5f-03b7cd384a4d,Stemmen - aangenomen,1,39.0,13,3,12,0,afternoon,-0.2588190451025208,-0.9659258262890684,106,26,"Maar voordat we gaan stemmen, geef ik eerst even het woord aan mevrouw Kröger en dan aan de heer Eerdmans.",-2.4492935982947064e-16,1.0,0.4338837391175582,-0.900968867902419,0,1,0,0,0,2022,12,3.688879454113936,4.672828834461906,0,1827,7.510977752014095,D66,False,False,True,False,False,False,False,False,False,False,False,2,0,0,0.0,test,-0.9924,negative,0.0038,0.9962,1,0,1,1,0,1
005aabd7-692d-4661-8e06-cf05862aea17,ead24cc5-c192-4f15-a678-71e5415223ed,"39e vergadering, donderdag 22 december 2022",2022-12-22,7c4d3a9e-9bb2-47bf-bd7a-d785cb949ef9,Regeling van werkzaamheden,Regeling van werkzaamheden (stemmingen),Regeling van werkzaamheden (stemmingen),d18edd5c-8b54-4e64-9c56-f8cdc24c8143,Bergkamp,D66,lid Tweede Kamer,2022-12-22 13:04:51,2022-12-22 13:05:30,1,"Maar voordat we gaan stemmen, geef ik eerst even het woord aan mevrouw Kröger en dan aan de heer Eerdmans.",verslagen_xml\b433c19a-d812-45df-8075-07b5b911714a.xml,2022-12-22,8d33c9b6-bea7-4a99-8fd0-23f173e9709d,Stemmingen,STEMMINGEN  (over alle onderwerpen tot en met 21 december 2022),2022-12-22 12:00:00,2022-12-22 12:00:00,2022-12-22 13:10:00,Uitgevoerd,2022-2023,Tweede Kamer,3891.0,0d715c15-a384-4e45-90fe-41550d1f2646,e86cf497-51ed-40ba-bf9a-076718fa771d,Stemmen - verworpen,0,39.0,13,3,12,0,afternoon,-0.2588190451025208,-0.9659258262890684,106,26,"Maar voordat we gaan stemmen, geef ik eerst even het woord aan mevrouw Kröger en dan aan de heer Eerdmans.",-2.4492935982947064e-16,1.0,0.4338837391175582,-0.900968867902419,0,1,0,0,0,2022,12,3.688879454113936,4.672828834461906,0,1827,7.510977752014095,D66,False,False,True,False,False,False,False,False,False,False,False,2,0,0,0.0,test,-0.9924,negative,0.0038,0.9962,1,0,1,1,0,1
005aabd7-692d-4661-8e06-cf05862aea17,ead24cc5-c192-4f15-a678-71e5415223ed,"39e vergadering, donderdag 22 december 2022",2022-12-22,7c4d3a9e-9bb2-47bf-bd7a-d785cb949ef9,Regeling van werkzaamheden,Regeling van werkzaamheden (stemmingen),Regeling van werkzaamheden (stemmingen),d18edd5c-8b54-4e64-9c56-f8cdc24c8143,Bergkamp,D66,lid Tweede Kamer,2022-12-22 13:04:51,2022-12-22 13:05:30,1,"Maar voordat we gaan stemmen, geef ik eerst even het woord aan mevrouw Kröger en dan aan de heer Eerdmans.",verslagen_xml\b433c19a-d812-45df-8075-07b5b911714a.xml,2022-12-22,8d33c9b6-bea7-4a99-8fd0-23f173e9709d,Stemmingen,STEMMINGEN  (over alle onderwerpen tot en met 21 december 2022),2022-12-22 12:00:00,2022-12-22 12:00:00,2022-12-22 13:10:00,Uitgevoerd,2022-2023,Tweede Kamer,3891.0,0d715c15-a384-4e45-90fe-41550d1f2646,773fd952-9ec8-4a52-96c1-0c6ea1ec8f48,Stemmen - verworpen,0,39.0,13,3,12,0,afternoon,-0.2588190451025208,-0.9659258262890684,106,26,"Maar voordat we gaan stemmen, geef ik eerst even het woord aan mevrouw Kröger en dan aan de heer Eerdmans.",-2.4492935982947064e-16,1.0,0.4338837391175582,-0.900968867902419,0,1,0,0,0,2022,12,3.688879454113936,4.672828834461906,0,1827,7.510977752014095,D66,False,False,True,False,False,False,False,False,False,False,False,2,0,0,0.0,test,-0.9924,negative,0.0038,0.9962,1,0,1,1,0,1
005aabd7-692d-4661-8e06-cf05862aea17,ead24cc5-c192-4f15-a678-71e5415223ed,"39e vergadering, donderdag 22 december 2022",2022-12-22,7c4d3a9e-9bb2-47bf-bd7a-d785cb949ef9,Regeling van werkzaamheden,Regeling van werkzaamheden (stemmingen),Regeling van werkzaamheden (stemmingen),d18edd5c-8b54-4e64-9c56-f8cdc24c8143,Bergkamp,D66,lid Tweede Kamer,2022-12-22 13:04:51,2022-12-22 13:05:30,1,"Maar voordat we gaan stemmen, geef ik eerst even het woord aan mevrouw Kröger en dan aan de heer Eerdmans.",verslagen_xml\b433c19a-d812-45df-8075-07b5b911714a.xml,2022-12-22,8d33c9b6-bea7-4a99-8fd0-23f173e9709d,Stemmingen,STEMMINGEN  (over alle onderwerpen tot en met 21 december 2022),2022-12-22 12:00:00,2022-12-22 12:00:00,2022-12-22 13:10:00,Uitgevoerd,2022-2023,Tweede Kamer,3891.0,0d715c15-a384-4e45-90fe-41550d1f2646,54aaffd1-1b67-4ed6-9735-39bc129d6e84,Stemmen - verworpen,0,39.0,13,3,12,0,afternoon,-0.2588190451025208,-0.9659258262890684,106,26,"Maar voordat we gaan stemmen, geef ik eerst even het woord aan mevrouw Kröger en dan aan de heer Eerdmans.",-2.4492935982947064e-16,1.0,0.4338837391175582,-0.900968867902419,0,1,0,0,0,2022,12,3.688879454113936,4.672828834461906,0,1827,7.510977752014095,D66,False,False,True,False,False,False,False,False,False,False,False,2,0,0,0.0,test,-0.9924,negative,0.0038,0.9962,1,0,1,1,0,1
005aabd7-692d-4661-8e06-cf05862aea17,ead24cc5-c192-4f15-a678-71e5415223ed,"39e vergadering, donderdag 22 december 2022",2022-12-22,7c4d3a9e-9bb2-47bf-bd7a-d785cb949ef9,Regeling van werkzaamheden,Regeling van werkzaamheden (stemmingen),Regeling van werkzaamheden (stemmingen),d18edd5c-8b54-4e64-9c56-f8cdc24c8143,Bergkamp,D66,lid Tweede Kamer,2022-12-22 13:04:51,2022-12-22 13:05:30,1,"Maar voordat we gaan stemmen, geef ik eerst even het woord aan mevrouw Kröger en dan aan de heer Eerdmans.",verslagen_xml\b433c19a-d812-45df-8075-07b5b911714a.xml,2022-12-22,8d33c9b6-bea7-4a99-8fd0-23f173e9709d,Stemmingen,STEMMINGEN  (over alle onderwerpen tot en met 21 december 2022),2022-12-22 12:00:00,2022-12-22 12:00:00,2022-12-22 13:10:00,Uitgevoerd,2022-2023,Tweede Kamer,3891.0,0d715c15-a384-4e45-90fe-41550d1f2646,e119428f-73b1-4800-b720-77d41bae388c,Stemmen - aangenomen,1,39.0,13,3,12,0,afternoon,-0.2588190451025208,-0.9659258262890684,106,26,"Maar voordat we gaan stemmen, geef ik eerst even het woord aan mevrouw Kröger en dan aan de heer Eerdmans.",-2.4492935982947064e-16,1.0,0.4338837391175582,-0.900968867902419,0,1,0,0,0,2022,12,3.688879454113936,4.672828834461906,0,1827,7.510977752014095,D66,False,False,True,False,False,False,False,False,False,False,False,2,0,0,0.0,test,-0.9924,negative,0.0038,0.9962,1,0,1,1,0,1
005aabd7-692d-4661-8e06-cf05862aea17,ead24cc5-c192-4f15-a678-71e5415223ed,"39e vergadering, donderdag 22 december 2022",2022-12-22,7c4d3a9e-9bb2-47bf-bd7a-d785cb949ef9,Regeling van werkzaamheden,Regeling van werkzaamheden (stemmingen),Regeling van werkzaamheden (stemmingen),d18edd5c-8b54-4e64-9c56-f8cdc24c8143,Bergkamp,D66,lid Tweede Kamer,2022-12-22 13:04:51,2022-12-22 13:05:30,1,"Maar voordat we gaan stemmen, geef ik eerst even het woord aan mevrouw Kröger en dan aan de heer Eerdmans.",verslagen_xml\b433c19a-d812-45df-8075-07b5b911714a.xml,2022-12-22,8d33c9b6-bea7-4a99-8fd0-23f173e9709d,Stemmingen,STEMMINGEN  (over alle onderwerpen tot en met 21 december 2022),2022-12-22 12:00:00,2022-12-22 12:00:00,2022-12-22 13:10:00,Uitgevoerd,2022-2023,Tweede Kamer,3891.0,0d715c15-a384-4e45-90fe-41550d1f2646,c1666797-797e-4a27-93ef-99b78a235703,Stemmen - aangenomen,1,39.0,13,3,12,0,afternoon,-0.2588190451025208,-0.9659258262890684,106,26,"Maar voordat we gaan stemmen, geef ik eerst even het woord aan mevrouw Kröger en dan aan de heer Eerdmans.",-2.4492935982947064e-16,1.0,0.4338837391175582,-0.900968867902419,0,1,0,0,0,2022,12,3.688879454113936,4.672828834461906,0,1827,7.510977752014095,D66,False,False,True,False,False,False,False,False,False,False,False,2,0,0,0.0,test,-0.9924,negative,0.0038,0.9962,1,0,1,1,0,1
005aabd7-692d-4661-8e06-cf05862aea17,ead24cc5-c192-4f15-a678-71e5415223ed,"39e vergadering, donderdag 22 december 2022",2022-12-22,7c4d3a9e-9bb2-47bf-bd7a-d785cb949ef9,Regeling van werkzaamheden,Regeling van werkzaamheden (stemmingen),Regeling van werkzaamheden (stemmingen),d18edd5c-8b54-4e64-9c56-f8cdc24c8143,Bergkamp,D66,lid Tweede Kamer,2022-12-22 13:04:51,2022-12-22 13:05:30,1,"Maar voordat we gaan stemmen, geef ik eerst even het woord aan mevrouw Kröger en dan aan de heer Eerdmans.",verslagen_xml\b433c19a-d812-45df-8075-07b5b911714a.xml,2022-12-22,8d33c9b6-bea7-4a99-8fd0-23f173e9709d,Stemmingen,STEMMINGEN  (over alle onderwerpen tot en met 21 december 2022),2022-12-22 12:00:00,2022-12-22 12:00:00,2022-12-22 13:10:00,Uitgevoerd,2022-2023,Tweede Kamer,3891.0,0d715c15-a384-4e45-90fe-41550d1f2646,32f5ecbe-5547-4c03-af3d-9febcbb86fc4,Stemmen - aangenomen,1,39.0,13,3,12,0,afternoon,-0.2588190451025208,-0.9659258262890684,106,26,"Maar voordat we gaan stemmen, geef ik eerst even het woord aan mevrouw Kröger en dan aan de heer Eerdmans.",-2.4492935982947064e-16,1.0,0.4338837391175582,-0.900968867902419,0,1,0,0,0,2022,12,3.688879454113936,4.672828834461906,0,1827,7.510977752014095,D66,False,False,True,False,False,False,False,False,False,False,False,2,0,0,0.0,test,-0.9924,negative,0.0038,0.9962,1,0,1,1,0,1
005aabd7-692d-4661-8e06-cf05862aea17,ead24cc5-c192-4f15-a678-71e5415223ed,"39e vergadering, donderdag 22 december 2022",2022-12-22,7c4d3a9e-9bb2-47bf-bd7a-d785cb949ef9,Regeling van werkzaamheden,Regeling van werkzaamheden (stemmingen),Regeling van werkzaamheden (stemmingen),d18edd5c-8b54-4e64-9c56-f8cdc24c8143,Bergkamp,D66,lid Tweede Kamer,2022-12-22 13:04:51,2022-12-22 13:05:30,1,"Maar voordat we gaan stemmen, geef ik eerst even het woord aan mevrouw Kröger en dan aan de heer Eerdmans.",verslagen_xml\b433c19a-d812-45df-8075-07b5b911714a.xml,2022-12-22,8d33c9b6-bea7-4a99-8fd0-23f173e9709d,Stemmingen,STEMMINGEN  (over alle onderwerpen tot en met 21 december 2022),2022-12-22 12:00:00,2022-12-22 12:00:00,2022-12-22 13:10:00,Uitgevoerd,2022-2023,Tweede Kamer,3891.0,0d715c15-a384-4e45-90fe-41550d1f2646,8cce5bcf-cb7c-4c37-bb09-a6fb7826f70b,Stemmen - verworpen,0,39.0,13,3,12,0,afternoon,-0.2588190451025208,-0.9659258262890684,106,26,"Maar voordat we gaan stemmen, geef ik eerst even het woord aan mevrouw Kröger en dan aan de heer Eerdmans.",-2.4492935982947064e-16,1.0,0.4338837391175582,-0.900968867902419,0,1,0,0,0,2022,12,3.688879454113936,4.672828834461906,0,1827,7.510977752014095,D66,False,False,True,False,False,False,False,False,False,False,False,2,0,0,0.0,test,-0.9924,negative,0.0038,0.9962,1,0,1,1,0,1
005aabd7-692d-4661-8e06-cf05862aea17,ead24cc5-c192-4f15-a678-71e5415223ed,"39e vergadering, donderdag 22 december 2022",2022-12-22,7c4d3a9e-9bb2-47bf-bd7a-d785cb949ef9,Regeling van werkzaamheden,Regeling van werkzaamheden (stemmingen),Regeling van werkzaamheden (stemmingen),d18edd5c-8b54-4e64-9c56-f8cdc24c8143,Bergkamp,D66,lid Tweede Kamer,2022-12-22 13:04:51,2022-12-22 13:05:30,1,"Maar voordat we gaan stemmen, geef ik eerst even het woord aan mevrouw Kröger en dan aan de heer Eerdmans.",verslagen_xml\b433c19a-d812-45df-8075-07b5b911714a.xml,2022-12-22,8d33c9b6-bea7-4a99-8fd0-23f173e9709d,Stemmingen,STEMMINGEN  (over alle onderwerpen tot en met 21 december 2022),2022-12-22 12:00:00,2022-12-22 12:00:00,2022-12-22 13:10:00,Uitgevoerd,2022-2023,Tweede Kamer,3891.0,0d715c15-a384-4e45-90fe-41550d1f2646,c72a2db0-1414-4de9-9519-d456f35538a1,Stemmen - verworpen,0,39.0,13,3,12,0,afternoon,-0.2588190451025208,-0.9659258262890684,106,26,"Maar voordat we gaan stemmen, geef ik eerst even het woord aan mevrouw Kröger en dan aan de heer Eerdmans.",-2.4492935982947064e-16,1.0,0.4338837391175582,-0.900968867902419,0,1,0,0,0,2022,12,3.688879454113936,4.672828834461906,0,1827,7.510977752014095,D66,False,False,True,False,False,False,False,False,False,False,False,2,0,0,0.0,test,-0.9924,negative,0.0038,0.9962,1,0,1,1,0,1
005aabd7-692d-4661-8e06-cf05862aea17,ead24cc5-c192-4f15-a678-71e5415223ed,"39e vergadering, donderdag 22 december 2022",2022-12-22,7c4d3a9e-9bb2-47bf-bd7a-d785cb949ef9,Regeling van werkzaamheden,Regeling van werkzaamheden (stemmingen),Regeling van werkzaamheden (stemmingen),d18edd5c-8b54-4e64-9c56-f8cdc24c8143,Bergkamp,D66,lid Tweede Kamer,2022-12-22 13:04:51,2022-12-22 13:05:30,1,"Maar voordat we gaan stemmen, geef ik eerst even het woord aan mevrouw Kröger en dan aan de heer Eerdmans.",verslagen_xml\b433c19a-d812-45df-8075-07b5b911714a.xml,2022-12-22,8d33c9b6-bea7-4a99-8fd0-23f173e9709d,Stemmingen,STEMMINGEN  (over alle onderwerpen tot en met 21 december 2022),2022-12-22 12:00:00,2022-12-22 12:00:00,2022-12-22 13:10:00,Uitgevoerd,2022-2023,Tweede Kamer,3891.0,0d715c15-a384-4e45-90fe-41550d1f2646,ec019a3a-cec2-4eb1-aaca-de100051b1a2,Stemmen - verworpen,0,39.0,13,3,12,0,afternoon,-0.2588190451025208,-0.9659258262890684,106,26,"Maar voordat we gaan stemmen, geef ik eerst even het woord aan mevrouw Kröger en dan aan de heer Eerdmans.",-2.4492935982947064e-16,1.0,0.4338837391175582,-0.900968867902419,0,1,0,0,0,2022,12,3.688879454113936,4.672828834461906,0,1827,7.510977752014095,D66,False,False,True,False,False,False,False,False,False,False,False,2,0,0,0.0,test,-0.9924,negative,0.0038,0.9962,1,0,1,1,0,1
005aabd7-692d-4661-8e06-cf05862aea17,ead24cc5-c192-4f15-a678-71e5415223ed,"39e vergadering, donderdag 22 december 2022",2022-12-22,7c4d3a9e-9bb2-47bf-bd7a-d785cb949ef9,Regeling van werkzaamheden,Regeling van werkzaamheden (stemmingen),Regeling van werkzaamheden (stemmingen),d18edd5c-8b54-4e64-9c56-f8cdc24c8143,Bergkamp,D66,lid Tweede Kamer,2022-12-22 13:04:51,2022-12-22 13:05:30,1,"Maar voordat we gaan stemmen, geef ik eerst even het woord aan mevrouw Kröger en dan aan de heer Eerdmans.",verslagen_xml\b433c19a-d812-45df-8075-07b5b911714a.xml,2022-12-22,8d33c9b6-bea7-4a99-8fd0-23f173e9709d,Stemmingen,STEMMINGEN  (over alle onderwerpen tot en met 21 december 2022),2022-12-22 12:00:00,2022-12-22 12:00:00,2022-12-22 13:10:00,Uitgevoerd,2022-2023,Tweede Kamer,3891.0,0d715c15-a384-4e45-90fe-41550d1f2646,4c4dc160-17d1-4fa5-907e-fbfa4513a28f,Stemmen - aangenomen,1,39.0,13,3,12,0,afternoon,-0.2588190451025208,-0.9659258262890684,106,26,"Maar voordat we gaan stemmen, geef ik eerst even het woord aan mevrouw Kröger en dan aan de heer Eerdmans.",-2.4492935982947064e-16,1.0,0.4338837391175582,-0.900968867902419,0,1,0,0,0,2022,12,3.688879454113936,4.672828834461906,0,1827,7.510977752014095,D66,False,False,True,False,False,False,False,False,False,False,False,2,0,0,0.0,test,-0.9924,negative,0.0038,0.9962,1,0,1,1,0,1
005aabd7-692d-4661-8e06-cf05862aea17,ead24cc5-c192-4f15-a678-71e5415223ed,"39e vergadering, donderdag 22 december 2022",2022-12-22,7c4d3a9e-9bb2-47bf-bd7a-d785cb949ef9,Regeling van werkzaamheden,Regeling van werkzaamheden (stemmingen),Regeling van werkzaamheden (stemmingen),d18edd5c-8b54-4e64-9c56-f8cdc24c8143,Bergkamp,D66,lid Tweede Kamer,2022-12-22 13:04:51,2022-12-22 13:05:30,1,"Maar voordat we gaan stemmen, geef ik eerst even het woord aan mevrouw Kröger en dan aan de heer Eerdmans.",verslagen_xml\b433c19a-d812-45df-8075-07b5b911714a.xml,2022-12-22,8d33c9b6-bea7-4a99-8fd0-23f173e9709d,Stemmingen,STEMMINGEN  (over alle onderwerpen tot en met 21 december 2022),2022-12-22 12:00:00,2022-12-22 12:00:00,2022-12-22 13:10:00,Uitgevoerd,2022-2023,Tweede Kamer,3891.0,519ef594-5fe4-4a23-949c-5d3aadc76440,825aee83-0c1a-4513-bb41-b2731078bdfc,Stemmen - aangenomen,1,39.0,13,3,12,0,afternoon,-0.2588190451025208,-0.9659258262890684,106,26,"Maar voordat we gaan stemmen, geef ik eerst even het woord aan mevrouw Kröger en dan aan de heer Eerdmans.",-2.4492935982947064e-16,1.0,0.4338837391175582,-0.900968867902419,0,1,0,0,0,2022,12,3.688879454113936,4.672828834461906,0,1827,7.510977752014095,D66,False,False,True,False,False,False,False,False,False,False,False,2,0,0,0.0,test,-0.9924,negative,0.0038,0.9962,1,0,1,1,0,1
005aabd7-692d-4661-8e06-cf05862aea17,ead24cc5-c192-4f15-a678-71e5415223ed,"39e vergadering, donderdag 22 december 2022",2022-12-22,7c4d3a9e-9bb2-47bf-bd7a-d785cb949ef9,Regeling van werkzaamheden,Regeling van werkzaamheden (stemmingen),Regeling van werkzaamheden (stemmingen),d18edd5c-8b54-4e64-9c56-f8cdc24c8143,Bergkamp,D66,lid Tweede Kamer,2022-12-22 13:04:51,2022-12-22 13:05:30,1,"Maar voordat we gaan stemmen, geef ik eerst even het woord aan mevrouw Kröger en dan aan de heer Eerdmans.",verslagen_xml\b433c19a-d812-45df-8075-07b5b911714a.xml,2022-12-22,8d33c9b6-bea7-4a99-8fd0-23f173e9709d,Stemmingen,STEMMINGEN  (over alle onderwerpen tot en met 21 december 2022),2022-12-22 12:00:00,2022-12-22 12:00:00,2022-12-22 13:10:00,Uitgevoerd,2022-2023,Tweede Kamer,3891.0,39e26f1b-be11-49f7-b2a3-5e2be4051c15,2eb00c6e-4e6b-499f-8751-19dec3f2abe3,Stemmen - verworpen,0,39.0,13,3,12,0,afternoon,-0.2588190451025208,-0.9659258262890684,106,26,"Maar voordat we gaan stemmen, geef ik eerst even het woord aan mevrouw Kröger en dan aan de heer Eerdmans.",-2.4492935982947064e-16,1.0,0.4338837391175582,-0.900968867902419,0,1,0,0,0,2022,12,3.688879454113936,4.672828834461906,0,1827,7.510977752014095,D66,False,False,True,False,False,False,False,False,False,False,False,2,0,0,0.0,test,-0.9924,negative,0.0038,0.9962,1,0,1,1,0,1
005aabd7-692d-4661-8e06-cf05862aea17,ead24cc5-c192-4f15-a678-71e5415223ed,"39e vergadering, donderdag 22 december 2022",2022-12-22,7c4d3a9e-9bb2-47bf-bd7a-d785cb949ef9,Regeling van werkzaamheden,Regeling van werkzaamheden (stemmingen),Regeling van werkzaamheden (stemmingen),d18edd5c-8b54-4e64-9c56-f8cdc24c8143,Bergkamp,D66,lid Tweede Kamer,2022-12-22 13:04:51,2022-12-22 13:05:30,1,"Maar voordat we gaan stemmen, geef ik eerst even het woord aan mevrouw Kröger en dan aan de heer Eerdmans.",verslagen_xml\b433c19a-d812-45df-8075-07b5b911714a.xml,2022-12-22,8d33c9b6-bea7-4a99-8fd0-23f173e9709d,Stemmingen,STEMMINGEN  (over alle onderwerpen tot en met 21 december 2022),2022-12-22 12:00:00,2022-12-22 12:00:00,2022-12-22 13:10:00,Uitgevoerd,2022-2023,Tweede Kamer,3891.0,39e26f1b-be11-49f7-b2a3-5e2be4051c15,541cd599-9bce-4b24-b986-969cd9cd4624,Stemmen - aangenomen,1,39.0,13,3,12,0,afternoon,-0.2588190451025208,-0.9659258262890684,106,26,"Maar voordat we gaan stemmen, geef ik eerst even het woord aan mevrouw Kröger en dan aan de heer Eerdmans.",-2.4492935982947064e-16,1.0,0.4338837391175582,-0.900968867902419,0,1,0,0,0,2022,12,3.688879454113936,4.672828834461906,0,1827,7.510977752014095,D66,False,False,True,False,False,False,False,False,False,False,False,2,0,0,0.0,test,-0.9924,negative,0.0038,0.9962,1,0,1,1,0,1
005aabd7-692d-4661-8e06-cf05862aea17,ead24cc5-c192-4f15-a678-71e5415223ed,"39e vergadering, donderdag 22 december 2022",2022-12-22,7c4d3a9e-9bb2-47bf-bd7a-d785cb949ef9,Regeling van werkzaamheden,Regeling van werkzaamheden (stemmingen),Regeling van werkzaamheden (stemmingen),d18edd5c-8b54-4e64-9c56-f8cdc24c8143,Bergkamp,D66,lid Tweede Kamer,2022-12-22 13:04:51,2022-12-22 13:05:30,1,"Maar voordat we gaan stemmen, geef ik eerst even het woord aan mevrouw Kröger en dan aan de heer Eerdmans.",verslagen_xml\b433c19a-d812-45df-8075-07b5b911714a.xml,2022-12-22,8d33c9b6-bea7-4a99-8fd0-23f173e9709d,Stemmingen,STEMMINGEN  (over alle onderwerpen tot en met 21 december 2022),2022-12-22 12:00:00,2022-12-22 12:00:00,2022-12-22 13:10:00,Uitgevoerd,2022-2023,Tweede Kamer,3891.0,39e26f1b-be11-49f7-b2a3-5e2be4051c15,eff61a64-d9c9-4324-9266-d80331830c3e,Stemmen - verworpen,0,39.0,13,3,12,0,afternoon,-0.2588190451025208,-0.9659258262890684,106,26,"Maar voordat we gaan stemmen, geef ik eerst even het woord aan mevrouw Kröger en dan aan de heer Eerdmans.",-2.4492935982947064e-16,1.0,0.4338837391175582,-0.900968867902419,0,1,0,0,0,2022,12,3.688879454113936,4.672828834461906,0,1827,7.510977752014095,D66,False,False,True,False,False,False,False,False,False,False,False,2,0,0,0.0,test,-0.9924,negative,0.0038,0.9962,1,0,1,1,0,1
005aabd7-692d-4661-8e06-cf05862aea17,ead24cc5-c192-4f15-a678-71e5415223ed,"39e vergadering, donderdag 22 december 2022",2022-12-22,7c4d3a9e-9bb2-47bf-bd7a-d785cb949ef9,Regeling van werkzaamheden,Regeling van werkzaamheden (stemmingen),Regeling van werkzaamheden (stemmingen),d18edd5c-8b54-4e64-9c56-f8cdc24c8143,Bergkamp,D66,lid Tweede Kamer,2022-12-22 13:04:51,2022-12-22 13:05:30,1,"Maar voordat we gaan stemmen, geef ik eerst even het woord aan mevrouw Kröger en dan aan de heer Eerdmans.",verslagen_xml\b433c19a-d812-45df-8075-07b5b911714a.xml,2022-12-22,8d33c9b6-bea7-4a99-8fd0-23f173e9709d,Stemmingen,STEMMINGEN  (over alle onderwerpen tot en met 21 december 2022),2022-12-22 12:00:00,2022-12-22 12:00:00,2022-12-22 13:10:00,Uitgevoerd,2022-2023,Tweede Kamer,3891.0,39e26f1b-be11-49f7-b2a3-5e2be4051c15,7262259d-47f2-42da-a550-e2d68af41e89,Stemmen - aangenomen,1,39.0,13,3,12,0,afternoon,-0.2588190451025208,-0.9659258262890684,106,26,"Maar voordat we gaan stemmen, geef ik eerst even het woord aan mevrouw Kröger en dan aan de heer Eerdmans.",-2.4492935982947064e-16,1.0,0.4338837391175582,-0.900968867902419,0,1,0,0,0,2022,12,3.688879454113936,4.672828834461906,0,1827,7.510977752014095,D66,False,False,True,False,False,False,False,False,False,False,False,2,0,0,0.0,test,-0.9924,negative,0.0038,0.9962,1,0,1,1,0,1
005aabd7-692d-4661-8e06-cf05862aea17,ead24cc5-c192-4f15-a678-71e5415223ed,"39e vergadering, donderdag 22 december 2022",2022-12-22,7c4d3a9e-9bb2-47bf-bd7a-d785cb949ef9,Regeling van werkzaamheden,Regeling van werkzaamheden (stemmingen),Regeling van werkzaamheden (stemmingen),d18edd5c-8b54-4e64-9c56-f8cdc24c8143,Bergkamp,D66,lid Tweede Kamer,2022-12-22 13:04:51,2022-12-22 13:05:30,1,"Maar voordat we gaan stemmen, geef ik eerst even het woord aan mevrouw Kröger en dan aan de heer Eerdmans.",verslagen_xml\b433c19a-d812-45df-8075-07b5b911714a.xml,2022-12-22,8d33c9b6-bea7-4a99-8fd0-23f173e9709d,Stemmingen,STEMMINGEN  (over alle onderwerpen tot en met 21 december 2022),2022-12-22 12:00:00,2022-12-22 12:00:00,2022-12-22 13:10:00,Uitgevoerd,2022-2023,Tweede Kamer,3891.0,9a65369a-dbc5-4d43-8057-5f4b8b5d1b6f,29cef162-214d-4fb0-8ecf-0310f100f1ac,Stemmen - aangenomen,1,39.0,13,3,12,0,afternoon,-0.2588190451025208,-0.9659258262890684,106,26,"Maar voordat we gaan stemmen, geef ik eerst even het woord aan mevrouw Kröger en dan aan de heer Eerdmans.",-2.4492935982947064e-16,1.0,0.4338837391175582,-0.900968867902419,0,1,0,0,0,2022,12,3.688879454113936,4.672828834461906,0,1827,7.510977752014095,D66,False,False,True,False,False,False,False,False,False,False,False,2,0,0,0.0,test,-0.9924,negative,0.0038,0.9962,1,0,1,1,0,1
005aabd7-692d-4661-8e06-cf05862aea17,ead24cc5-c192-4f15-a678-71e5415223ed,"39e vergadering, donderdag 22 december 2022",2022-12-22,7c4d3a9e-9bb2-47bf-bd7a-d785cb949ef9,Regeling van werkzaamheden,Regeling van werkzaamheden (stemmingen),Regeling van werkzaamheden (stemmingen),d18edd5c-8b54-4e64-9c56-f8cdc24c8143,Bergkamp,D66,lid Tweede Kamer,2022-12-22 13:04:51,2022-12-22 13:05:30,1,"Maar voordat we gaan stemmen, geef ik eerst even het woord aan mevrouw Kröger en dan aan de heer Eerdmans.",verslagen_xml\b433c19a-d812-45df-8075-07b5b911714a.xml,2022-12-22,8d33c9b6-bea7-4a99-8fd0-23f173e9709d,Stemmingen,STEMMINGEN  (over alle onderwerpen tot en met 21 december 2022),2022-12-22 12:00:00,2022-12-22 12:00:00,2022-12-22 13:10:00,Uitgevoerd,2022-2023,Tweede Kamer,3891.0,9a65369a-dbc5-4d43-8057-5f4b8b5d1b6f,3b9f0a62-1956-409f-972c-7b7a7fa840f1,Stemmen - aangenomen,1,39.0,13,3,12,0,afternoon,-0.2588190451025208,-0.9659258262890684,106,26,"Maar voordat we gaan stemmen, geef ik eerst even het woord aan mevrouw Kröger en dan aan de heer Eerdmans.",-2.4492935982947064e-16,1.0,0.4338837391175582,-0.900968867902419,0,1,0,0,0,2022,12,3.688879454113936,4.672828834461906,0,1827,7.510977752014095,D66,False,False,True,False,False,False,False,False,False,False,False,2,0,0,0.0,test,-0.9924,negative,0.0038,0.9962,1,0,1,1,0,1
005aabd7-692d-4661-8e06-cf05862aea17,ead24cc5-c192-4f15-a678-71e5415223ed,"39e vergadering, donderdag 22 december 2022",2022-12-22,7c4d3a9e-9bb2-47bf-bd7a-d785cb949ef9,Regeling van werkzaamheden,Regeling van werkzaamheden (stemmingen),Regeling van werkzaamheden (stemmingen),d18edd5c-8b54-4e64-9c56-f8cdc24c8143,Bergkamp,D66,lid Tweede Kamer,2022-12-22 13:04:51,2022-12-22 13:05:30,1,"Maar voordat we gaan stemmen, geef ik eerst even het woord aan mevrouw Kröger en dan aan de heer Eerdmans.",verslagen_xml\b433c19a-d812-45df-8075-07b5b911714a.xml,2022-12-22,8d33c9b6-bea7-4a99-8fd0-23f173e9709d,Stemmingen,STEMMINGEN  (over alle onderwerpen tot en met 21 december 2022),2022-12-22 12:00:00,2022-12-22 12:00:00,2022-12-22 13:10:00,Uitgevoerd,2022-2023,Tweede Kamer,3891.0,9a65369a-dbc5-4d43-8057-5f4b8b5d1b6f,829b238e-9c2e-4c26-b3b9-ae879a52e527,Stemmen - aangenomen,1,39.0,13,3,12,0,afternoon,-0.2588190451025208,-0.9659258262890684,106,26,"Maar voordat we gaan stemmen, geef ik eerst even het woord aan mevrouw Kröger en dan aan de heer Eerdmans.",-2.4492935982947064e-16,1.0,0.4338837391175582,-0.900968867902419,0,1,0,0,0,2022,12,3.688879454113936,4.672828834461906,0,1827,7.510977752014095,D66,False,False,True,False,False,False,False,False,False,False,False,2,0,0,0.0,test,-0.9924,negative,0.0038,0.9962,1,0,1,1,0,1
005aabd7-692d-4661-8e06-cf05862aea17,ead24cc5-c192-4f15-a678-71e5415223ed,"39e vergadering, donderdag 22 december 2022",2022-12-22,7c4d3a9e-9bb2-47bf-bd7a-d785cb949ef9,Regeling van werkzaamheden,Regeling van werkzaamheden (stemmingen),Regeling van werkzaamheden (stemmingen),d18edd5c-8b54-4e64-9c56-f8cdc24c8143,Bergkamp,D66,lid Tweede Kamer,2022-12-22 13:04:51,2022-12-22 13:05:30,1,"Maar voordat we gaan stemmen, geef ik eerst even het woord aan mevrouw Kröger en dan aan de heer Eerdmans.",verslagen_xml\b433c19a-d812-45df-8075-07b5b911714a.xml,2022-12-22,8d33c9b6-bea7-4a99-8fd0-23f173e9709d,Stemmingen,STEMMINGEN  (over alle onderwerpen tot en met 21 december 2022),2022-12-22 12:00:00,2022-12-22 12:00:00,2022-12-22 13:10:00,Uitgevoerd,2022-2023,Tweede Kamer,3891.0,9a65369a-dbc5-4d43-8057-5f4b8b5d1b6f,2d1076b0-e353-462b-a8fa-bc0f0023eb6a,Stemmen - aangenomen,1,39.0,13,3,12,0,afternoon,-0.2588190451025208,-0.9659258262890684,106,26,"Maar voordat we gaan stemmen, geef ik eerst even het woord aan mevrouw Kröger en dan aan de heer Eerdmans.",-2.4492935982947064e-16,1.0,0.4338837391175582,-0.900968867902419,0,1,0,0,0,2022,12,3.688879454113936,4.672828834461906,0,1827,7.510977752014095,D66,False,False,True,False,False,False,False,False,False,False,False,2,0,0,0.0,test,-0.9924,negative,0.0038,0.9962,1,0,1,1,0,1
005aabd7-692d-4661-8e06-cf05862aea17,ead24cc5-c192-4f15-a678-71e5415223ed,"39e vergadering, donderdag 22 december 2022",2022-12-22,7c4d3a9e-9bb2-47bf-bd7a-d785cb949ef9,Regeling van werkzaamheden,Regeling van werkzaamheden (stemmingen),Regeling van werkzaamheden (stemmingen),d18edd5c-8b54-4e64-9c56-f8cdc24c8143,Bergkamp,D66,lid Tweede Kamer,2022-12-22 13:04:51,2022-12-22 13:05:30,1,"Maar voordat we gaan stemmen, geef ik eerst even het woord aan mevrouw Kröger en dan aan de heer Eerdmans.",verslagen_xml\b433c19a-d812-45df-8075-07b5b911714a.xml,2022-12-22,8d33c9b6-bea7-4a99-8fd0-23f173e9709d,Stemmingen,STEMMINGEN  (over alle onderwerpen tot en met 21 december 2022),2022-12-22 12:00:00,2022-12-22 12:00:00,2022-12-22 13:10:00,Uitgevoerd,2022-2023,Tweede Kamer,3891.0,9a65369a-dbc5-4d43-8057-5f4b8b5d1b6f,1f8d7d0c-389f-47e3-85f5-d11f71d06cd1,Stemmen - aangenomen,1,39.0,13,3,12,0,afternoon,-0.2588190451025208,-0.9659258262890684,106,26,"Maar voordat we gaan stemmen, geef ik eerst even het woord aan mevrouw Kröger en dan aan de heer Eerdmans.",-2.4492935982947064e-16,1.0,0.4338837391175582,-0.900968867902419,0,1,0,0,0,2022,12,3.688879454113936,4.672828834461906,0,1827,7.510977752014095,D66,False,False,True,False,False,False,False,False,False,False,False,2,0,0,0.0,test,-0.9924,negative,0.0038,0.9962,1,0,1,1,0,1
005aabd7-692d-4661-8e06-cf05862aea17,ead24cc5-c192-4f15-a678-71e5415223ed,"39e vergadering, donderdag 22 december 2022",2022-12-22,7c4d3a9e-9bb2-47bf-bd7a-d785cb949ef9,Regeling van werkzaamheden,Regeling van werkzaamheden (stemmingen),Regeling van werkzaamheden (stemmingen),d18edd5c-8b54-4e64-9c56-f8cdc24c8143,Bergkamp,D66,lid Tweede Kamer,2022-12-22 13:04:51,2022-12-22 13:05:30,1,"Maar voordat we gaan stemmen, geef ik eerst even het woord aan mevrouw Kröger en dan aan de heer Eerdmans.",verslagen_xml\b433c19a-d812-45df-8075-07b5b911714a.xml,2022-12-22,8d33c9b6-bea7-4a99-8fd0-23f173e9709d,Stemmingen,STEMMINGEN  (over alle onderwerpen tot en met 21 december 2022),2022-12-22 12:00:00,2022-12-22 12:00:00,2022-12-22 13:10:00,Uitgevoerd,2022-2023,Tweede Kamer,3891.0,9a65369a-dbc5-4d43-8057-5f4b8b5d1b6f,f4597057-f027-4b44-9ae4-e96a933a926a,Stemmen - aangenomen,1,39.0,13,3,12,0,afternoon,-0.2588190451025208,-0.9659258262890684,106,26,"Maar voordat we gaan stemmen, geef ik eerst even het woord aan mevrouw Kröger en dan aan de heer Eerdmans.",-2.4492935982947064e-16,1.0,0.4338837391175582,-0.900968867902419,0,1,0,0,0,2022,12,3.688879454113936,4.672828834461906,0,1827,7.510977752014095,D66,False,False,True,False,False,False,False,False,False,False,False,2,0,0,0.0,test,-0.9924,negative,0.0038,0.9962,1,0,1,1,0,1
005aabd7-692d-4661-8e06-cf05862aea17,ead24cc5-c192-4f15-a678-71e5415223ed,"39e vergadering, donderdag 22 december 2022",2022-12-22,7c4d3a9e-9bb2-47bf-bd7a-d785cb949ef9,Regeling van werkzaamheden,Regeling van werkzaamheden (stemmingen),Regeling van werkzaamheden (stemmingen),d18edd5c-8b54-4e64-9c56-f8cdc24c8143,Bergkamp,D66,lid Tweede Kamer,2022-12-22 13:04:51,2022-12-22 13:05:30,1,"Maar voordat we gaan stemmen, geef ik eerst even het woord aan mevrouw Kröger en dan aan de heer Eerdmans.",verslagen_xml\b433c19a-d812-45df-8075-07b5b911714a.xml,2022-12-22,8d33c9b6-bea7-4a99-8fd0-23f173e9709d,Stemmingen,STEMMINGEN  (over alle onderwerpen tot en met 21 december 2022),2022-12-22 12:00:00,2022-12-22 12:00:00,2022-12-22 13:10:00,Uitgevoerd,2022-2023,Tweede Kamer,3891.0,99a5b742-8379-4c5c-8da6-5f5b6240d0fd,e88fe03b-755a-4036-a2f0-83198806b0a5,Stemmen - aangenomen,1,39.0,13,3,12,0,afternoon,-0.2588190451025208,-0.9659258262890684,106,26,"Maar voordat we gaan stemmen, geef ik eerst even het woord aan mevrouw Kröger en dan aan de heer Eerdmans.",-2.4492935982947064e-16,1.0,0.4338837391175582,-0.900968867902419,0,1,0,0,0,2022,12,3.688879454113936,4.672828834461906,0,1827,7.510977752014095,D66,False,False,True,False,False,False,False,False,False,False,False,2,0,0,0.0,test,-0.9924,negative,0.0038,0.9962,1,0,1,1,0,1
005aabd7-692d-4661-8e06-cf05862aea17,ead24cc5-c192-4f15-a678-71e5415223ed,"39e vergadering, donderdag 22 december 2022",2022-12-22,7c4d3a9e-9bb2-47bf-bd7a-d785cb949ef9,Regeling van werkzaamheden,Regeling van werkzaamheden (stemmingen),Regeling van werkzaamheden (stemmingen),d18edd5c-8b54-4e64-9c56-f8cdc24c8143,Bergkamp,D66,lid Tweede Kamer,2022-12-22 13:04:51,2022-12-22 13:05:30,1,"Maar voordat we gaan stemmen, geef ik eerst even het woord aan mevrouw Kröger en dan aan de heer Eerdmans.",verslagen_xml\b433c19a-d812-45df-8075-07b5b911714a.xml,2022-12-22,8d33c9b6-bea7-4a99-8fd0-23f173e9709d,Stemmingen,STEMMINGEN  (over alle onderwerpen tot en met 21 december 2022),2022-12-22 12:00:00,2022-12-22 12:00:00,2022-12-22 13:10:00,Uitgevoerd,2022-2023,Tweede Kamer,3891.0,99a5b742-8379-4c5c-8da6-5f5b6240d0fd,8fc9d038-d043-494e-adb2-d4cacb8af9ea,Stemmen - verworpen,0,39.0,13,3,12,0,afternoon,-0.2588190451025208,-0.9659258262890684,106,26,"Maar voordat we gaan stemmen, geef ik eerst even het woord aan mevrouw Kröger en dan aan de heer Eerdmans.",-2.4492935982947064e-16,1.0,0.4338837391175582,-0.900968867902419,0,1,0,0,0,2022,12,3.688879454113936,4.672828834461906,0,1827,7.510977752014095,D66,False,False,True,False,False,False,False,False,False,False,False,2,0,0,0.0,test,-0.9924,negative,0.0038,0.9962,1,0,1,1,0,1
005aabd7-692d-4661-8e06-cf05862aea17,ead24cc5-c192-4f15-a678-71e5415223ed,"39e vergadering, donderdag 22 december 2022",2022-12-22,7c4d3a9e-9bb2-47bf-bd7a-d785cb949ef9,Regeling van werkzaamheden,Regeling van werkzaamheden (stemmingen),Regeling van werkzaamheden (stemmingen),d18edd5c-8b54-4e64-9c56-f8cdc24c8143,Bergkamp,D66,lid Tweede Kamer,2022-12-22 13:04:51,2022-12-22 13:05:30,1,"Maar voordat we gaan stemmen, geef ik eerst even het woord aan mevrouw Kröger en dan aan de heer Eerdmans.",verslagen_xml\b433c19a-d812-45df-8075-07b5b911714a.xml,2022-12-22,8d33c9b6-bea7-4a99-8fd0-23f173e9709d,Stemmingen,STEMMINGEN  (over alle onderwerpen tot en met 21 december 2022),2022-12-22 12:00:00,2022-12-22 12:00:00,2022-12-22 13:10:00,Uitgevoerd,2022-2023,Tweede Kamer,3891.0,99a5b742-8379-4c5c-8da6-5f5b6240d0fd,4a4023b1-741b-4256-a900-db75f1b5b510,Stemmen - aangenomen,1,39.0,13,3,12,0,afternoon,-0.2588190451025208,-0.9659258262890684,106,26,"Maar voordat we gaan stemmen, geef ik eerst even het woord aan mevrouw Kröger en dan aan de heer Eerdmans.",-2.4492935982947064e-16,1.0,0.4338837391175582,-0.900968867902419,0,1,0,0,0,2022,12,3.688879454113936,4.672828834461906,0,1827,7.510977752014095,D66,False,False,True,False,False,False,False,False,False,False,False,2,0,0,0.0,test,-0.9924,negative,0.0038,0.9962,1,0,1,1,0,1
005aabd7-692d-4661-8e06-cf05862aea17,ead24cc5-c192-4f15-a678-71e5415223ed,"39e vergadering, donderdag 22 december 2022",2022-12-22,7c4d3a9e-9bb2-47bf-bd7a-d785cb949ef9,Regeling van werkzaamheden,Regeling van werkzaamheden (stemmingen),Regeling van werkzaamheden (stemmingen),d18edd5c-8b54-4e64-9c56-f8cdc24c8143,Bergkamp,D66,lid Tweede Kamer,2022-12-22 13:04:51,2022-12-22 13:05:30,1,"Maar voordat we gaan stemmen, geef ik eerst even het woord aan mevrouw Kröger en dan aan de heer Eerdmans.",verslagen_xml\b433c19a-d812-45df-8075-07b5b911714a.xml,2022-12-22,8d33c9b6-bea7-4a99-8fd0-23f173e9709d,Stemmingen,STEMMINGEN  (over alle onderwerpen tot en met 21 december 2022),2022-12-22 12:00:00,2022-12-22 12:00:00,2022-12-22 13:10:00,Uitgevoerd,2022-2023,Tweede Kamer,3891.0,99a5b742-8379-4c5c-8da6-5f5b6240d0fd,f520a8b3-b9bf-42f4-850e-eecbffa5dc35,Stemmen - aangenomen,1,39.0,13,3,12,0,afternoon,-0.2588190451025208,-0.9659258262890684,106,26,"Maar voordat we gaan stemmen, geef ik eerst even het woord aan mevrouw Kröger en dan aan de heer Eerdmans.",-2.4492935982947064e-16,1.0,0.4338837391175582,-0.900968867902419,0,1,0,0,0,2022,12,3.688879454113936,4.672828834461906,0,1827,7.510977752014095,D66,False,False,True,False,False,False,False,False,False,False,False,2,0,0,0.0,test,-0.9924,negative,0.0038,0.9962,1,0,1,1,0,1
005aabd7-692d-4661-8e06-cf05862aea17,ead24cc5-c192-4f15-a678-71e5415223ed,"39e vergadering, donderdag 22 december 2022",2022-12-22,7c4d3a9e-9bb2-47bf-bd7a-d785cb949ef9,Regeling van werkzaamheden,Regeling van werkzaamheden (stemmingen),Regeling van werkzaamheden (stemmingen),d18edd5c-8b54-4e64-9c56-f8cdc24c8143,Bergkamp,D66,lid Tweede Kamer,2022-12-22 13:04:51,2022-12-22 13:05:30,1,"Maar voordat we gaan stemmen, geef ik eerst even het woord aan mevrouw Kröger en dan aan de heer Eerdmans.",verslagen_xml\b433c19a-d812-45df-8075-07b5b911714a.xml,2022-12-22,8d33c9b6-bea7-4a99-8fd0-23f173e9709d,Stemmingen,STEMMINGEN  (over alle onderwerpen tot en met 21 december 2022),2022-12-22 12:00:00,2022-12-22 12:00:00,2022-12-22 13:10:00,Uitgevoerd,2022-2023,Tweede Kamer,3891.0,342e6a24-c8d7-4986-a94f-617ee20850de,5b058c94-f0a9-4b80-83fa-0b504289f3b9,Stemmen - aangenomen,1,39.0,13,3,12,0,afternoon,-0.2588190451025208,-0.9659258262890684,106,26,"Maar voordat we gaan stemmen, geef ik eerst even het woord aan mevrouw Kröger en dan aan de heer Eerdmans.",-2.4492935982947064e-16,1.0,0.4338837391175582,-0.900968867902419,0,1,0,0,0,2022,12,3.688879454113936,4.672828834461906,0,1827,7.510977752014095,D66,False,False,True,False,False,False,False,False,False,False,False,2,0,0,0.0,test,-0.9924,negative,0.0038,0.9962,1,0,1,1,0,1
005aabd7-692d-4661-8e06-cf05862aea17,ead24cc5-c192-4f15-a678-71e5415223ed,"39e vergadering, donderdag 22 december 2022",2022-12-22,7c4d3a9e-9bb2-47bf-bd7a-d785cb949ef9,Regeling van werkzaamheden,Regeling van werkzaamheden (stemmingen),Regeling van werkzaamheden (stemmingen),d18edd5c-8b54-4e64-9c56-f8cdc24c8143,Bergkamp,D66,lid Tweede Kamer,2022-12-22 13:04:51,2022-12-22 13:05:30,1,"Maar voordat we gaan stemmen, geef ik eerst even het woord aan mevrouw Kröger en dan aan de heer Eerdmans.",verslagen_xml\b433c19a-d812-45df-8075-07b5b911714a.xml,2022-12-22,8d33c9b6-bea7-4a99-8fd0-23f173e9709d,Stemmingen,STEMMINGEN  (over alle onderwerpen tot en met 21 december 2022),2022-12-22 12:00:00,2022-12-22 12:00:00,2022-12-22 13:10:00,Uitgevoerd,2022-2023,Tweede Kamer,3891.0,342e6a24-c8d7-4986-a94f-617ee20850de,afb9a0da-51dd-4281-8ef5-1bda79854634,Stemmen - verworpen,0,39.0,13,3,12,0,afternoon,-0.2588190451025208,-0.9659258262890684,106,26,"Maar voordat we gaan stemmen, geef ik eerst even het woord aan mevrouw Kröger en dan aan de heer Eerdmans.",-2.4492935982947064e-16,1.0,0.4338837391175582,-0.900968867902419,0,1,0,0,0,2022,12,3.688879454113936,4.672828834461906,0,1827,7.510977752014095,D66,False,False,True,False,False,False,False,False,False,False,False,2,0,0,0.0,test,-0.9924,negative,0.0038,0.9962,1,0,1,1,0,1
005aabd7-692d-4661-8e06-cf05862aea17,ead24cc5-c192-4f15-a678-71e5415223ed,"39e vergadering, donderdag 22 december 2022",2022-12-22,7c4d3a9e-9bb2-47bf-bd7a-d785cb949ef9,Regeling van werkzaamheden,Regeling van werkzaamheden (stemmingen),Regeling van werkzaamheden (stemmingen),d18edd5c-8b54-4e64-9c56-f8cdc24c8143,Bergkamp,D66,lid Tweede Kamer,2022-12-22 13:04:51,2022-12-22 13:05:30,1,"Maar voordat we gaan stemmen, geef ik eerst even het woord aan mevrouw Kröger en dan aan de heer Eerdmans.",verslagen_xml\b433c19a-d812-45df-8075-07b5b911714a.xml,2022-12-22,8d33c9b6-bea7-4a99-8fd0-23f173e9709d,Stemmingen,STEMMINGEN  (over alle onderwerpen tot en met 21 december 2022),2022-12-22 12:00:00,2022-12-22 12:00:00,2022-12-22 13:10:00,Uitgevoerd,2022-2023,Tweede Kamer,3891.0,342e6a24-c8d7-4986-a94f-617ee20850de,6ac2831e-e99f-4f77-bccf-2c021a5fca7e,Stemmen - verworpen,0,39.0,13,3,12,0,afternoon,-0.2588190451025208,-0.9659258262890684,106,26,"Maar voordat we gaan stemmen, geef ik eerst even het woord aan mevrouw Kröger en dan aan de heer Eerdmans.",-2.4492935982947064e-16,1.0,0.4338837391175582,-0.900968867902419,0,1,0,0,0,2022,12,3.688879454113936,4.672828834461906,0,1827,7.510977752014095,D66,False,False,True,False,False,False,False,False,False,False,False,2,0,0,0.0,test,-0.9924,negative,0.0038,0.9962,1,0,1,1,0,1
005aabd7-692d-4661-8e06-cf05862aea17,ead24cc5-c192-4f15-a678-71e5415223ed,"39e vergadering, donderdag 22 december 2022",2022-12-22,7c4d3a9e-9bb2-47bf-bd7a-d785cb949ef9,Regeling van werkzaamheden,Regeling van werkzaamheden (stemmingen),Regeling van werkzaamheden (stemmingen),d18edd5c-8b54-4e64-9c56-f8cdc24c8143,Bergkamp,D66,lid Tweede Kamer,2022-12-22 13:04:51,2022-12-22 13:05:30,1,"Maar voordat we gaan stemmen, geef ik eerst even het woord aan mevrouw Kröger en dan aan de heer Eerdmans.",verslagen_xml\b433c19a-d812-45df-8075-07b5b911714a.xml,2022-12-22,8d33c9b6-bea7-4a99-8fd0-23f173e9709d,Stemmingen,STEMMINGEN  (over alle onderwerpen tot en met 21 december 2022),2022-12-22 12:00:00,2022-12-22 12:00:00,2022-12-22 13:10:00,Uitgevoerd,2022-2023,Tweede Kamer,3891.0,342e6a24-c8d7-4986-a94f-617ee20850de,f5a3a74d-b7af-4ed4-8a6a-370577d460ba,Stemmen - aangenomen,1,39.0,13,3,12,0,afternoon,-0.2588190451025208,-0.9659258262890684,106,26,"Maar voordat we gaan stemmen, geef ik eerst even het woord aan mevrouw Kröger en dan aan de heer Eerdmans.",-2.4492935982947064e-16,1.0,0.4338837391175582,-0.900968867902419,0,1,0,0,0,2022,12,3.688879454113936,4.672828834461906,0,1827,7.510977752014095,D66,False,False,True,False,False,False,False,False,False,False,False,2,0,0,0.0,test,-0.9924,negative,0.0038,0.9962,1,0,1,1,0,1
005aabd7-692d-4661-8e06-cf05862aea17,ead24cc5-c192-4f15-a678-71e5415223ed,"39e vergadering, donderdag 22 december 2022",2022-12-22,7c4d3a9e-9bb2-47bf-bd7a-d785cb949ef9,Regeling van werkzaamheden,Regeling van werkzaamheden (stemmingen),Regeling van werkzaamheden (stemmingen),d18edd5c-8b54-4e64-9c56-f8cdc24c8143,Bergkamp,D66,lid Tweede Kamer,2022-12-22 13:04:51,2022-12-22 13:05:30,1,"Maar voordat we gaan stemmen, geef ik eerst even het woord aan mevrouw Kröger en dan aan de heer Eerdmans.",verslagen_xml\b433c19a-d812-45df-8075-07b5b911714a.xml,2022-12-22,8d33c9b6-bea7-4a99-8fd0-23f173e9709d,Stemmingen,STEMMINGEN  (over alle onderwerpen tot en met 21 december 2022),2022-12-22 12:00:00,2022-12-22 12:00:00,2022-12-22 13:10:00,Uitgevoerd,2022-2023,Tweede Kamer,3891.0,342e6a24-c8d7-4986-a94f-617ee20850de,27213a9c-dc7c-402f-b371-3f5be109651a,Stemmen - aangenomen,1,39.0,13,3,12,0,afternoon,-0.2588190451025208,-0.9659258262890684,106,26,"Maar voordat we gaan stemmen, geef ik eerst even het woord aan mevrouw Kröger en dan aan de heer Eerdmans.",-2.4492935982947064e-16,1.0,0.4338837391175582,-0.900968867902419,0,1,0,0,0,2022,12,3.688879454113936,4.672828834461906,0,1827,7.510977752014095,D66,False,False,True,False,False,False,False,False,False,False,False,2,0,0,0.0,test,-0.9924,negative,0.0038,0.9962,1,0,1,1,0,1
005aabd7-692d-4661-8e06-cf05862aea17,ead24cc5-c192-4f15-a678-71e5415223ed,"39e vergadering, donderdag 22 december 2022",2022-12-22,7c4d3a9e-9bb2-47bf-bd7a-d785cb949ef9,Regeling van werkzaamheden,Regeling van werkzaamheden (stemmingen),Regeling van werkzaamheden (stemmingen),d18edd5c-8b54-4e64-9c56-f8cdc24c8143,Bergkamp,D66,lid Tweede Kamer,2022-12-22 13:04:51,2022-12-22 13:05:30,1,"Maar voordat we gaan stemmen, geef ik eerst even het woord aan mevrouw Kröger en dan aan de heer Eerdmans.",verslagen_xml\b433c19a-d812-45df-8075-07b5b911714a.xml,2022-12-22,8d33c9b6-bea7-4a99-8fd0-23f173e9709d,Stemmingen,STEMMINGEN  (over alle onderwerpen tot en met 21 december 2022),2022-12-22 12:00:00,2022-12-22 12:00:00,2022-12-22 13:10:00,Uitgevoerd,2022-2023,Tweede Kamer,3891.0,342e6a24-c8d7-4986-a94f-617ee20850de,3e31b4af-fb55-423f-9238-83cdfc8cb09c,Stemmen - verworpen,0,39.0,13,3,12,0,afternoon,-0.2588190451025208,-0.9659258262890684,106,26,"Maar voordat we gaan stemmen, geef ik eerst even het woord aan mevrouw Kröger en dan aan de heer Eerdmans.",-2.4492935982947064e-16,1.0,0.4338837391175582,-0.900968867902419,0,1,0,0,0,2022,12,3.688879454113936,4.672828834461906,0,1827,7.510977752014095,D66,False,False,True,False,False,False,False,False,False,False,False,2,0,0,0.0,test,-0.9924,negative,0.0038,0.9962,1,0,1,1,0,1
005aabd7-692d-4661-8e06-cf05862aea17,ead24cc5-c192-4f15-a678-71e5415223ed,"39e vergadering, donderdag 22 december 2022",2022-12-22,7c4d3a9e-9bb2-47bf-bd7a-d785cb949ef9,Regeling van werkzaamheden,Regeling van werkzaamheden (stemmingen),Regeling van werkzaamheden (stemmingen),d18edd5c-8b54-4e64-9c56-f8cdc24c8143,Bergkamp,D66,lid Tweede Kamer,2022-12-22 13:04:51,2022-12-22 13:05:30,1,"Maar voordat we gaan stemmen, geef ik eerst even het woord aan mevrouw Kröger en dan aan de heer Eerdmans.",verslagen_xml\b433c19a-d812-45df-8075-07b5b911714a.xml,2022-12-22,8d33c9b6-bea7-4a99-8fd0-23f173e9709d,Stemmingen,STEMMINGEN  (over alle onderwerpen tot en met 21 december 2022),2022-12-22 12:00:00,2022-12-22 12:00:00,2022-12-22 13:10:00,Uitgevoerd,2022-2023,Tweede Kamer,3891.0,342e6a24-c8d7-4986-a94f-617ee20850de,f8de066c-722d-4999-8250-954ebb987ac3,Stemmen - aangenomen,1,39.0,13,3,12,0,afternoon,-0.2588190451025208,-0.9659258262890684,106,26,"Maar voordat we gaan stemmen, geef ik eerst even het woord aan mevrouw Kröger en dan aan de heer Eerdmans.",-2.4492935982947064e-16,1.0,0.4338837391175582,-0.900968867902419,0,1,0,0,0,2022,12,3.688879454113936,4.672828834461906,0,1827,7.510977752014095,D66,False,False,True,False,False,False,False,False,False,False,False,2,0,0,0.0,test,-0.9924,negative,0.0038,0.9962,1,0,1,1,0,1
005aabd7-692d-4661-8e06-cf05862aea17,ead24cc5-c192-4f15-a678-71e5415223ed,"39e vergadering, donderdag 22 december 2022",2022-12-22,7c4d3a9e-9bb2-47bf-bd7a-d785cb949ef9,Regeling van werkzaamheden,Regeling van werkzaamheden (stemmingen),Regeling van werkzaamheden (stemmingen),d18edd5c-8b54-4e64-9c56-f8cdc24c8143,Bergkamp,D66,lid Tweede Kamer,2022-12-22 13:04:51,2022-12-22 13:05:30,1,"Maar voordat we gaan stemmen, geef ik eerst even het woord aan mevrouw Kröger en dan aan de heer Eerdmans.",verslagen_xml\b433c19a-d812-45df-8075-07b5b911714a.xml,2022-12-22,8d33c9b6-bea7-4a99-8fd0-23f173e9709d,Stemmingen,STEMMINGEN  (over alle onderwerpen tot en met 21 december 2022),2022-12-22 12:00:00,2022-12-22 12:00:00,2022-12-22 13:10:00,Uitgevoerd,2022-2023,Tweede Kamer,3891.0,342e6a24-c8d7-4986-a94f-617ee20850de,2e26372a-fcb0-45ea-a55a-abbfc494465f,Stemmen - aangenomen,1,39.0,13,3,12,0,afternoon,-0.2588190451025208,-0.9659258262890684,106,26,"Maar voordat we gaan stemmen, geef ik eerst even het woord aan mevrouw Kröger en dan aan de heer Eerdmans.",-2.4492935982947064e-16,1.0,0.4338837391175582,-0.900968867902419,0,1,0,0,0,2022,12,3.688879454113936,4.672828834461906,0,1827,7.510977752014095,D66,False,False,True,False,False,False,False,False,False,False,False,2,0,0,0.0,test,-0.9924,negative,0.0038,0.9962,1,0,1,1,0,1
005aabd7-692d-4661-8e06-cf05862aea17,ead24cc5-c192-4f15-a678-71e5415223ed,"39e vergadering, donderdag 22 december 2022",2022-12-22,7c4d3a9e-9bb2-47bf-bd7a-d785cb949ef9,Regeling van werkzaamheden,Regeling van werkzaamheden (stemmingen),Regeling van werkzaamheden (stemmingen),d18edd5c-8b54-4e64-9c56-f8cdc24c8143,Bergkamp,D66,lid Tweede Kamer,2022-12-22 13:04:51,2022-12-22 13:05:30,1,"Maar voordat we gaan stemmen, geef ik eerst even het woord aan mevrouw Kröger en dan aan de heer Eerdmans.",verslagen_xml\b433c19a-d812-45df-8075-07b5b911714a.xml,2022-12-22,8d33c9b6-bea7-4a99-8fd0-23f173e9709d,Stemmingen,STEMMINGEN  (over alle onderwerpen tot en met 21 december 2022),2022-12-22 12:00:00,2022-12-22 12:00:00,2022-12-22 13:10:00,Uitgevoerd,2022-2023,Tweede Kamer,3891.0,342e6a24-c8d7-4986-a94f-617ee20850de,103db05f-448a-451d-9c39-cdaa79db9fba,Stemmen - verworpen,0,39.0,13,3,12,0,afternoon,-0.2588190451025208,-0.9659258262890684,106,26,"Maar voordat we gaan stemmen, geef ik eerst even het woord aan mevrouw Kröger en dan aan de heer Eerdmans.",-2.4492935982947064e-16,1.0,0.4338837391175582,-0.900968867902419,0,1,0,0,0,2022,12,3.688879454113936,4.672828834461906,0,1827,7.510977752014095,D66,False,False,True,False,False,False,False,False,False,False,False,2,0,0,0.0,test,-0.9924,negative,0.0038,0.9962,1,0,1,1,0,1
005aabd7-692d-4661-8e06-cf05862aea17,ead24cc5-c192-4f15-a678-71e5415223ed,"39e vergadering, donderdag 22 december 2022",2022-12-22,7c4d3a9e-9bb2-47bf-bd7a-d785cb949ef9,Regeling van werkzaamheden,Regeling van werkzaamheden (stemmingen),Regeling van werkzaamheden (stemmingen),d18edd5c-8b54-4e64-9c56-f8cdc24c8143,Bergkamp,D66,lid Tweede Kamer,2022-12-22 13:04:51,2022-12-22 13:05:30,1,"Maar voordat we gaan stemmen, geef ik eerst even het woord aan mevrouw Kröger en dan aan de heer Eerdmans.",verslagen_xml\b433c19a-d812-45df-8075-07b5b911714a.xml,2022-12-22,8d33c9b6-bea7-4a99-8fd0-23f173e9709d,Stemmingen,STEMMINGEN  (over alle onderwerpen tot en met 21 december 2022),2022-12-22 12:00:00,2022-12-22 12:00:00,2022-12-22 13:10:00,Uitgevoerd,2022-2023,Tweede Kamer,3891.0,342e6a24-c8d7-4986-a94f-617ee20850de,1201da86-619d-4b1d-9a5f-ea4618c0978b,Stemmen - verworpen,0,39.0,13,3,12,0,afternoon,-0.2588190451025208,-0.9659258262890684,106,26,"Maar voordat we gaan stemmen, geef ik eerst even het woord aan mevrouw Kröger en dan aan de heer Eerdmans.",-2.4492935982947064e-16,1.0,0.4338837391175582,-0.900968867902419,0,1,0,0,0,2022,12,3.688879454113936,4.672828834461906,0,1827,7.510977752014095,D66,False,False,True,False,False,False,False,False,False,False,False,2,0,0,0.0,test,-0.9924,negative,0.0038,0.9962,1,0,1,1,0,1
005aabd7-692d-4661-8e06-cf05862aea17,ead24cc5-c192-4f15-a678-71e5415223ed,"39e vergadering, donderdag 22 december 2022",2022-12-22,7c4d3a9e-9bb2-47bf-bd7a-d785cb949ef9,Regeling van werkzaamheden,Regeling van werkzaamheden (stemmingen),Regeling van werkzaamheden (stemmingen),d18edd5c-8b54-4e64-9c56-f8cdc24c8143,Bergkamp,D66,lid Tweede Kamer,2022-12-22 13:04:51,2022-12-22 13:05:30,1,"Maar voordat we gaan stemmen, geef ik eerst even het woord aan mevrouw Kröger en dan aan de heer Eerdmans.",verslagen_xml\b433c19a-d812-45df-8075-07b5b911714a.xml,2022-12-22,8d33c9b6-bea7-4a99-8fd0-23f173e9709d,Stemmingen,STEMMINGEN  (over alle onderwerpen tot en met 21 december 2022),2022-12-22 12:00:00,2022-12-22 12:00:00,2022-12-22 13:10:00,Uitgevoerd,2022-2023,Tweede Kamer,3891.0,342e6a24-c8d7-4986-a94f-617ee20850de,d06a43f5-695f-4142-8bd1-f2b479173ffb,Stemmen - verworpen,0,39.0,13,3,12,0,afternoon,-0.2588190451025208,-0.9659258262890684,106,26,"Maar voordat we gaan stemmen, geef ik eerst even het woord aan mevrouw Kröger en dan aan de heer Eerdmans.",-2.4492935982947064e-16,1.0,0.4338837391175582,-0.900968867902419,0,1,0,0,0,2022,12,3.688879454113936,4.672828834461906,0,1827,7.510977752014095,D66,False,False,True,False,False,False,False,False,False,False,False,2,0,0,0.0,test,-0.9924,negative,0.0038,0.9962,1,0,1,1,0,1
005aabd7-692d-4661-8e06-cf05862aea17,ead24cc5-c192-4f15-a678-71e5415223ed,"39e vergadering, donderdag 22 december 2022",2022-12-22,7c4d3a9e-9bb2-47bf-bd7a-d785cb949ef9,Regeling van werkzaamheden,Regeling van werkzaamheden (stemmingen),Regeling van werkzaamheden (stemmingen),d18edd5c-8b54-4e64-9c56-f8cdc24c8143,Bergkamp,D66,lid Tweede Kamer,2022-12-22 13:04:51,2022-12-22 13:05:30,1,"Maar voordat we gaan stemmen, geef ik eerst even het woord aan mevrouw Kröger en dan aan de heer Eerdmans.",verslagen_xml\b433c19a-d812-45df-8075-07b5b911714a.xml,2022-12-22,8d33c9b6-bea7-4a99-8fd0-23f173e9709d,Stemmingen,STEMMINGEN  (over alle onderwerpen tot en met 21 december 2022),2022-12-22 12:00:00,2022-12-22 12:00:00,2022-12-22 13:10:00,Uitgevoerd,2022-2023,Tweede Kamer,3891.0,e8bfc22c-4267-4f25-8737-7348f223c0c6,3dd6fb8d-cefb-4997-90da-21751bd96c69,Stemmen - verworpen,0,39.0,13,3,12,0,afternoon,-0.2588190451025208,-0.9659258262890684,106,26,"Maar voordat we gaan stemmen, geef ik eerst even het woord aan mevrouw Kröger en dan aan de heer Eerdmans.",-2.4492935982947064e-16,1.0,0.4338837391175582,-0.900968867902419,0,1,0,0,0,2022,12,3.688879454113936,4.672828834461906,0,1827,7.510977752014095,D66,False,False,True,False,False,False,False,False,False,False,False,2,0,0,0.0,test,-0.9924,negative,0.0038,0.9962,1,0,1,1,0,1
005aabd7-692d-4661-8e06-cf05862aea17,ead24cc5-c192-4f15-a678-71e5415223ed,"39e vergadering, donderdag 22 december 2022",2022-12-22,7c4d3a9e-9bb2-47bf-bd7a-d785cb949ef9,Regeling van werkzaamheden,Regeling van werkzaamheden (stemmingen),Regeling van werkzaamheden (stemmingen),d18edd5c-8b54-4e64-9c56-f8cdc24c8143,Bergkamp,D66,lid Tweede Kamer,2022-12-22 13:04:51,2022-12-22 13:05:30,1,"Maar voordat we gaan stemmen, geef ik eerst even het woord aan mevrouw Kröger en dan aan de heer Eerdmans.",verslagen_xml\b433c19a-d812-45df-8075-07b5b911714a.xml,2022-12-22,8d33c9b6-bea7-4a99-8fd0-23f173e9709d,Stemmingen,STEMMINGEN  (over alle onderwerpen tot en met 21 december 2022),2022-12-22 12:00:00,2022-12-22 12:00:00,2022-12-22 13:10:00,Uitgevoerd,2022-2023,Tweede Kamer,3891.0,e8bfc22c-4267-4f25-8737-7348f223c0c6,42737230-3cb8-4fa5-ab26-547265c298f1,Stemmen - verworpen,0,39.0,13,3,12,0,afternoon,-0.2588190451025208,-0.9659258262890684,106,26,"Maar voordat we gaan stemmen, geef ik eerst even het woord aan mevrouw Kröger en dan aan de heer Eerdmans.",-2.4492935982947064e-16,1.0,0.4338837391175582,-0.900968867902419,0,1,0,0,0,2022,12,3.688879454113936,4.672828834461906,0,1827,7.510977752014095,D66,False,False,True,False,False,False,False,False,False,False,False,2,0,0,0.0,test,-0.9924,negative,0.0038,0.9962,1,0,1,1,0,1
005aabd7-692d-4661-8e06-cf05862aea17,ead24cc5-c192-4f15-a678-71e5415223ed,"39e vergadering, donderdag 22 december 2022",2022-12-22,7c4d3a9e-9bb2-47bf-bd7a-d785cb949ef9,Regeling van werkzaamheden,Regeling van werkzaamheden (stemmingen),Regeling van werkzaamheden (stemmingen),d18edd5c-8b54-4e64-9c56-f8cdc24c8143,Bergkamp,D66,lid Tweede Kamer,2022-12-22 13:04:51,2022-12-22 13:05:30,1,"Maar voordat we gaan stemmen, geef ik eerst even het woord aan mevrouw Kröger en dan aan de heer Eerdmans.",verslagen_xml\b433c19a-d812-45df-8075-07b5b911714a.xml,2022-12-22,8d33c9b6-bea7-4a99-8fd0-23f173e9709d,Stemmingen,STEMMINGEN  (over alle onderwerpen tot en met 21 december 2022),2022-12-22 12:00:00,2022-12-22 12:00:00,2022-12-22 13:10:00,Uitgevoerd,2022-2023,Tweede Kamer,3891.0,e8bfc22c-4267-4f25-8737-7348f223c0c6,ecc3f2b9-6a4e-45ee-b5b0-6a50ddba406c,Stemmen - verworpen,0,39.0,13,3,12,0,afternoon,-0.2588190451025208,-0.9659258262890684,106,26,"Maar voordat we gaan stemmen, geef ik eerst even het woord aan mevrouw Kröger en dan aan de heer Eerdmans.",-2.4492935982947064e-16,1.0,0.4338837391175582,-0.900968867902419,0,1,0,0,0,2022,12,3.688879454113936,4.672828834461906,0,1827,7.510977752014095,D66,False,False,True,False,False,False,False,False,False,False,False,2,0,0,0.0,test,-0.9924,negative,0.0038,0.9962,1,0,1,1,0,1
005aabd7-692d-4661-8e06-cf05862aea17,ead24cc5-c192-4f15-a678-71e5415223ed,"39e vergadering, donderdag 22 december 2022",2022-12-22,7c4d3a9e-9bb2-47bf-bd7a-d785cb949ef9,Regeling van werkzaamheden,Regeling van werkzaamheden (stemmingen),Regeling van werkzaamheden (stemmingen),d18edd5c-8b54-4e64-9c56-f8cdc24c8143,Bergkamp,D66,lid Tweede Kamer,2022-12-22 13:04:51,2022-12-22 13:05:30,1,"Maar voordat we gaan stemmen, geef ik eerst even het woord aan mevrouw Kröger en dan aan de heer Eerdmans.",verslagen_xml\b433c19a-d812-45df-8075-07b5b911714a.xml,2022-12-22,8d33c9b6-bea7-4a99-8fd0-23f173e9709d,Stemmingen,STEMMINGEN  (over alle onderwerpen tot en met 21 december 2022),2022-12-22 12:00:00,2022-12-22 12:00:00,2022-12-22 13:10:00,Uitgevoerd,2022-2023,Tweede Kamer,3891.0,e8bfc22c-4267-4f25-8737-7348f223c0c6,41108d0f-7b1d-444d-bc7c-813e4a5ffee9,Stemmen - aangenomen,1,39.0,13,3,12,0,afternoon,-0.2588190451025208,-0.9659258262890684,106,26,"Maar voordat we gaan stemmen, geef ik eerst even het woord aan mevrouw Kröger en dan aan de heer Eerdmans.",-2.4492935982947064e-16,1.0,0.4338837391175582,-0.900968867902419,0,1,0,0,0,2022,12,3.688879454113936,4.672828834461906,0,1827,7.510977752014095,D66,False,False,True,False,False,False,False,False,False,False,False,2,0,0,0.0,test,-0.9924,negative,0.0038,0.9962,1,0,1,1,0,1
005aabd7-692d-4661-8e06-cf05862aea17,ead24cc5-c192-4f15-a678-71e5415223ed,"39e vergadering, donderdag 22 december 2022",2022-12-22,7c4d3a9e-9bb2-47bf-bd7a-d785cb949ef9,Regeling van werkzaamheden,Regeling van werkzaamheden (stemmingen),Regeling van werkzaamheden (stemmingen),d18edd5c-8b54-4e64-9c56-f8cdc24c8143,Bergkamp,D66,lid Tweede Kamer,2022-12-22 13:04:51,2022-12-22 13:05:30,1,"Maar voordat we gaan stemmen, geef ik eerst even het woord aan mevrouw Kröger en dan aan de heer Eerdmans.",verslagen_xml\b433c19a-d812-45df-8075-07b5b911714a.xml,2022-12-22,8d33c9b6-bea7-4a99-8fd0-23f173e9709d,Stemmingen,STEMMINGEN  (over alle onderwerpen tot en met 21 december 2022),2022-12-22 12:00:00,2022-12-22 12:00:00,2022-12-22 13:10:00,Uitgevoerd,2022-2023,Tweede Kamer,3891.0,e8bfc22c-4267-4f25-8737-7348f223c0c6,754190dc-e42c-4169-9637-c86ef79e0434,Stemmen - verworpen,0,39.0,13,3,12,0,afternoon,-0.2588190451025208,-0.9659258262890684,106,26,"Maar voordat we gaan stemmen, geef ik eerst even het woord aan mevrouw Kröger en dan aan de heer Eerdmans.",-2.4492935982947064e-16,1.0,0.4338837391175582,-0.900968867902419,0,1,0,0,0,2022,12,3.688879454113936,4.672828834461906,0,1827,7.510977752014095,D66,False,False,True,False,False,False,False,False,False,False,False,2,0,0,0.0,test,-0.9924,negative,0.0038,0.9962,1,0,1,1,0,1
005aabd7-692d-4661-8e06-cf05862aea17,ead24cc5-c192-4f15-a678-71e5415223ed,"39e vergadering, donderdag 22 december 2022",2022-12-22,7c4d3a9e-9bb2-47bf-bd7a-d785cb949ef9,Regeling van werkzaamheden,Regeling van werkzaamheden (stemmingen),Regeling van werkzaamheden (stemmingen),d18edd5c-8b54-4e64-9c56-f8cdc24c8143,Bergkamp,D66,lid Tweede Kamer,2022-12-22 13:04:51,2022-12-22 13:05:30,1,"Maar voordat we gaan stemmen, geef ik eerst even het woord aan mevrouw Kröger en dan aan de heer Eerdmans.",verslagen_xml\b433c19a-d812-45df-8075-07b5b911714a.xml,2022-12-22,8d33c9b6-bea7-4a99-8fd0-23f173e9709d,Stemmingen,STEMMINGEN  (over alle onderwerpen tot en met 21 december 2022),2022-12-22 12:00:00,2022-12-22 12:00:00,2022-12-22 13:10:00,Uitgevoerd,2022-2023,Tweede Kamer,3891.0,e8bfc22c-4267-4f25-8737-7348f223c0c6,aa4b0a58-3ad0-441b-a4e9-f9e8f77dd43d,Stemmen - verworpen,0,39.0,13,3,12,0,afternoon,-0.2588190451025208,-0.9659258262890684,106,26,"Maar voordat we gaan stemmen, geef ik eerst even het woord aan mevrouw Kröger en dan aan de heer Eerdmans.",-2.4492935982947064e-16,1.0,0.4338837391175582,-0.900968867902419,0,1,0,0,0,2022,12,3.688879454113936,4.672828834461906,0,1827,7.510977752014095,D66,False,False,True,False,False,False,False,False,False,False,False,2,0,0,0.0,test,-0.9924,negative,0.0038,0.9962,1,0,1,1,0,1
005aabd7-692d-4661-8e06-cf05862aea17,ead24cc5-c192-4f15-a678-71e5415223ed,"39e vergadering, donderdag 22 december 2022",2022-12-22,7c4d3a9e-9bb2-47bf-bd7a-d785cb949ef9,Regeling van werkzaamheden,Regeling van werkzaamheden (stemmingen),Regeling van werkzaamheden (stemmingen),d18edd5c-8b54-4e64-9c56-f8cdc24c8143,Bergkamp,D66,lid Tweede Kamer,2022-12-22 13:04:51,2022-12-22 13:05:30,1,"Maar voordat we gaan stemmen, geef ik eerst even het woord aan mevrouw Kröger en dan aan de heer Eerdmans.",verslagen_xml\b433c19a-d812-45df-8075-07b5b911714a.xml,2022-12-22,8d33c9b6-bea7-4a99-8fd0-23f173e9709d,Stemmingen,STEMMINGEN  (over alle onderwerpen tot en met 21 december 2022),2022-12-22 12:00:00,2022-12-22 12:00:00,2022-12-22 13:10:00,Uitgevoerd,2022-2023,Tweede Kamer,3891.0,2107471b-c158-43ab-9d1c-777bb56a1fe7,0e37dc64-3e36-4a50-a83e-78fedd23528c,Stemmen - aangenomen,1,39.0,13,3,12,0,afternoon,-0.2588190451025208,-0.9659258262890684,106,26,"Maar voordat we gaan stemmen, geef ik eerst even het woord aan mevrouw Kröger en dan aan de heer Eerdmans.",-2.4492935982947064e-16,1.0,0.4338837391175582,-0.900968867902419,0,1,0,0,0,2022,12,3.688879454113936,4.672828834461906,0,1827,7.510977752014095,D66,False,False,True,False,False,False,False,False,False,False,False,2,0,0,0.0,test,-0.9924,negative,0.0038,0.9962,1,0,1,1,0,1
005aabd7-692d-4661-8e06-cf05862aea17,ead24cc5-c192-4f15-a678-71e5415223ed,"39e vergadering, donderdag 22 december 2022",2022-12-22,7c4d3a9e-9bb2-47bf-bd7a-d785cb949ef9,Regeling van werkzaamheden,Regeling van werkzaamheden (stemmingen),Regeling van werkzaamheden (stemmingen),d18edd5c-8b54-4e64-9c56-f8cdc24c8143,Bergkamp,D66,lid Tweede Kamer,2022-12-22 13:04:51,2022-12-22 13:05:30,1,"Maar voordat we gaan stemmen, geef ik eerst even het woord aan mevrouw Kröger en dan aan de heer Eerdmans.",verslagen_xml\b433c19a-d812-45df-8075-07b5b911714a.xml,2022-12-22,8d33c9b6-bea7-4a99-8fd0-23f173e9709d,Stemmingen,STEMMINGEN  (over alle onderwerpen tot en met 21 december 2022),2022-12-22 12:00:00,2022-12-22 12:00:00,2022-12-22 13:10:00,Uitgevoerd,2022-2023,Tweede Kamer,3891.0,2107471b-c158-43ab-9d1c-777bb56a1fe7,7ec54716-e9df-4bc8-920c-ca79c906b156,Stemmen - verworpen,0,39.0,13,3,12,0,afternoon,-0.2588190451025208,-0.9659258262890684,106,26,"Maar voordat we gaan stemmen, geef ik eerst even het woord aan mevrouw Kröger en dan aan de heer Eerdmans.",-2.4492935982947064e-16,1.0,0.4338837391175582,-0.900968867902419,0,1,0,0,0,2022,12,3.688879454113936,4.672828834461906,0,1827,7.510977752014095,D66,False,False,True,False,False,False,False,False,False,False,False,2,0,0,0.0,test,-0.9924,negative,0.0038,0.9962,1,0,1,1,0,1
005aabd7-692d-4661-8e06-cf05862aea17,ead24cc5-c192-4f15-a678-71e5415223ed,"39e vergadering, donderdag 22 december 2022",2022-12-22,7c4d3a9e-9bb2-47bf-bd7a-d785cb949ef9,Regeling van werkzaamheden,Regeling van werkzaamheden (stemmingen),Regeling van werkzaamheden (stemmingen),d18edd5c-8b54-4e64-9c56-f8cdc24c8143,Bergkamp,D66,lid Tweede Kamer,2022-12-22 13:04:51,2022-12-22 13:05:30,1,"Maar voordat we gaan stemmen, geef ik eerst even het woord aan mevrouw Kröger en dan aan de heer Eerdmans.",verslagen_xml\b433c19a-d812-45df-8075-07b5b911714a.xml,2022-12-22,8d33c9b6-bea7-4a99-8fd0-23f173e9709d,Stemmingen,STEMMINGEN  (over alle onderwerpen tot en met 21 december 2022),2022-12-22 12:00:00,2022-12-22 12:00:00,2022-12-22 13:10:00,Uitgevoerd,2022-2023,Tweede Kamer,3891.0,2107471b-c158-43ab-9d1c-777bb56a1fe7,7a4fa30d-8db3-4514-bc5d-f218e8772076,Stemmen - verworpen,0,39.0,13,3,12,0,afternoon,-0.2588190451025208,-0.9659258262890684,106,26,"Maar voordat we gaan stemmen, geef ik eerst even het woord aan mevrouw Kröger en dan aan de heer Eerdmans.",-2.4492935982947064e-16,1.0,0.4338837391175582,-0.900968867902419,0,1,0,0,0,2022,12,3.688879454113936,4.672828834461906,0,1827,7.510977752014095,D66,False,False,True,False,False,False,False,False,False,False,False,2,0,0,0.0,test,-0.9924,negative,0.0038,0.9962,1,0,1,1,0,1
005aabd7-692d-4661-8e06-cf05862aea17,ead24cc5-c192-4f15-a678-71e5415223ed,"39e vergadering, donderdag 22 december 2022",2022-12-22,7c4d3a9e-9bb2-47bf-bd7a-d785cb949ef9,Regeling van werkzaamheden,Regeling van werkzaamheden (stemmingen),Regeling van werkzaamheden (stemmingen),d18edd5c-8b54-4e64-9c56-f8cdc24c8143,Bergkamp,D66,lid Tweede Kamer,2022-12-22 13:04:51,2022-12-22 13:05:30,1,"Maar voordat we gaan stemmen, geef ik eerst even het woord aan mevrouw Kröger en dan aan de heer Eerdmans.",verslagen_xml\b433c19a-d812-45df-8075-07b5b911714a.xml,2022-12-22,8d33c9b6-bea7-4a99-8fd0-23f173e9709d,Stemmingen,STEMMINGEN  (over alle onderwerpen tot en met 21 december 2022),2022-12-22 12:00:00,2022-12-22 12:00:00,2022-12-22 13:10:00,Uitgevoerd,2022-2023,Tweede Kamer,3891.0,444ae6a0-e6c9-4246-8441-7ebdc54fcf2d,898114cf-01aa-4c61-aa07-543b3a2339be,Stemmen - aangenomen,1,39.0,13,3,12,0,afternoon,-0.2588190451025208,-0.9659258262890684,106,26,"Maar voordat we gaan stemmen, geef ik eerst even het woord aan mevrouw Kröger en dan aan de heer Eerdmans.",-2.4492935982947064e-16,1.0,0.4338837391175582,-0.900968867902419,0,1,0,0,0,2022,12,3.688879454113936,4.672828834461906,0,1827,7.510977752014095,D66,False,False,True,False,False,False,False,False,False,False,False,2,0,0,0.0,test,-0.9924,negative,0.0038,0.9962,1,0,1,1,0,1
005aabd7-692d-4661-8e06-cf05862aea17,ead24cc5-c192-4f15-a678-71e5415223ed,"39e vergadering, donderdag 22 december 2022",2022-12-22,7c4d3a9e-9bb2-47bf-bd7a-d785cb949ef9,Regeling van werkzaamheden,Regeling van werkzaamheden (stemmingen),Regeling van werkzaamheden (stemmingen),d18edd5c-8b54-4e64-9c56-f8cdc24c8143,Bergkamp,D66,lid Tweede Kamer,2022-12-22 13:04:51,2022-12-22 13:05:30,1,"Maar voordat we gaan stemmen, geef ik eerst even het woord aan mevrouw Kröger en dan aan de heer Eerdmans.",verslagen_xml\b433c19a-d812-45df-8075-07b5b911714a.xml,2022-12-22,8d33c9b6-bea7-4a99-8fd0-23f173e9709d,Stemmingen,STEMMINGEN  (over alle onderwerpen tot en met 21 december 2022),2022-12-22 12:00:00,2022-12-22 12:00:00,2022-12-22 13:10:00,Uitgevoerd,2022-2023,Tweede Kamer,3891.0,444ae6a0-e6c9-4246-8441-7ebdc54fcf2d,5e963440-9ece-4d56-bbf5-9fa79b7ff288,Stemmen - verworpen,0,39.0,13,3,12,0,afternoon,-0.2588190451025208,-0.9659258262890684,106,26,"Maar voordat we gaan stemmen, geef ik eerst even het woord aan mevrouw Kröger en dan aan de heer Eerdmans.",-2.4492935982947064e-16,1.0,0.4338837391175582,-0.900968867902419,0,1,0,0,0,2022,12,3.688879454113936,4.672828834461906,0,1827,7.510977752014095,D66,False,False,True,False,False,False,False,False,False,False,False,2,0,0,0.0,test,-0.9924,negative,0.0038,0.9962,1,0,1,1,0,1
005aabd7-692d-4661-8e06-cf05862aea17,ead24cc5-c192-4f15-a678-71e5415223ed,"39e vergadering, donderdag 22 december 2022",2022-12-22,7c4d3a9e-9bb2-47bf-bd7a-d785cb949ef9,Regeling van werkzaamheden,Regeling van werkzaamheden (stemmingen),Regeling van werkzaamheden (stemmingen),d18edd5c-8b54-4e64-9c56-f8cdc24c8143,Bergkamp,D66,lid Tweede Kamer,2022-12-22 13:04:51,2022-12-22 13:05:30,1,"Maar voordat we gaan stemmen, geef ik eerst even het woord aan mevrouw Kröger en dan aan de heer Eerdmans.",verslagen_xml\b433c19a-d812-45df-8075-07b5b911714a.xml,2022-12-22,8d33c9b6-bea7-4a99-8fd0-23f173e9709d,Stemmingen,STEMMINGEN  (over alle onderwerpen tot en met 21 december 2022),2022-12-22 12:00:00,2022-12-22 12:00:00,2022-12-22 13:10:00,Uitgevoerd,2022-2023,Tweede Kamer,3891.0,444ae6a0-e6c9-4246-8441-7ebdc54fcf2d,ef77c86e-1c73-4665-a500-ba7312bf3c8d,Stemmen - verworpen,0,39.0,13,3,12,0,afternoon,-0.2588190451025208,-0.9659258262890684,106,26,"Maar voordat we gaan stemmen, geef ik eerst even het woord aan mevrouw Kröger en dan aan de heer Eerdmans.",-2.4492935982947064e-16,1.0,0.4338837391175582,-0.900968867902419,0,1,0,0,0,2022,12,3.688879454113936,4.672828834461906,0,1827,7.510977752014095,D66,False,False,True,False,False,False,False,False,False,False,False,2,0,0,0.0,test,-0.9924,negative,0.0038,0.9962,1,0,1,1,0,1
005aabd7-692d-4661-8e06-cf05862aea17,ead24cc5-c192-4f15-a678-71e5415223ed,"39e vergadering, donderdag 22 december 2022",2022-12-22,7c4d3a9e-9bb2-47bf-bd7a-d785cb949ef9,Regeling van werkzaamheden,Regeling van werkzaamheden (stemmingen),Regeling van werkzaamheden (stemmingen),d18edd5c-8b54-4e64-9c56-f8cdc24c8143,Bergkamp,D66,lid Tweede Kamer,2022-12-22 13:04:51,2022-12-22 13:05:30,1,"Maar voordat we gaan stemmen, geef ik eerst even het woord aan mevrouw Kröger en dan aan de heer Eerdmans.",verslagen_xml\b433c19a-d812-45df-8075-07b5b911714a.xml,2022-12-22,8d33c9b6-bea7-4a99-8fd0-23f173e9709d,Stemmingen,STEMMINGEN  (over alle onderwerpen tot en met 21 december 2022),2022-12-22 12:00:00,2022-12-22 12:00:00,2022-12-22 13:10:00,Uitgevoerd,2022-2023,Tweede Kamer,3891.0,444ae6a0-e6c9-4246-8441-7ebdc54fcf2d,533487d0-5106-41eb-870a-cf02998ecf58,Stemmen - aangenomen,1,39.0,13,3,12,0,afternoon,-0.2588190451025208,-0.9659258262890684,106,26,"Maar voordat we gaan stemmen, geef ik eerst even het woord aan mevrouw Kröger en dan aan de heer Eerdmans.",-2.4492935982947064e-16,1.0,0.4338837391175582,-0.900968867902419,0,1,0,0,0,2022,12,3.688879454113936,4.672828834461906,0,1827,7.510977752014095,D66,False,False,True,False,False,False,False,False,False,False,False,2,0,0,0.0,test,-0.9924,negative,0.0038,0.9962,1,0,1,1,0,1
005aabd7-692d-4661-8e06-cf05862aea17,ead24cc5-c192-4f15-a678-71e5415223ed,"39e vergadering, donderdag 22 december 2022",2022-12-22,7c4d3a9e-9bb2-47bf-bd7a-d785cb949ef9,Regeling van werkzaamheden,Regeling van werkzaamheden (stemmingen),Regeling van werkzaamheden (stemmingen),d18edd5c-8b54-4e64-9c56-f8cdc24c8143,Bergkamp,D66,lid Tweede Kamer,2022-12-22 13:04:51,2022-12-22 13:05:30,1,"Maar voordat we gaan stemmen, geef ik eerst even het woord aan mevrouw Kröger en dan aan de heer Eerdmans.",verslagen_xml\b433c19a-d812-45df-8075-07b5b911714a.xml,2022-12-22,8d33c9b6-bea7-4a99-8fd0-23f173e9709d,Stemmingen,STEMMINGEN  (over alle onderwerpen tot en met 21 december 2022),2022-12-22 12:00:00,2022-12-22 12:00:00,2022-12-22 13:10:00,Uitgevoerd,2022-2023,Tweede Kamer,3891.0,444ae6a0-e6c9-4246-8441-7ebdc54fcf2d,549ac490-7873-444d-a143-dc4315f7f800,Stemmen - verworpen,0,39.0,13,3,12,0,afternoon,-0.2588190451025208,-0.9659258262890684,106,26,"Maar voordat we gaan stemmen, geef ik eerst even het woord aan mevrouw Kröger en dan aan de heer Eerdmans.",-2.4492935982947064e-16,1.0,0.4338837391175582,-0.900968867902419,0,1,0,0,0,2022,12,3.688879454113936,4.672828834461906,0,1827,7.510977752014095,D66,False,False,True,False,False,False,False,False,False,False,False,2,0,0,0.0,test,-0.9924,negative,0.0038,0.9962,1,0,1,1,0,1
005aabd7-692d-4661-8e06-cf05862aea17,ead24cc5-c192-4f15-a678-71e5415223ed,"39e vergadering, donderdag 22 december 2022",2022-12-22,7c4d3a9e-9bb2-47bf-bd7a-d785cb949ef9,Regeling van werkzaamheden,Regeling van werkzaamheden (stemmingen),Regeling van werkzaamheden (stemmingen),d18edd5c-8b54-4e64-9c56-f8cdc24c8143,Bergkamp,D66,lid Tweede Kamer,2022-12-22 13:04:51,2022-12-22 13:05:30,1,"Maar voordat we gaan stemmen, geef ik eerst even het woord aan mevrouw Kröger en dan aan de heer Eerdmans.",verslagen_xml\b433c19a-d812-45df-8075-07b5b911714a.xml,2022-12-22,8d33c9b6-bea7-4a99-8fd0-23f173e9709d,Stemmingen,STEMMINGEN  (over alle onderwerpen tot en met 21 december 2022),2022-12-22 12:00:00,2022-12-22 12:00:00,2022-12-22 13:10:00,Uitgevoerd,2022-2023,Tweede Kamer,3891.0,444ae6a0-e6c9-4246-8441-7ebdc54fcf2d,dc6b7235-f07d-458a-9abb-de6fd7a6eb73,Stemmen - aangenomen,1,39.0,13,3,12,0,afternoon,-0.2588190451025208,-0.9659258262890684,106,26,"Maar voordat we gaan stemmen, geef ik eerst even het woord aan mevrouw Kröger en dan aan de heer Eerdmans.",-2.4492935982947064e-16,1.0,0.4338837391175582,-0.900968867902419,0,1,0,0,0,2022,12,3.688879454113936,4.672828834461906,0,1827,7.510977752014095,D66,False,False,True,False,False,False,False,False,False,False,False,2,0,0,0.0,test,-0.9924,negative,0.0038,0.9962,1,0,1,1,0,1
005aabd7-692d-4661-8e06-cf05862aea17,ead24cc5-c192-4f15-a678-71e5415223ed,"39e vergadering, donderdag 22 december 2022",2022-12-22,7c4d3a9e-9bb2-47bf-bd7a-d785cb949ef9,Regeling van werkzaamheden,Regeling van werkzaamheden (stemmingen),Regeling van werkzaamheden (stemmingen),d18edd5c-8b54-4e64-9c56-f8cdc24c8143,Bergkamp,D66,lid Tweede Kamer,2022-12-22 13:04:51,2022-12-22 13:05:30,1,"Maar voordat we gaan stemmen, geef ik eerst even het woord aan mevrouw Kröger en dan aan de heer Eerdmans.",verslagen_xml\b433c19a-d812-45df-8075-07b5b911714a.xml,2022-12-22,8d33c9b6-bea7-4a99-8fd0-23f173e9709d,Stemmingen,STEMMINGEN  (over alle onderwerpen tot en met 21 december 2022),2022-12-22 12:00:00,2022-12-22 12:00:00,2022-12-22 13:10:00,Uitgevoerd,2022-2023,Tweede Kamer,3891.0,444ae6a0-e6c9-4246-8441-7ebdc54fcf2d,d0c2d167-d5da-448f-8763-e73cee3ac6c5,Stemmen - verworpen,0,39.0,13,3,12,0,afternoon,-0.2588190451025208,-0.9659258262890684,106,26,"Maar voordat we gaan stemmen, geef ik eerst even het woord aan mevrouw Kröger en dan aan de heer Eerdmans.",-2.4492935982947064e-16,1.0,0.4338837391175582,-0.900968867902419,0,1,0,0,0,2022,12,3.688879454113936,4.672828834461906,0,1827,7.510977752014095,D66,False,False,True,False,False,False,False,False,False,False,False,2,0,0,0.0,test,-0.9924,negative,0.0038,0.9962,1,0,1,1,0,1
005aabd7-692d-4661-8e06-cf05862aea17,ead24cc5-c192-4f15-a678-71e5415223ed,"39e vergadering, donderdag 22 december 2022",2022-12-22,7c4d3a9e-9bb2-47bf-bd7a-d785cb949ef9,Regeling van werkzaamheden,Regeling van werkzaamheden (stemmingen),Regeling van werkzaamheden (stemmingen),d18edd5c-8b54-4e64-9c56-f8cdc24c8143,Bergkamp,D66,lid Tweede Kamer,2022-12-22 13:04:51,2022-12-22 13:05:30,1,"Maar voordat we gaan stemmen, geef ik eerst even het woord aan mevrouw Kröger en dan aan de heer Eerdmans.",verslagen_xml\b433c19a-d812-45df-8075-07b5b911714a.xml,2022-12-22,8d33c9b6-bea7-4a99-8fd0-23f173e9709d,Stemmingen,STEMMINGEN  (over alle onderwerpen tot en met 21 december 2022),2022-12-22 12:00:00,2022-12-22 12:00:00,2022-12-22 13:10:00,Uitgevoerd,2022-2023,Tweede Kamer,3891.0,fc76c833-fc02-4422-b541-84204f00a5f9,a09b431a-d57b-44d5-ab79-169341ed7053,Stemmen - aangenomen,1,39.0,13,3,12,0,afternoon,-0.2588190451025208,-0.9659258262890684,106,26,"Maar voordat we gaan stemmen, geef ik eerst even het woord aan mevrouw Kröger en dan aan de heer Eerdmans.",-2.4492935982947064e-16,1.0,0.4338837391175582,-0.900968867902419,0,1,0,0,0,2022,12,3.688879454113936,4.672828834461906,0,1827,7.510977752014095,D66,False,False,True,False,False,False,False,False,False,False,False,2,0,0,0.0,test,-0.9924,negative,0.0038,0.9962,1,0,1,1,0,1
005aabd7-692d-4661-8e06-cf05862aea17,ead24cc5-c192-4f15-a678-71e5415223ed,"39e vergadering, donderdag 22 december 2022",2022-12-22,7c4d3a9e-9bb2-47bf-bd7a-d785cb949ef9,Regeling van werkzaamheden,Regeling van werkzaamheden (stemmingen),Regeling van werkzaamheden (stemmingen),d18edd5c-8b54-4e64-9c56-f8cdc24c8143,Bergkamp,D66,lid Tweede Kamer,2022-12-22 13:04:51,2022-12-22 13:05:30,1,"Maar voordat we gaan stemmen, geef ik eerst even het woord aan mevrouw Kröger en dan aan de heer Eerdmans.",verslagen_xml\b433c19a-d812-45df-8075-07b5b911714a.xml,2022-12-22,8d33c9b6-bea7-4a99-8fd0-23f173e9709d,Stemmingen,STEMMINGEN  (over alle onderwerpen tot en met 21 december 2022),2022-12-22 12:00:00,2022-12-22 12:00:00,2022-12-22 13:10:00,Uitgevoerd,2022-2023,Tweede Kamer,3891.0,fc76c833-fc02-4422-b541-84204f00a5f9,5b50426a-9d6c-4934-9abb-3043e9bdb610,Stemmen - verworpen,0,39.0,13,3,12,0,afternoon,-0.2588190451025208,-0.9659258262890684,106,26,"Maar voordat we gaan stemmen, geef ik eerst even het woord aan mevrouw Kröger en dan aan de heer Eerdmans.",-2.4492935982947064e-16,1.0,0.4338837391175582,-0.900968867902419,0,1,0,0,0,2022,12,3.688879454113936,4.672828834461906,0,1827,7.510977752014095,D66,False,False,True,False,False,False,False,False,False,False,False,2,0,0,0.0,test,-0.9924,negative,0.0038,0.9962,1,0,1,1,0,1
005aabd7-692d-4661-8e06-cf05862aea17,ead24cc5-c192-4f15-a678-71e5415223ed,"39e vergadering, donderdag 22 december 2022",2022-12-22,7c4d3a9e-9bb2-47bf-bd7a-d785cb949ef9,Regeling van werkzaamheden,Regeling van werkzaamheden (stemmingen),Regeling van werkzaamheden (stemmingen),d18edd5c-8b54-4e64-9c56-f8cdc24c8143,Bergkamp,D66,lid Tweede Kamer,2022-12-22 13:04:51,2022-12-22 13:05:30,1,"Maar voordat we gaan stemmen, geef ik eerst even het woord aan mevrouw Kröger en dan aan de heer Eerdmans.",verslagen_xml\b433c19a-d812-45df-8075-07b5b911714a.xml,2022-12-22,8d33c9b6-bea7-4a99-8fd0-23f173e9709d,Stemmingen,STEMMINGEN  (over alle onderwerpen tot en met 21 december 2022),2022-12-22 12:00:00,2022-12-22 12:00:00,2022-12-22 13:10:00,Uitgevoerd,2022-2023,Tweede Kamer,3891.0,fc76c833-fc02-4422-b541-84204f00a5f9,1fe58666-d03f-420d-ad44-72992f1bb9bc,Stemmen - aangenomen,1,39.0,13,3,12,0,afternoon,-0.2588190451025208,-0.9659258262890684,106,26,"Maar voordat we gaan stemmen, geef ik eerst even het woord aan mevrouw Kröger en dan aan de heer Eerdmans.",-2.4492935982947064e-16,1.0,0.4338837391175582,-0.900968867902419,0,1,0,0,0,2022,12,3.688879454113936,4.672828834461906,0,1827,7.510977752014095,D66,False,False,True,False,False,False,False,False,False,False,False,2,0,0,0.0,test,-0.9924,negative,0.0038,0.9962,1,0,1,1,0,1
005aabd7-692d-4661-8e06-cf05862aea17,ead24cc5-c192-4f15-a678-71e5415223ed,"39e vergadering, donderdag 22 december 2022",2022-12-22,7c4d3a9e-9bb2-47bf-bd7a-d785cb949ef9,Regeling van werkzaamheden,Regeling van werkzaamheden (stemmingen),Regeling van werkzaamheden (stemmingen),d18edd5c-8b54-4e64-9c56-f8cdc24c8143,Bergkamp,D66,lid Tweede Kamer,2022-12-22 13:04:51,2022-12-22 13:05:30,1,"Maar voordat we gaan stemmen, geef ik eerst even het woord aan mevrouw Kröger en dan aan de heer Eerdmans.",verslagen_xml\b433c19a-d812-45df-8075-07b5b911714a.xml,2022-12-22,8d33c9b6-bea7-4a99-8fd0-23f173e9709d,Stemmingen,STEMMINGEN  (over alle onderwerpen tot en met 21 december 2022),2022-12-22 12:00:00,2022-12-22 12:00:00,2022-12-22 13:10:00,Uitgevoerd,2022-2023,Tweede Kamer,3891.0,fc76c833-fc02-4422-b541-84204f00a5f9,ec5ab001-1cb6-4512-8908-ae2396f523cf,Stemmen - verworpen,0,39.0,13,3,12,0,afternoon,-0.2588190451025208,-0.9659258262890684,106,26,"Maar voordat we gaan stemmen, geef ik eerst even het woord aan mevrouw Kröger en dan aan de heer Eerdmans.",-2.4492935982947064e-16,1.0,0.4338837391175582,-0.900968867902419,0,1,0,0,0,2022,12,3.688879454113936,4.672828834461906,0,1827,7.510977752014095,D66,False,False,True,False,False,False,False,False,False,False,False,2,0,0,0.0,test,-0.9924,negative,0.0038,0.9962,1,0,1,1,0,1
005aabd7-692d-4661-8e06-cf05862aea17,ead24cc5-c192-4f15-a678-71e5415223ed,"39e vergadering, donderdag 22 december 2022",2022-12-22,7c4d3a9e-9bb2-47bf-bd7a-d785cb949ef9,Regeling van werkzaamheden,Regeling van werkzaamheden (stemmingen),Regeling van werkzaamheden (stemmingen),d18edd5c-8b54-4e64-9c56-f8cdc24c8143,Bergkamp,D66,lid Tweede Kamer,2022-12-22 13:04:51,2022-12-22 13:05:30,1,"Maar voordat we gaan stemmen, geef ik eerst even het woord aan mevrouw Kröger en dan aan de heer Eerdmans.",verslagen_xml\b433c19a-d812-45df-8075-07b5b911714a.xml,2022-12-22,8d33c9b6-bea7-4a99-8fd0-23f173e9709d,Stemmingen,STEMMINGEN  (over alle onderwerpen tot en met 21 december 2022),2022-12-22 12:00:00,2022-12-22 12:00:00,2022-12-22 13:10:00,Uitgevoerd,2022-2023,Tweede Kamer,3891.0,fc76c833-fc02-4422-b541-84204f00a5f9,3b041a4b-4a68-4477-bf39-ca4f0426180d,Stemmen - verworpen,0,39.0,13,3,12,0,afternoon,-0.2588190451025208,-0.9659258262890684,106,26,"Maar voordat we gaan stemmen, geef ik eerst even het woord aan mevrouw Kröger en dan aan de heer Eerdmans.",-2.4492935982947064e-16,1.0,0.4338837391175582,-0.900968867902419,0,1,0,0,0,2022,12,3.688879454113936,4.672828834461906,0,1827,7.510977752014095,D66,False,False,True,False,False,False,False,False,False,False,False,2,0,0,0.0,test,-0.9924,negative,0.0038,0.9962,1,0,1,1,0,1
005aabd7-692d-4661-8e06-cf05862aea17,ead24cc5-c192-4f15-a678-71e5415223ed,"39e vergadering, donderdag 22 december 2022",2022-12-22,7c4d3a9e-9bb2-47bf-bd7a-d785cb949ef9,Regeling van werkzaamheden,Regeling van werkzaamheden (stemmingen),Regeling van werkzaamheden (stemmingen),d18edd5c-8b54-4e64-9c56-f8cdc24c8143,Bergkamp,D66,lid Tweede Kamer,2022-12-22 13:04:51,2022-12-22 13:05:30,1,"Maar voordat we gaan stemmen, geef ik eerst even het woord aan mevrouw Kröger en dan aan de heer Eerdmans.",verslagen_xml\b433c19a-d812-45df-8075-07b5b911714a.xml,2022-12-22,8d33c9b6-bea7-4a99-8fd0-23f173e9709d,Stemmingen,STEMMINGEN  (over alle onderwerpen tot en met 21 december 2022),2022-12-22 12:00:00,2022-12-22 12:00:00,2022-12-22 13:10:00,Uitgevoerd,2022-2023,Tweede Kamer,3891.0,fda6ba9f-7822-470d-8dde-8d80953e47bc,629e688c-71c6-415b-999d-0310781aebe3,Stemmen - aangenomen,1,39.0,13,3,12,0,afternoon,-0.2588190451025208,-0.9659258262890684,106,26,"Maar voordat we gaan stemmen, geef ik eerst even het woord aan mevrouw Kröger en dan aan de heer Eerdmans.",-2.4492935982947064e-16,1.0,0.4338837391175582,-0.900968867902419,0,1,0,0,0,2022,12,3.688879454113936,4.672828834461906,0,1827,7.510977752014095,D66,False,False,True,False,False,False,False,False,False,False,False,2,0,0,0.0,test,-0.9924,negative,0.0038,0.9962,1,0,1,1,0,1
005aabd7-692d-4661-8e06-cf05862aea17,ead24cc5-c192-4f15-a678-71e5415223ed,"39e vergadering, donderdag 22 december 2022",2022-12-22,7c4d3a9e-9bb2-47bf-bd7a-d785cb949ef9,Regeling van werkzaamheden,Regeling van werkzaamheden (stemmingen),Regeling van werkzaamheden (stemmingen),d18edd5c-8b54-4e64-9c56-f8cdc24c8143,Bergkamp,D66,lid Tweede Kamer,2022-12-22 13:04:51,2022-12-22 13:05:30,1,"Maar voordat we gaan stemmen, geef ik eerst even het woord aan mevrouw Kröger en dan aan de heer Eerdmans.",verslagen_xml\b433c19a-d812-45df-8075-07b5b911714a.xml,2022-12-22,8d33c9b6-bea7-4a99-8fd0-23f173e9709d,Stemmingen,STEMMINGEN  (over alle onderwerpen tot en met 21 december 2022),2022-12-22 12:00:00,2022-12-22 12:00:00,2022-12-22 13:10:00,Uitgevoerd,2022-2023,Tweede Kamer,3891.0,fda6ba9f-7822-470d-8dde-8d80953e47bc,cfdbcc0c-8762-46f5-b018-7175ae399dcf,Stemmen - verworpen,0,39.0,13,3,12,0,afternoon,-0.2588190451025208,-0.9659258262890684,106,26,"Maar voordat we gaan stemmen, geef ik eerst even het woord aan mevrouw Kröger en dan aan de heer Eerdmans.",-2.4492935982947064e-16,1.0,0.4338837391175582,-0.900968867902419,0,1,0,0,0,2022,12,3.688879454113936,4.672828834461906,0,1827,7.510977752014095,D66,False,False,True,False,False,False,False,False,False,False,False,2,0,0,0.0,test,-0.9924,negative,0.0038,0.9962,1,0,1,1,0,1
005aabd7-692d-4661-8e06-cf05862aea17,ead24cc5-c192-4f15-a678-71e5415223ed,"39e vergadering, donderdag 22 december 2022",2022-12-22,7c4d3a9e-9bb2-47bf-bd7a-d785cb949ef9,Regeling van werkzaamheden,Regeling van werkzaamheden (stemmingen),Regeling van werkzaamheden (stemmingen),d18edd5c-8b54-4e64-9c56-f8cdc24c8143,Bergkamp,D66,lid Tweede Kamer,2022-12-22 13:04:51,2022-12-22 13:05:30,1,"Maar voordat we gaan stemmen, geef ik eerst even het woord aan mevrouw Kröger en dan aan de heer Eerdmans.",verslagen_xml\b433c19a-d812-45df-8075-07b5b911714a.xml,2022-12-22,8d33c9b6-bea7-4a99-8fd0-23f173e9709d,Stemmingen,STEMMINGEN  (over alle onderwerpen tot en met 21 december 2022),2022-12-22 12:00:00,2022-12-22 12:00:00,2022-12-22 13:10:00,Uitgevoerd,2022-2023,Tweede Kamer,3891.0,fda6ba9f-7822-470d-8dde-8d80953e47bc,d4ecdc2c-d1fa-4bcf-aab7-e9e654b8b2d9,Stemmen - verworpen,0,39.0,13,3,12,0,afternoon,-0.2588190451025208,-0.9659258262890684,106,26,"Maar voordat we gaan stemmen, geef ik eerst even het woord aan mevrouw Kröger en dan aan de heer Eerdmans.",-2.4492935982947064e-16,1.0,0.4338837391175582,-0.900968867902419,0,1,0,0,0,2022,12,3.688879454113936,4.672828834461906,0,1827,7.510977752014095,D66,False,False,True,False,False,False,False,False,False,False,False,2,0,0,0.0,test,-0.9924,negative,0.0038,0.9962,1,0,1,1,0,1
005aabd7-692d-4661-8e06-cf05862aea17,ead24cc5-c192-4f15-a678-71e5415223ed,"39e vergadering, donderdag 22 december 2022",2022-12-22,7c4d3a9e-9bb2-47bf-bd7a-d785cb949ef9,Regeling van werkzaamheden,Regeling van werkzaamheden (stemmingen),Regeling van werkzaamheden (stemmingen),d18edd5c-8b54-4e64-9c56-f8cdc24c8143,Bergkamp,D66,lid Tweede Kamer,2022-12-22 13:04:51,2022-12-22 13:05:30,1,"Maar voordat we gaan stemmen, geef ik eerst even het woord aan mevrouw Kröger en dan aan de heer Eerdmans.",verslagen_xml\b433c19a-d812-45df-8075-07b5b911714a.xml,2022-12-22,8d33c9b6-bea7-4a99-8fd0-23f173e9709d,Stemmingen,STEMMINGEN  (over alle onderwerpen tot en met 21 december 2022),2022-12-22 12:00:00,2022-12-22 12:00:00,2022-12-22 13:10:00,Uitgevoerd,2022-2023,Tweede Kamer,3891.0,5b1e2a53-56ab-411d-9a68-9333c3e4be53,d4a4fdc2-2e6f-40dc-ba22-2e604197114a,Stemmen - aangenomen,1,39.0,13,3,12,0,afternoon,-0.2588190451025208,-0.9659258262890684,106,26,"Maar voordat we gaan stemmen, geef ik eerst even het woord aan mevrouw Kröger en dan aan de heer Eerdmans.",-2.4492935982947064e-16,1.0,0.4338837391175582,-0.900968867902419,0,1,0,0,0,2022,12,3.688879454113936,4.672828834461906,0,1827,7.510977752014095,D66,False,False,True,False,False,False,False,False,False,False,False,2,0,0,0.0,test,-0.9924,negative,0.0038,0.9962,1,0,1,1,0,1
005aabd7-692d-4661-8e06-cf05862aea17,ead24cc5-c192-4f15-a678-71e5415223ed,"39e vergadering, donderdag 22 december 2022",2022-12-22,7c4d3a9e-9bb2-47bf-bd7a-d785cb949ef9,Regeling van werkzaamheden,Regeling van werkzaamheden (stemmingen),Regeling van werkzaamheden (stemmingen),d18edd5c-8b54-4e64-9c56-f8cdc24c8143,Bergkamp,D66,lid Tweede Kamer,2022-12-22 13:04:51,2022-12-22 13:05:30,1,"Maar voordat we gaan stemmen, geef ik eerst even het woord aan mevrouw Kröger en dan aan de heer Eerdmans.",verslagen_xml\b433c19a-d812-45df-8075-07b5b911714a.xml,2022-12-22,8d33c9b6-bea7-4a99-8fd0-23f173e9709d,Stemmingen,STEMMINGEN  (over alle onderwerpen tot en met 21 december 2022),2022-12-22 12:00:00,2022-12-22 12:00:00,2022-12-22 13:10:00,Uitgevoerd,2022-2023,Tweede Kamer,3891.0,5b1e2a53-56ab-411d-9a68-9333c3e4be53,c7d58556-42d4-413b-9ba4-2ed370aedb8e,Stemmen - verworpen,0,39.0,13,3,12,0,afternoon,-0.2588190451025208,-0.9659258262890684,106,26,"Maar voordat we gaan stemmen, geef ik eerst even het woord aan mevrouw Kröger en dan aan de heer Eerdmans.",-2.4492935982947064e-16,1.0,0.4338837391175582,-0.900968867902419,0,1,0,0,0,2022,12,3.688879454113936,4.672828834461906,0,1827,7.510977752014095,D66,False,False,True,False,False,False,False,False,False,False,False,2,0,0,0.0,test,-0.9924,negative,0.0038,0.9962,1,0,1,1,0,1
005aabd7-692d-4661-8e06-cf05862aea17,ead24cc5-c192-4f15-a678-71e5415223ed,"39e vergadering, donderdag 22 december 2022",2022-12-22,7c4d3a9e-9bb2-47bf-bd7a-d785cb949ef9,Regeling van werkzaamheden,Regeling van werkzaamheden (stemmingen),Regeling van werkzaamheden (stemmingen),d18edd5c-8b54-4e64-9c56-f8cdc24c8143,Bergkamp,D66,lid Tweede Kamer,2022-12-22 13:04:51,2022-12-22 13:05:30,1,"Maar voordat we gaan stemmen, geef ik eerst even het woord aan mevrouw Kröger en dan aan de heer Eerdmans.",verslagen_xml\b433c19a-d812-45df-8075-07b5b911714a.xml,2022-12-22,8d33c9b6-bea7-4a99-8fd0-23f173e9709d,Stemmingen,STEMMINGEN  (over alle onderwerpen tot en met 21 december 2022),2022-12-22 12:00:00,2022-12-22 12:00:00,2022-12-22 13:10:00,Uitgevoerd,2022-2023,Tweede Kamer,3891.0,5b1e2a53-56ab-411d-9a68-9333c3e4be53,c8fa4c9e-6085-42df-a858-3a72d2a35297,Stemmen - verworpen,0,39.0,13,3,12,0,afternoon,-0.2588190451025208,-0.9659258262890684,106,26,"Maar voordat we gaan stemmen, geef ik eerst even het woord aan mevrouw Kröger en dan aan de heer Eerdmans.",-2.4492935982947064e-16,1.0,0.4338837391175582,-0.900968867902419,0,1,0,0,0,2022,12,3.688879454113936,4.672828834461906,0,1827,7.510977752014095,D66,False,False,True,False,False,False,False,False,False,False,False,2,0,0,0.0,test,-0.9924,negative,0.0038,0.9962,1,0,1,1,0,1
005aabd7-692d-4661-8e06-cf05862aea17,ead24cc5-c192-4f15-a678-71e5415223ed,"39e vergadering, donderdag 22 december 2022",2022-12-22,7c4d3a9e-9bb2-47bf-bd7a-d785cb949ef9,Regeling van werkzaamheden,Regeling van werkzaamheden (stemmingen),Regeling van werkzaamheden (stemmingen),d18edd5c-8b54-4e64-9c56-f8cdc24c8143,Bergkamp,D66,lid Tweede Kamer,2022-12-22 13:04:51,2022-12-22 13:05:30,1,"Maar voordat we gaan stemmen, geef ik eerst even het woord aan mevrouw Kröger en dan aan de heer Eerdmans.",verslagen_xml\b433c19a-d812-45df-8075-07b5b911714a.xml,2022-12-22,8d33c9b6-bea7-4a99-8fd0-23f173e9709d,Stemmingen,STEMMINGEN  (over alle onderwerpen tot en met 21 december 2022),2022-12-22 12:00:00,2022-12-22 12:00:00,2022-12-22 13:10:00,Uitgevoerd,2022-2023,Tweede Kamer,3891.0,5b1e2a53-56ab-411d-9a68-9333c3e4be53,c66e14fe-870f-4a22-a95b-a5ab49b0671b,Stemmen - verworpen,0,39.0,13,3,12,0,afternoon,-0.2588190451025208,-0.9659258262890684,106,26,"Maar voordat we gaan stemmen, geef ik eerst even het woord aan mevrouw Kröger en dan aan de heer Eerdmans.",-2.4492935982947064e-16,1.0,0.4338837391175582,-0.900968867902419,0,1,0,0,0,2022,12,3.688879454113936,4.672828834461906,0,1827,7.510977752014095,D66,False,False,True,False,False,False,False,False,False,False,False,2,0,0,0.0,test,-0.9924,negative,0.0038,0.9962,1,0,1,1,0,1
005aabd7-692d-4661-8e06-cf05862aea17,ead24cc5-c192-4f15-a678-71e5415223ed,"39e vergadering, donderdag 22 december 2022",2022-12-22,7c4d3a9e-9bb2-47bf-bd7a-d785cb949ef9,Regeling van werkzaamheden,Regeling van werkzaamheden (stemmingen),Regeling van werkzaamheden (stemmingen),d18edd5c-8b54-4e64-9c56-f8cdc24c8143,Bergkamp,D66,lid Tweede Kamer,2022-12-22 13:04:51,2022-12-22 13:05:30,1,"Maar voordat we gaan stemmen, geef ik eerst even het woord aan mevrouw Kröger en dan aan de heer Eerdmans.",verslagen_xml\b433c19a-d812-45df-8075-07b5b911714a.xml,2022-12-22,8d33c9b6-bea7-4a99-8fd0-23f173e9709d,Stemmingen,STEMMINGEN  (over alle onderwerpen tot en met 21 december 2022),2022-12-22 12:00:00,2022-12-22 12:00:00,2022-12-22 13:10:00,Uitgevoerd,2022-2023,Tweede Kamer,3891.0,5b1e2a53-56ab-411d-9a68-9333c3e4be53,a98bf483-f4e9-44bb-b53d-ab193e920238,Stemmen - aangenomen,1,39.0,13,3,12,0,afternoon,-0.2588190451025208,-0.9659258262890684,106,26,"Maar voordat we gaan stemmen, geef ik eerst even het woord aan mevrouw Kröger en dan aan de heer Eerdmans.",-2.4492935982947064e-16,1.0,0.4338837391175582,-0.900968867902419,0,1,0,0,0,2022,12,3.688879454113936,4.672828834461906,0,1827,7.510977752014095,D66,False,False,True,False,False,False,False,False,False,False,False,2,0,0,0.0,test,-0.9924,negative,0.0038,0.9962,1,0,1,1,0,1
005aabd7-692d-4661-8e06-cf05862aea17,ead24cc5-c192-4f15-a678-71e5415223ed,"39e vergadering, donderdag 22 december 2022",2022-12-22,7c4d3a9e-9bb2-47bf-bd7a-d785cb949ef9,Regeling van werkzaamheden,Regeling van werkzaamheden (stemmingen),Regeling van werkzaamheden (stemmingen),d18edd5c-8b54-4e64-9c56-f8cdc24c8143,Bergkamp,D66,lid Tweede Kamer,2022-12-22 13:04:51,2022-12-22 13:05:30,1,"Maar voordat we gaan stemmen, geef ik eerst even het woord aan mevrouw Kröger en dan aan de heer Eerdmans.",verslagen_xml\b433c19a-d812-45df-8075-07b5b911714a.xml,2022-12-22,8d33c9b6-bea7-4a99-8fd0-23f173e9709d,Stemmingen,STEMMINGEN  (over alle onderwerpen tot en met 21 december 2022),2022-12-22 12:00:00,2022-12-22 12:00:00,2022-12-22 13:10:00,Uitgevoerd,2022-2023,Tweede Kamer,3891.0,5b1e2a53-56ab-411d-9a68-9333c3e4be53,a9f3bdc7-5746-44dc-8a8d-ba837a367484,Stemmen - aangenomen,1,39.0,13,3,12,0,afternoon,-0.2588190451025208,-0.9659258262890684,106,26,"Maar voordat we gaan stemmen, geef ik eerst even het woord aan mevrouw Kröger en dan aan de heer Eerdmans.",-2.4492935982947064e-16,1.0,0.4338837391175582,-0.900968867902419,0,1,0,0,0,2022,12,3.688879454113936,4.672828834461906,0,1827,7.510977752014095,D66,False,False,True,False,False,False,False,False,False,False,False,2,0,0,0.0,test,-0.9924,negative,0.0038,0.9962,1,0,1,1,0,1
005aabd7-692d-4661-8e06-cf05862aea17,ead24cc5-c192-4f15-a678-71e5415223ed,"39e vergadering, donderdag 22 december 2022",2022-12-22,7c4d3a9e-9bb2-47bf-bd7a-d785cb949ef9,Regeling van werkzaamheden,Regeling van werkzaamheden (stemmingen),Regeling van werkzaamheden (stemmingen),d18edd5c-8b54-4e64-9c56-f8cdc24c8143,Bergkamp,D66,lid Tweede Kamer,2022-12-22 13:04:51,2022-12-22 13:05:30,1,"Maar voordat we gaan stemmen, geef ik eerst even het woord aan mevrouw Kröger en dan aan de heer Eerdmans.",verslagen_xml\b433c19a-d812-45df-8075-07b5b911714a.xml,2022-12-22,8d33c9b6-bea7-4a99-8fd0-23f173e9709d,Stemmingen,STEMMINGEN  (over alle onderwerpen tot en met 21 december 2022),2022-12-22 12:00:00,2022-12-22 12:00:00,2022-12-22 13:10:00,Uitgevoerd,2022-2023,Tweede Kamer,3891.0,5b1e2a53-56ab-411d-9a68-9333c3e4be53,8bcc3f19-9960-482d-8b8c-c37acb4da511,Stemmen - aangenomen,1,39.0,13,3,12,0,afternoon,-0.2588190451025208,-0.9659258262890684,106,26,"Maar voordat we gaan stemmen, geef ik eerst even het woord aan mevrouw Kröger en dan aan de heer Eerdmans.",-2.4492935982947064e-16,1.0,0.4338837391175582,-0.900968867902419,0,1,0,0,0,2022,12,3.688879454113936,4.672828834461906,0,1827,7.510977752014095,D66,False,False,True,False,False,False,False,False,False,False,False,2,0,0,0.0,test,-0.9924,negative,0.0038,0.9962,1,0,1,1,0,1
005aabd7-692d-4661-8e06-cf05862aea17,ead24cc5-c192-4f15-a678-71e5415223ed,"39e vergadering, donderdag 22 december 2022",2022-12-22,7c4d3a9e-9bb2-47bf-bd7a-d785cb949ef9,Regeling van werkzaamheden,Regeling van werkzaamheden (stemmingen),Regeling van werkzaamheden (stemmingen),d18edd5c-8b54-4e64-9c56-f8cdc24c8143,Bergkamp,D66,lid Tweede Kamer,2022-12-22 13:04:51,2022-12-22 13:05:30,1,"Maar voordat we gaan stemmen, geef ik eerst even het woord aan mevrouw Kröger en dan aan de heer Eerdmans.",verslagen_xml\b433c19a-d812-45df-8075-07b5b911714a.xml,2022-12-22,8d33c9b6-bea7-4a99-8fd0-23f173e9709d,Stemmingen,STEMMINGEN  (over alle onderwerpen tot en met 21 december 2022),2022-12-22 12:00:00,2022-12-22 12:00:00,2022-12-22 13:10:00,Uitgevoerd,2022-2023,Tweede Kamer,3891.0,5b1e2a53-56ab-411d-9a68-9333c3e4be53,b7599895-2cce-4d9d-a34b-fc23219765c6,Stemmen - verworpen,0,39.0,13,3,12,0,afternoon,-0.2588190451025208,-0.9659258262890684,106,26,"Maar voordat we gaan stemmen, geef ik eerst even het woord aan mevrouw Kröger en dan aan de heer Eerdmans.",-2.4492935982947064e-16,1.0,0.4338837391175582,-0.900968867902419,0,1,0,0,0,2022,12,3.688879454113936,4.672828834461906,0,1827,7.510977752014095,D66,False,False,True,False,False,False,False,False,False,False,False,2,0,0,0.0,test,-0.9924,negative,0.0038,0.9962,1,0,1,1,0,1
005aabd7-692d-4661-8e06-cf05862aea17,ead24cc5-c192-4f15-a678-71e5415223ed,"39e vergadering, donderdag 22 december 2022",2022-12-22,7c4d3a9e-9bb2-47bf-bd7a-d785cb949ef9,Regeling van werkzaamheden,Regeling van werkzaamheden (stemmingen),Regeling van werkzaamheden (stemmingen),d18edd5c-8b54-4e64-9c56-f8cdc24c8143,Bergkamp,D66,lid Tweede Kamer,2022-12-22 13:04:51,2022-12-22 13:05:30,1,"Maar voordat we gaan stemmen, geef ik eerst even het woord aan mevrouw Kröger en dan aan de heer Eerdmans.",verslagen_xml\b433c19a-d812-45df-8075-07b5b911714a.xml,2022-12-22,8d33c9b6-bea7-4a99-8fd0-23f173e9709d,Stemmingen,STEMMINGEN  (over alle onderwerpen tot en met 21 december 2022),2022-12-22 12:00:00,2022-12-22 12:00:00,2022-12-22 13:10:00,Uitgevoerd,2022-2023,Tweede Kamer,3891.0,5b1e2a53-56ab-411d-9a68-9333c3e4be53,9b1c5152-14b5-4d4c-bea2-ff3fa43465b1,Stemmen - aangenomen,1,39.0,13,3,12,0,afternoon,-0.2588190451025208,-0.9659258262890684,106,26,"Maar voordat we gaan stemmen, geef ik eerst even het woord aan mevrouw Kröger en dan aan de heer Eerdmans.",-2.4492935982947064e-16,1.0,0.4338837391175582,-0.900968867902419,0,1,0,0,0,2022,12,3.688879454113936,4.672828834461906,0,1827,7.510977752014095,D66,False,False,True,False,False,False,False,False,False,False,False,2,0,0,0.0,test,-0.9924,negative,0.0038,0.9962,1,0,1,1,0,1
005aabd7-692d-4661-8e06-cf05862aea17,ead24cc5-c192-4f15-a678-71e5415223ed,"39e vergadering, donderdag 22 december 2022",2022-12-22,7c4d3a9e-9bb2-47bf-bd7a-d785cb949ef9,Regeling van werkzaamheden,Regeling van werkzaamheden (stemmingen),Regeling van werkzaamheden (stemmingen),d18edd5c-8b54-4e64-9c56-f8cdc24c8143,Bergkamp,D66,lid Tweede Kamer,2022-12-22 13:04:51,2022-12-22 13:05:30,1,"Maar voordat we gaan stemmen, geef ik eerst even het woord aan mevrouw Kröger en dan aan de heer Eerdmans.",verslagen_xml\b433c19a-d812-45df-8075-07b5b911714a.xml,2022-12-22,8d33c9b6-bea7-4a99-8fd0-23f173e9709d,Stemmingen,STEMMINGEN  (over alle onderwerpen tot en met 21 december 2022),2022-12-22 12:00:00,2022-12-22 12:00:00,2022-12-22 13:10:00,Uitgevoerd,2022-2023,Tweede Kamer,3891.0,23432f67-7f1a-47ed-bbf0-9a04e3ad7376,e911be7f-faae-4134-97e1-31be5ab1206d,Stemmen - verworpen,0,39.0,13,3,12,0,afternoon,-0.2588190451025208,-0.9659258262890684,106,26,"Maar voordat we gaan stemmen, geef ik eerst even het woord aan mevrouw Kröger en dan aan de heer Eerdmans.",-2.4492935982947064e-16,1.0,0.4338837391175582,-0.900968867902419,0,1,0,0,0,2022,12,3.688879454113936,4.672828834461906,0,1827,7.510977752014095,D66,False,False,True,False,False,False,False,False,False,False,False,2,0,0,0.0,test,-0.9924,negative,0.0038,0.9962,1,0,1,1,0,1
005aabd7-692d-4661-8e06-cf05862aea17,ead24cc5-c192-4f15-a678-71e5415223ed,"39e vergadering, donderdag 22 december 2022",2022-12-22,7c4d3a9e-9bb2-47bf-bd7a-d785cb949ef9,Regeling van werkzaamheden,Regeling van werkzaamheden (stemmingen),Regeling van werkzaamheden (stemmingen),d18edd5c-8b54-4e64-9c56-f8cdc24c8143,Bergkamp,D66,lid Tweede Kamer,2022-12-22 13:04:51,2022-12-22 13:05:30,1,"Maar voordat we gaan stemmen, geef ik eerst even het woord aan mevrouw Kröger en dan aan de heer Eerdmans.",verslagen_xml\b433c19a-d812-45df-8075-07b5b911714a.xml,2022-12-22,8d33c9b6-bea7-4a99-8fd0-23f173e9709d,Stemmingen,STEMMINGEN  (over alle onderwerpen tot en met 21 december 2022),2022-12-22 12:00:00,2022-12-22 12:00:00,2022-12-22 13:10:00,Uitgevoerd,2022-2023,Tweede Kamer,3891.0,23432f67-7f1a-47ed-bbf0-9a04e3ad7376,3e28173f-adb3-462c-9612-5d75a77cc376,Stemmen - verworpen,0,39.0,13,3,12,0,afternoon,-0.2588190451025208,-0.9659258262890684,106,26,"Maar voordat we gaan stemmen, geef ik eerst even het woord aan mevrouw Kröger en dan aan de heer Eerdmans.",-2.4492935982947064e-16,1.0,0.4338837391175582,-0.900968867902419,0,1,0,0,0,2022,12,3.688879454113936,4.672828834461906,0,1827,7.510977752014095,D66,False,False,True,False,False,False,False,False,False,False,False,2,0,0,0.0,test,-0.9924,negative,0.0038,0.9962,1,0,1,1,0,1
005aabd7-692d-4661-8e06-cf05862aea17,ead24cc5-c192-4f15-a678-71e5415223ed,"39e vergadering, donderdag 22 december 2022",2022-12-22,7c4d3a9e-9bb2-47bf-bd7a-d785cb949ef9,Regeling van werkzaamheden,Regeling van werkzaamheden (stemmingen),Regeling van werkzaamheden (stemmingen),d18edd5c-8b54-4e64-9c56-f8cdc24c8143,Bergkamp,D66,lid Tweede Kamer,2022-12-22 13:04:51,2022-12-22 13:05:30,1,"Maar voordat we gaan stemmen, geef ik eerst even het woord aan mevrouw Kröger en dan aan de heer Eerdmans.",verslagen_xml\b433c19a-d812-45df-8075-07b5b911714a.xml,2022-12-22,8d33c9b6-bea7-4a99-8fd0-23f173e9709d,Stemmingen,STEMMINGEN  (over alle onderwerpen tot en met 21 december 2022),2022-12-22 12:00:00,2022-12-22 12:00:00,2022-12-22 13:10:00,Uitgevoerd,2022-2023,Tweede Kamer,3891.0,23432f67-7f1a-47ed-bbf0-9a04e3ad7376,33977b2a-a341-4e77-9441-90fbcebb0e14,Stemmen - aangenomen,1,39.0,13,3,12,0,afternoon,-0.2588190451025208,-0.9659258262890684,106,26,"Maar voordat we gaan stemmen, geef ik eerst even het woord aan mevrouw Kröger en dan aan de heer Eerdmans.",-2.4492935982947064e-16,1.0,0.4338837391175582,-0.900968867902419,0,1,0,0,0,2022,12,3.688879454113936,4.672828834461906,0,1827,7.510977752014095,D66,False,False,True,False,False,False,False,False,False,False,False,2,0,0,0.0,test,-0.9924,negative,0.0038,0.9962,1,0,1,1,0,1
005aabd7-692d-4661-8e06-cf05862aea17,ead24cc5-c192-4f15-a678-71e5415223ed,"39e vergadering, donderdag 22 december 2022",2022-12-22,7c4d3a9e-9bb2-47bf-bd7a-d785cb949ef9,Regeling van werkzaamheden,Regeling van werkzaamheden (stemmingen),Regeling van werkzaamheden (stemmingen),d18edd5c-8b54-4e64-9c56-f8cdc24c8143,Bergkamp,D66,lid Tweede Kamer,2022-12-22 13:04:51,2022-12-22 13:05:30,1,"Maar voordat we gaan stemmen, geef ik eerst even het woord aan mevrouw Kröger en dan aan de heer Eerdmans.",verslagen_xml\b433c19a-d812-45df-8075-07b5b911714a.xml,2022-12-22,8d33c9b6-bea7-4a99-8fd0-23f173e9709d,Stemmingen,STEMMINGEN  (over alle onderwerpen tot en met 21 december 2022),2022-12-22 12:00:00,2022-12-22 12:00:00,2022-12-22 13:10:00,Uitgevoerd,2022-2023,Tweede Kamer,3891.0,23432f67-7f1a-47ed-bbf0-9a04e3ad7376,fb5dc17c-f1eb-45d0-87f7-af3308ca5af3,Stemmen - verworpen,0,39.0,13,3,12,0,afternoon,-0.2588190451025208,-0.9659258262890684,106,26,"Maar voordat we gaan stemmen, geef ik eerst even het woord aan mevrouw Kröger en dan aan de heer Eerdmans.",-2.4492935982947064e-16,1.0,0.4338837391175582,-0.900968867902419,0,1,0,0,0,2022,12,3.688879454113936,4.672828834461906,0,1827,7.510977752014095,D66,False,False,True,False,False,False,False,False,False,False,False,2,0,0,0.0,test,-0.9924,negative,0.0038,0.9962,1,0,1,1,0,1
005aabd7-692d-4661-8e06-cf05862aea17,ead24cc5-c192-4f15-a678-71e5415223ed,"39e vergadering, donderdag 22 december 2022",2022-12-22,7c4d3a9e-9bb2-47bf-bd7a-d785cb949ef9,Regeling van werkzaamheden,Regeling van werkzaamheden (stemmingen),Regeling van werkzaamheden (stemmingen),d18edd5c-8b54-4e64-9c56-f8cdc24c8143,Bergkamp,D66,lid Tweede Kamer,2022-12-22 13:04:51,2022-12-22 13:05:30,1,"Maar voordat we gaan stemmen, geef ik eerst even het woord aan mevrouw Kröger en dan aan de heer Eerdmans.",verslagen_xml\b433c19a-d812-45df-8075-07b5b911714a.xml,2022-12-22,8d33c9b6-bea7-4a99-8fd0-23f173e9709d,Stemmingen,STEMMINGEN  (over alle onderwerpen tot en met 21 december 2022),2022-12-22 12:00:00,2022-12-22 12:00:00,2022-12-22 13:10:00,Uitgevoerd,2022-2023,Tweede Kamer,3891.0,23432f67-7f1a-47ed-bbf0-9a04e3ad7376,b9b8c58a-a757-409c-b222-d7eb21fa7c7b,Stemmen - verworpen,0,39.0,13,3,12,0,afternoon,-0.2588190451025208,-0.9659258262890684,106,26,"Maar voordat we gaan stemmen, geef ik eerst even het woord aan mevrouw Kröger en dan aan de heer Eerdmans.",-2.4492935982947064e-16,1.0,0.4338837391175582,-0.900968867902419,0,1,0,0,0,2022,12,3.688879454113936,4.672828834461906,0,1827,7.510977752014095,D66,False,False,True,False,False,False,False,False,False,False,False,2,0,0,0.0,test,-0.9924,negative,0.0038,0.9962,1,0,1,1,0,1
005aabd7-692d-4661-8e06-cf05862aea17,ead24cc5-c192-4f15-a678-71e5415223ed,"39e vergadering, donderdag 22 december 2022",2022-12-22,7c4d3a9e-9bb2-47bf-bd7a-d785cb949ef9,Regeling van werkzaamheden,Regeling van werkzaamheden (stemmingen),Regeling van werkzaamheden (stemmingen),d18edd5c-8b54-4e64-9c56-f8cdc24c8143,Bergkamp,D66,lid Tweede Kamer,2022-12-22 13:04:51,2022-12-22 13:05:30,1,"Maar voordat we gaan stemmen, geef ik eerst even het woord aan mevrouw Kröger en dan aan de heer Eerdmans.",verslagen_xml\b433c19a-d812-45df-8075-07b5b911714a.xml,2022-12-22,8d33c9b6-bea7-4a99-8fd0-23f173e9709d,Stemmingen,STEMMINGEN  (over alle onderwerpen tot en met 21 december 2022),2022-12-22 12:00:00,2022-12-22 12:00:00,2022-12-22 13:10:00,Uitgevoerd,2022-2023,Tweede Kamer,3891.0,23432f67-7f1a-47ed-bbf0-9a04e3ad7376,0c97e83a-82de-433c-8311-e9887e82c588,Stemmen - verworpen,0,39.0,13,3,12,0,afternoon,-0.2588190451025208,-0.9659258262890684,106,26,"Maar voordat we gaan stemmen, geef ik eerst even het woord aan mevrouw Kröger en dan aan de heer Eerdmans.",-2.4492935982947064e-16,1.0,0.4338837391175582,-0.900968867902419,0,1,0,0,0,2022,12,3.688879454113936,4.672828834461906,0,1827,7.510977752014095,D66,False,False,True,False,False,False,False,False,False,False,False,2,0,0,0.0,test,-0.9924,negative,0.0038,0.9962,1,0,1,1,0,1
005aabd7-692d-4661-8e06-cf05862aea17,ead24cc5-c192-4f15-a678-71e5415223ed,"39e vergadering, donderdag 22 december 2022",2022-12-22,7c4d3a9e-9bb2-47bf-bd7a-d785cb949ef9,Regeling van werkzaamheden,Regeling van werkzaamheden (stemmingen),Regeling van werkzaamheden (stemmingen),d18edd5c-8b54-4e64-9c56-f8cdc24c8143,Bergkamp,D66,lid Tweede Kamer,2022-12-22 13:04:51,2022-12-22 13:05:30,1,"Maar voordat we gaan stemmen, geef ik eerst even het woord aan mevrouw Kröger en dan aan de heer Eerdmans.",verslagen_xml\b433c19a-d812-45df-8075-07b5b911714a.xml,2022-12-22,8d33c9b6-bea7-4a99-8fd0-23f173e9709d,Stemmingen,STEMMINGEN  (over alle onderwerpen tot en met 21 december 2022),2022-12-22 12:00:00,2022-12-22 12:00:00,2022-12-22 13:10:00,Uitgevoerd,2022-2023,Tweede Kamer,3891.0,b80724cc-18f4-41da-b78d-9d6210398834,9a785a65-851b-4ab1-b319-52e819320666,Stemmen - verworpen,0,39.0,13,3,12,0,afternoon,-0.2588190451025208,-0.9659258262890684,106,26,"Maar voordat we gaan stemmen, geef ik eerst even het woord aan mevrouw Kröger en dan aan de heer Eerdmans.",-2.4492935982947064e-16,1.0,0.4338837391175582,-0.900968867902419,0,1,0,0,0,2022,12,3.688879454113936,4.672828834461906,0,1827,7.510977752014095,D66,False,False,True,False,False,False,False,False,False,False,False,2,0,0,0.0,test,-0.9924,negative,0.0038,0.9962,1,0,1,1,0,1
005aabd7-692d-4661-8e06-cf05862aea17,ead24cc5-c192-4f15-a678-71e5415223ed,"39e vergadering, donderdag 22 december 2022",2022-12-22,7c4d3a9e-9bb2-47bf-bd7a-d785cb949ef9,Regeling van werkzaamheden,Regeling van werkzaamheden (stemmingen),Regeling van werkzaamheden (stemmingen),d18edd5c-8b54-4e64-9c56-f8cdc24c8143,Bergkamp,D66,lid Tweede Kamer,2022-12-22 13:04:51,2022-12-22 13:05:30,1,"Maar voordat we gaan stemmen, geef ik eerst even het woord aan mevrouw Kröger en dan aan de heer Eerdmans.",verslagen_xml\b433c19a-d812-45df-8075-07b5b911714a.xml,2022-12-22,8d33c9b6-bea7-4a99-8fd0-23f173e9709d,Stemmingen,STEMMINGEN  (over alle onderwerpen tot en met 21 december 2022),2022-12-22 12:00:00,2022-12-22 12:00:00,2022-12-22 13:10:00,Uitgevoerd,2022-2023,Tweede Kamer,3891.0,b80724cc-18f4-41da-b78d-9d6210398834,48675681-7f06-4118-add4-709492f54ff8,Stemmen - aangenomen,1,39.0,13,3,12,0,afternoon,-0.2588190451025208,-0.9659258262890684,106,26,"Maar voordat we gaan stemmen, geef ik eerst even het woord aan mevrouw Kröger en dan aan de heer Eerdmans.",-2.4492935982947064e-16,1.0,0.4338837391175582,-0.900968867902419,0,1,0,0,0,2022,12,3.688879454113936,4.672828834461906,0,1827,7.510977752014095,D66,False,False,True,False,False,False,False,False,False,False,False,2,0,0,0.0,test,-0.9924,negative,0.0038,0.9962,1,0,1,1,0,1
005aabd7-692d-4661-8e06-cf05862aea17,ead24cc5-c192-4f15-a678-71e5415223ed,"39e vergadering, donderdag 22 december 2022",2022-12-22,7c4d3a9e-9bb2-47bf-bd7a-d785cb949ef9,Regeling van werkzaamheden,Regeling van werkzaamheden (stemmingen),Regeling van werkzaamheden (stemmingen),d18edd5c-8b54-4e64-9c56-f8cdc24c8143,Bergkamp,D66,lid Tweede Kamer,2022-12-22 13:04:51,2022-12-22 13:05:30,1,"Maar voordat we gaan stemmen, geef ik eerst even het woord aan mevrouw Kröger en dan aan de heer Eerdmans.",verslagen_xml\b433c19a-d812-45df-8075-07b5b911714a.xml,2022-12-22,8d33c9b6-bea7-4a99-8fd0-23f173e9709d,Stemmingen,STEMMINGEN  (over alle onderwerpen tot en met 21 december 2022),2022-12-22 12:00:00,2022-12-22 12:00:00,2022-12-22 13:10:00,Uitgevoerd,2022-2023,Tweede Kamer,3891.0,e0f47a25-240f-4b2a-a41d-9e324d610ddd,7fa66027-cc71-4c65-81d0-0d0262a7506b,Stemmen - verworpen,0,39.0,13,3,12,0,afternoon,-0.2588190451025208,-0.9659258262890684,106,26,"Maar voordat we gaan stemmen, geef ik eerst even het woord aan mevrouw Kröger en dan aan de heer Eerdmans.",-2.4492935982947064e-16,1.0,0.4338837391175582,-0.900968867902419,0,1,0,0,0,2022,12,3.688879454113936,4.672828834461906,0,1827,7.510977752014095,D66,False,False,True,False,False,False,False,False,False,False,False,2,0,0,0.0,test,-0.9924,negative,0.0038,0.9962,1,0,1,1,0,1
005aabd7-692d-4661-8e06-cf05862aea17,ead24cc5-c192-4f15-a678-71e5415223ed,"39e vergadering, donderdag 22 december 2022",2022-12-22,7c4d3a9e-9bb2-47bf-bd7a-d785cb949ef9,Regeling van werkzaamheden,Regeling van werkzaamheden (stemmingen),Regeling van werkzaamheden (stemmingen),d18edd5c-8b54-4e64-9c56-f8cdc24c8143,Bergkamp,D66,lid Tweede Kamer,2022-12-22 13:04:51,2022-12-22 13:05:30,1,"Maar voordat we gaan stemmen, geef ik eerst even het woord aan mevrouw Kröger en dan aan de heer Eerdmans.",verslagen_xml\b433c19a-d812-45df-8075-07b5b911714a.xml,2022-12-22,8d33c9b6-bea7-4a99-8fd0-23f173e9709d,Stemmingen,STEMMINGEN  (over alle onderwerpen tot en met 21 december 2022),2022-12-22 12:00:00,2022-12-22 12:00:00,2022-12-22 13:10:00,Uitgevoerd,2022-2023,Tweede Kamer,3891.0,e0f47a25-240f-4b2a-a41d-9e324d610ddd,be79cab2-8654-4485-853a-5f58e2855679,Stemmen - verworpen,0,39.0,13,3,12,0,afternoon,-0.2588190451025208,-0.9659258262890684,106,26,"Maar voordat we gaan stemmen, geef ik eerst even het woord aan mevrouw Kröger en dan aan de heer Eerdmans.",-2.4492935982947064e-16,1.0,0.4338837391175582,-0.900968867902419,0,1,0,0,0,2022,12,3.688879454113936,4.672828834461906,0,1827,7.510977752014095,D66,False,False,True,False,False,False,False,False,False,False,False,2,0,0,0.0,test,-0.9924,negative,0.0038,0.9962,1,0,1,1,0,1
005aabd7-692d-4661-8e06-cf05862aea17,ead24cc5-c192-4f15-a678-71e5415223ed,"39e vergadering, donderdag 22 december 2022",2022-12-22,7c4d3a9e-9bb2-47bf-bd7a-d785cb949ef9,Regeling van werkzaamheden,Regeling van werkzaamheden (stemmingen),Regeling van werkzaamheden (stemmingen),d18edd5c-8b54-4e64-9c56-f8cdc24c8143,Bergkamp,D66,lid Tweede Kamer,2022-12-22 13:04:51,2022-12-22 13:05:30,1,"Maar voordat we gaan stemmen, geef ik eerst even het woord aan mevrouw Kröger en dan aan de heer Eerdmans.",verslagen_xml\b433c19a-d812-45df-8075-07b5b911714a.xml,2022-12-22,8d33c9b6-bea7-4a99-8fd0-23f173e9709d,Stemmingen,STEMMINGEN  (over alle onderwerpen tot en met 21 december 2022),2022-12-22 12:00:00,2022-12-22 12:00:00,2022-12-22 13:10:00,Uitgevoerd,2022-2023,Tweede Kamer,3891.0,e0f47a25-240f-4b2a-a41d-9e324d610ddd,3c002837-9c35-4914-9113-93012bd2739a,Stemmen - verworpen,0,39.0,13,3,12,0,afternoon,-0.2588190451025208,-0.9659258262890684,106,26,"Maar voordat we gaan stemmen, geef ik eerst even het woord aan mevrouw Kröger en dan aan de heer Eerdmans.",-2.4492935982947064e-16,1.0,0.4338837391175582,-0.900968867902419,0,1,0,0,0,2022,12,3.688879454113936,4.672828834461906,0,1827,7.510977752014095,D66,False,False,True,False,False,False,False,False,False,False,False,2,0,0,0.0,test,-0.9924,negative,0.0038,0.9962,1,0,1,1,0,1
005aabd7-692d-4661-8e06-cf05862aea17,ead24cc5-c192-4f15-a678-71e5415223ed,"39e vergadering, donderdag 22 december 2022",2022-12-22,7c4d3a9e-9bb2-47bf-bd7a-d785cb949ef9,Regeling van werkzaamheden,Regeling van werkzaamheden (stemmingen),Regeling van werkzaamheden (stemmingen),d18edd5c-8b54-4e64-9c56-f8cdc24c8143,Bergkamp,D66,lid Tweede Kamer,2022-12-22 13:04:51,2022-12-22 13:05:30,1,"Maar voordat we gaan stemmen, geef ik eerst even het woord aan mevrouw Kröger en dan aan de heer Eerdmans.",verslagen_xml\b433c19a-d812-45df-8075-07b5b911714a.xml,2022-12-22,8d33c9b6-bea7-4a99-8fd0-23f173e9709d,Stemmingen,STEMMINGEN  (over alle onderwerpen tot en met 21 december 2022),2022-12-22 12:00:00,2022-12-22 12:00:00,2022-12-22 13:10:00,Uitgevoerd,2022-2023,Tweede Kamer,3891.0,e0f47a25-240f-4b2a-a41d-9e324d610ddd,3d7abde4-6ef9-4fd2-b8e5-b7614463ce53,Stemmen - verworpen,0,39.0,13,3,12,0,afternoon,-0.2588190451025208,-0.9659258262890684,106,26,"Maar voordat we gaan stemmen, geef ik eerst even het woord aan mevrouw Kröger en dan aan de heer Eerdmans.",-2.4492935982947064e-16,1.0,0.4338837391175582,-0.900968867902419,0,1,0,0,0,2022,12,3.688879454113936,4.672828834461906,0,1827,7.510977752014095,D66,False,False,True,False,False,False,False,False,False,False,False,2,0,0,0.0,test,-0.9924,negative,0.0038,0.9962,1,0,1,1,0,1
005aabd7-692d-4661-8e06-cf05862aea17,ead24cc5-c192-4f15-a678-71e5415223ed,"39e vergadering, donderdag 22 december 2022",2022-12-22,7c4d3a9e-9bb2-47bf-bd7a-d785cb949ef9,Regeling van werkzaamheden,Regeling van werkzaamheden (stemmingen),Regeling van werkzaamheden (stemmingen),d18edd5c-8b54-4e64-9c56-f8cdc24c8143,Bergkamp,D66,lid Tweede Kamer,2022-12-22 13:04:51,2022-12-22 13:05:30,1,"Maar voordat we gaan stemmen, geef ik eerst even het woord aan mevrouw Kröger en dan aan de heer Eerdmans.",verslagen_xml\b433c19a-d812-45df-8075-07b5b911714a.xml,2022-12-22,8d33c9b6-bea7-4a99-8fd0-23f173e9709d,Stemmingen,STEMMINGEN  (over alle onderwerpen tot en met 21 december 2022),2022-12-22 12:00:00,2022-12-22 12:00:00,2022-12-22 13:10:00,Uitgevoerd,2022-2023,Tweede Kamer,3891.0,4edf1ff9-76c1-47dd-9ecc-b92f30bd9afc,4b5841ae-2d71-4b40-9de2-0c53866661b4,Stemmen - aangenomen,1,39.0,13,3,12,0,afternoon,-0.2588190451025208,-0.9659258262890684,106,26,"Maar voordat we gaan stemmen, geef ik eerst even het woord aan mevrouw Kröger en dan aan de heer Eerdmans.",-2.4492935982947064e-16,1.0,0.4338837391175582,-0.900968867902419,0,1,0,0,0,2022,12,3.688879454113936,4.672828834461906,0,1827,7.510977752014095,D66,False,False,True,False,False,False,False,False,False,False,False,2,0,0,0.0,test,-0.9924,negative,0.0038,0.9962,1,0,1,1,0,1
005aabd7-692d-4661-8e06-cf05862aea17,ead24cc5-c192-4f15-a678-71e5415223ed,"39e vergadering, donderdag 22 december 2022",2022-12-22,7c4d3a9e-9bb2-47bf-bd7a-d785cb949ef9,Regeling van werkzaamheden,Regeling van werkzaamheden (stemmingen),Regeling van werkzaamheden (stemmingen),d18edd5c-8b54-4e64-9c56-f8cdc24c8143,Bergkamp,D66,lid Tweede Kamer,2022-12-22 13:04:51,2022-12-22 13:05:30,1,"Maar voordat we gaan stemmen, geef ik eerst even het woord aan mevrouw Kröger en dan aan de heer Eerdmans.",verslagen_xml\b433c19a-d812-45df-8075-07b5b911714a.xml,2022-12-22,8d33c9b6-bea7-4a99-8fd0-23f173e9709d,Stemmingen,STEMMINGEN  (over alle onderwerpen tot en met 21 december 2022),2022-12-22 12:00:00,2022-12-22 12:00:00,2022-12-22 13:10:00,Uitgevoerd,2022-2023,Tweede Kamer,3891.0,4edf1ff9-76c1-47dd-9ecc-b92f30bd9afc,520be5bf-2ec6-44c6-a45e-10897cc638e8,Stemmen - aangenomen,1,39.0,13,3,12,0,afternoon,-0.2588190451025208,-0.9659258262890684,106,26,"Maar voordat we gaan stemmen, geef ik eerst even het woord aan mevrouw Kröger en dan aan de heer Eerdmans.",-2.4492935982947064e-16,1.0,0.4338837391175582,-0.900968867902419,0,1,0,0,0,2022,12,3.688879454113936,4.672828834461906,0,1827,7.510977752014095,D66,False,False,True,False,False,False,False,False,False,False,False,2,0,0,0.0,test,-0.9924,negative,0.0038,0.9962,1,0,1,1,0,1
005aabd7-692d-4661-8e06-cf05862aea17,ead24cc5-c192-4f15-a678-71e5415223ed,"39e vergadering, donderdag 22 december 2022",2022-12-22,7c4d3a9e-9bb2-47bf-bd7a-d785cb949ef9,Regeling van werkzaamheden,Regeling van werkzaamheden (stemmingen),Regeling van werkzaamheden (stemmingen),d18edd5c-8b54-4e64-9c56-f8cdc24c8143,Bergkamp,D66,lid Tweede Kamer,2022-12-22 13:04:51,2022-12-22 13:05:30,1,"Maar voordat we gaan stemmen, geef ik eerst even het woord aan mevrouw Kröger en dan aan de heer Eerdmans.",verslagen_xml\b433c19a-d812-45df-8075-07b5b911714a.xml,2022-12-22,8d33c9b6-bea7-4a99-8fd0-23f173e9709d,Stemmingen,STEMMINGEN  (over alle onderwerpen tot en met 21 december 2022),2022-12-22 12:00:00,2022-12-22 12:00:00,2022-12-22 13:10:00,Uitgevoerd,2022-2023,Tweede Kamer,3891.0,4edf1ff9-76c1-47dd-9ecc-b92f30bd9afc,b27a6c7c-159f-4cf1-96e5-2701cfd1eb15,Stemmen - verworpen,0,39.0,13,3,12,0,afternoon,-0.2588190451025208,-0.9659258262890684,106,26,"Maar voordat we gaan stemmen, geef ik eerst even het woord aan mevrouw Kröger en dan aan de heer Eerdmans.",-2.4492935982947064e-16,1.0,0.4338837391175582,-0.900968867902419,0,1,0,0,0,2022,12,3.688879454113936,4.672828834461906,0,1827,7.510977752014095,D66,False,False,True,False,False,False,False,False,False,False,False,2,0,0,0.0,test,-0.9924,negative,0.0038,0.9962,1,0,1,1,0,1
005aabd7-692d-4661-8e06-cf05862aea17,ead24cc5-c192-4f15-a678-71e5415223ed,"39e vergadering, donderdag 22 december 2022",2022-12-22,7c4d3a9e-9bb2-47bf-bd7a-d785cb949ef9,Regeling van werkzaamheden,Regeling van werkzaamheden (stemmingen),Regeling van werkzaamheden (stemmingen),d18edd5c-8b54-4e64-9c56-f8cdc24c8143,Bergkamp,D66,lid Tweede Kamer,2022-12-22 13:04:51,2022-12-22 13:05:30,1,"Maar voordat we gaan stemmen, geef ik eerst even het woord aan mevrouw Kröger en dan aan de heer Eerdmans.",verslagen_xml\b433c19a-d812-45df-8075-07b5b911714a.xml,2022-12-22,8d33c9b6-bea7-4a99-8fd0-23f173e9709d,Stemmingen,STEMMINGEN  (over alle onderwerpen tot en met 21 december 2022),2022-12-22 12:00:00,2022-12-22 12:00:00,2022-12-22 13:10:00,Uitgevoerd,2022-2023,Tweede Kamer,3891.0,4edf1ff9-76c1-47dd-9ecc-b92f30bd9afc,05165129-03c2-4483-b81e-3c57e1dfdedf,Stemmen - verworpen,0,39.0,13,3,12,0,afternoon,-0.2588190451025208,-0.9659258262890684,106,26,"Maar voordat we gaan stemmen, geef ik eerst even het woord aan mevrouw Kröger en dan aan de heer Eerdmans.",-2.4492935982947064e-16,1.0,0.4338837391175582,-0.900968867902419,0,1,0,0,0,2022,12,3.688879454113936,4.672828834461906,0,1827,7.510977752014095,D66,False,False,True,False,False,False,False,False,False,False,False,2,0,0,0.0,test,-0.9924,negative,0.0038,0.9962,1,0,1,1,0,1
005aabd7-692d-4661-8e06-cf05862aea17,ead24cc5-c192-4f15-a678-71e5415223ed,"39e vergadering, donderdag 22 december 2022",2022-12-22,7c4d3a9e-9bb2-47bf-bd7a-d785cb949ef9,Regeling van werkzaamheden,Regeling van werkzaamheden (stemmingen),Regeling van werkzaamheden (stemmingen),d18edd5c-8b54-4e64-9c56-f8cdc24c8143,Bergkamp,D66,lid Tweede Kamer,2022-12-22 13:04:51,2022-12-22 13:05:30,1,"Maar voordat we gaan stemmen, geef ik eerst even het woord aan mevrouw Kröger en dan aan de heer Eerdmans.",verslagen_xml\b433c19a-d812-45df-8075-07b5b911714a.xml,2022-12-22,8d33c9b6-bea7-4a99-8fd0-23f173e9709d,Stemmingen,STEMMINGEN  (over alle onderwerpen tot en met 21 december 2022),2022-12-22 12:00:00,2022-12-22 12:00:00,2022-12-22 13:10:00,Uitgevoerd,2022-2023,Tweede Kamer,3891.0,4edf1ff9-76c1-47dd-9ecc-b92f30bd9afc,710c2cb4-b2a3-45fa-b3eb-440a69860c7c,Stemmen - aangenomen,1,39.0,13,3,12,0,afternoon,-0.2588190451025208,-0.9659258262890684,106,26,"Maar voordat we gaan stemmen, geef ik eerst even het woord aan mevrouw Kröger en dan aan de heer Eerdmans.",-2.4492935982947064e-16,1.0,0.4338837391175582,-0.900968867902419,0,1,0,0,0,2022,12,3.688879454113936,4.672828834461906,0,1827,7.510977752014095,D66,False,False,True,False,False,False,False,False,False,False,False,2,0,0,0.0,test,-0.9924,negative,0.0038,0.9962,1,0,1,1,0,1
005aabd7-692d-4661-8e06-cf05862aea17,ead24cc5-c192-4f15-a678-71e5415223ed,"39e vergadering, donderdag 22 december 2022",2022-12-22,7c4d3a9e-9bb2-47bf-bd7a-d785cb949ef9,Regeling van werkzaamheden,Regeling van werkzaamheden (stemmingen),Regeling van werkzaamheden (stemmingen),d18edd5c-8b54-4e64-9c56-f8cdc24c8143,Bergkamp,D66,lid Tweede Kamer,2022-12-22 13:04:51,2022-12-22 13:05:30,1,"Maar voordat we gaan stemmen, geef ik eerst even het woord aan mevrouw Kröger en dan aan de heer Eerdmans.",verslagen_xml\b433c19a-d812-45df-8075-07b5b911714a.xml,2022-12-22,8d33c9b6-bea7-4a99-8fd0-23f173e9709d,Stemmingen,STEMMINGEN  (over alle onderwerpen tot en met 21 december 2022),2022-12-22 12:00:00,2022-12-22 12:00:00,2022-12-22 13:10:00,Uitgevoerd,2022-2023,Tweede Kamer,3891.0,4edf1ff9-76c1-47dd-9ecc-b92f30bd9afc,cc4585ae-f0c6-4187-bf76-b3f54cb1ae7c,Stemmen - verworpen,0,39.0,13,3,12,0,afternoon,-0.2588190451025208,-0.9659258262890684,106,26,"Maar voordat we gaan stemmen, geef ik eerst even het woord aan mevrouw Kröger en dan aan de heer Eerdmans.",-2.4492935982947064e-16,1.0,0.4338837391175582,-0.900968867902419,0,1,0,0,0,2022,12,3.688879454113936,4.672828834461906,0,1827,7.510977752014095,D66,False,False,True,False,False,False,False,False,False,False,False,2,0,0,0.0,test,-0.9924,negative,0.0038,0.9962,1,0,1,1,0,1
005aabd7-692d-4661-8e06-cf05862aea17,ead24cc5-c192-4f15-a678-71e5415223ed,"39e vergadering, donderdag 22 december 2022",2022-12-22,7c4d3a9e-9bb2-47bf-bd7a-d785cb949ef9,Regeling van werkzaamheden,Regeling van werkzaamheden (stemmingen),Regeling van werkzaamheden (stemmingen),d18edd5c-8b54-4e64-9c56-f8cdc24c8143,Bergkamp,D66,lid Tweede Kamer,2022-12-22 13:04:51,2022-12-22 13:05:30,1,"Maar voordat we gaan stemmen, geef ik eerst even het woord aan mevrouw Kröger en dan aan de heer Eerdmans.",verslagen_xml\b433c19a-d812-45df-8075-07b5b911714a.xml,2022-12-22,8d33c9b6-bea7-4a99-8fd0-23f173e9709d,Stemmingen,STEMMINGEN  (over alle onderwerpen tot en met 21 december 2022),2022-12-22 12:00:00,2022-12-22 12:00:00,2022-12-22 13:10:00,Uitgevoerd,2022-2023,Tweede Kamer,3891.0,4edf1ff9-76c1-47dd-9ecc-b92f30bd9afc,eb2dc140-dc8c-4c2e-afdb-b578022fa324,Stemmen - verworpen,0,39.0,13,3,12,0,afternoon,-0.2588190451025208,-0.9659258262890684,106,26,"Maar voordat we gaan stemmen, geef ik eerst even het woord aan mevrouw Kröger en dan aan de heer Eerdmans.",-2.4492935982947064e-16,1.0,0.4338837391175582,-0.900968867902419,0,1,0,0,0,2022,12,3.688879454113936,4.672828834461906,0,1827,7.510977752014095,D66,False,False,True,False,False,False,False,False,False,False,False,2,0,0,0.0,test,-0.9924,negative,0.0038,0.9962,1,0,1,1,0,1
005aabd7-692d-4661-8e06-cf05862aea17,ead24cc5-c192-4f15-a678-71e5415223ed,"39e vergadering, donderdag 22 december 2022",2022-12-22,7c4d3a9e-9bb2-47bf-bd7a-d785cb949ef9,Regeling van werkzaamheden,Regeling van werkzaamheden (stemmingen),Regeling van werkzaamheden (stemmingen),d18edd5c-8b54-4e64-9c56-f8cdc24c8143,Bergkamp,D66,lid Tweede Kamer,2022-12-22 13:04:51,2022-12-22 13:05:30,1,"Maar voordat we gaan stemmen, geef ik eerst even het woord aan mevrouw Kröger en dan aan de heer Eerdmans.",verslagen_xml\b433c19a-d812-45df-8075-07b5b911714a.xml,2022-12-22,8d33c9b6-bea7-4a99-8fd0-23f173e9709d,Stemmingen,STEMMINGEN  (over alle onderwerpen tot en met 21 december 2022),2022-12-22 12:00:00,2022-12-22 12:00:00,2022-12-22 13:10:00,Uitgevoerd,2022-2023,Tweede Kamer,3891.0,4edf1ff9-76c1-47dd-9ecc-b92f30bd9afc,a4596328-c0c7-464d-a248-b8547ef634f1,Stemmen - aangenomen,1,39.0,13,3,12,0,afternoon,-0.2588190451025208,-0.9659258262890684,106,26,"Maar voordat we gaan stemmen, geef ik eerst even het woord aan mevrouw Kröger en dan aan de heer Eerdmans.",-2.4492935982947064e-16,1.0,0.4338837391175582,-0.900968867902419,0,1,0,0,0,2022,12,3.688879454113936,4.672828834461906,0,1827,7.510977752014095,D66,False,False,True,False,False,False,False,False,False,False,False,2,0,0,0.0,test,-0.9924,negative,0.0038,0.9962,1,0,1,1,0,1
005aabd7-692d-4661-8e06-cf05862aea17,ead24cc5-c192-4f15-a678-71e5415223ed,"39e vergadering, donderdag 22 december 2022",2022-12-22,7c4d3a9e-9bb2-47bf-bd7a-d785cb949ef9,Regeling van werkzaamheden,Regeling van werkzaamheden (stemmingen),Regeling van werkzaamheden (stemmingen),d18edd5c-8b54-4e64-9c56-f8cdc24c8143,Bergkamp,D66,lid Tweede Kamer,2022-12-22 13:04:51,2022-12-22 13:05:30,1,"Maar voordat we gaan stemmen, geef ik eerst even het woord aan mevrouw Kröger en dan aan de heer Eerdmans.",verslagen_xml\b433c19a-d812-45df-8075-07b5b911714a.xml,2022-12-22,8d33c9b6-bea7-4a99-8fd0-23f173e9709d,Stemmingen,STEMMINGEN  (over alle onderwerpen tot en met 21 december 2022),2022-12-22 12:00:00,2022-12-22 12:00:00,2022-12-22 13:10:00,Uitgevoerd,2022-2023,Tweede Kamer,3891.0,4edf1ff9-76c1-47dd-9ecc-b92f30bd9afc,0c4c0f43-a4f1-422c-9d28-c049683f2d01,Stemmen - aangenomen,1,39.0,13,3,12,0,afternoon,-0.2588190451025208,-0.9659258262890684,106,26,"Maar voordat we gaan stemmen, geef ik eerst even het woord aan mevrouw Kröger en dan aan de heer Eerdmans.",-2.4492935982947064e-16,1.0,0.4338837391175582,-0.900968867902419,0,1,0,0,0,2022,12,3.688879454113936,4.672828834461906,0,1827,7.510977752014095,D66,False,False,True,False,False,False,False,False,False,False,False,2,0,0,0.0,test,-0.9924,negative,0.0038,0.9962,1,0,1,1,0,1
005aabd7-692d-4661-8e06-cf05862aea17,ead24cc5-c192-4f15-a678-71e5415223ed,"39e vergadering, donderdag 22 december 2022",2022-12-22,7c4d3a9e-9bb2-47bf-bd7a-d785cb949ef9,Regeling van werkzaamheden,Regeling van werkzaamheden (stemmingen),Regeling van werkzaamheden (stemmingen),d18edd5c-8b54-4e64-9c56-f8cdc24c8143,Bergkamp,D66,lid Tweede Kamer,2022-12-22 13:04:51,2022-12-22 13:05:30,1,"Maar voordat we gaan stemmen, geef ik eerst even het woord aan mevrouw Kröger en dan aan de heer Eerdmans.",verslagen_xml\b433c19a-d812-45df-8075-07b5b911714a.xml,2022-12-22,8d33c9b6-bea7-4a99-8fd0-23f173e9709d,Stemmingen,STEMMINGEN  (over alle onderwerpen tot en met 21 december 2022),2022-12-22 12:00:00,2022-12-22 12:00:00,2022-12-22 13:10:00,Uitgevoerd,2022-2023,Tweede Kamer,3891.0,4edf1ff9-76c1-47dd-9ecc-b92f30bd9afc,5e6d0aaf-e327-4950-9730-ca3250bef347,Stemmen - verworpen,0,39.0,13,3,12,0,afternoon,-0.2588190451025208,-0.9659258262890684,106,26,"Maar voordat we gaan stemmen, geef ik eerst even het woord aan mevrouw Kröger en dan aan de heer Eerdmans.",-2.4492935982947064e-16,1.0,0.4338837391175582,-0.900968867902419,0,1,0,0,0,2022,12,3.688879454113936,4.672828834461906,0,1827,7.510977752014095,D66,False,False,True,False,False,False,False,False,False,False,False,2,0,0,0.0,test,-0.9924,negative,0.0038,0.9962,1,0,1,1,0,1
005aabd7-692d-4661-8e06-cf05862aea17,ead24cc5-c192-4f15-a678-71e5415223ed,"39e vergadering, donderdag 22 december 2022",2022-12-22,7c4d3a9e-9bb2-47bf-bd7a-d785cb949ef9,Regeling van werkzaamheden,Regeling van werkzaamheden (stemmingen),Regeling van werkzaamheden (stemmingen),d18edd5c-8b54-4e64-9c56-f8cdc24c8143,Bergkamp,D66,lid Tweede Kamer,2022-12-22 13:04:51,2022-12-22 13:05:30,1,"Maar voordat we gaan stemmen, geef ik eerst even het woord aan mevrouw Kröger en dan aan de heer Eerdmans.",verslagen_xml\b433c19a-d812-45df-8075-07b5b911714a.xml,2022-12-22,8d33c9b6-bea7-4a99-8fd0-23f173e9709d,Stemmingen,STEMMINGEN  (over alle onderwerpen tot en met 21 december 2022),2022-12-22 12:00:00,2022-12-22 12:00:00,2022-12-22 13:10:00,Uitgevoerd,2022-2023,Tweede Kamer,3891.0,4edf1ff9-76c1-47dd-9ecc-b92f30bd9afc,015fd9ce-13f4-4edf-aad0-caedfdee3903,Stemmen - aangenomen,1,39.0,13,3,12,0,afternoon,-0.2588190451025208,-0.9659258262890684,106,26,"Maar voordat we gaan stemmen, geef ik eerst even het woord aan mevrouw Kröger en dan aan de heer Eerdmans.",-2.4492935982947064e-16,1.0,0.4338837391175582,-0.900968867902419,0,1,0,0,0,2022,12,3.688879454113936,4.672828834461906,0,1827,7.510977752014095,D66,False,False,True,False,False,False,False,False,False,False,False,2,0,0,0.0,test,-0.9924,negative,0.0038,0.9962,1,0,1,1,0,1
005aabd7-692d-4661-8e06-cf05862aea17,ead24cc5-c192-4f15-a678-71e5415223ed,"39e vergadering, donderdag 22 december 2022",2022-12-22,7c4d3a9e-9bb2-47bf-bd7a-d785cb949ef9,Regeling van werkzaamheden,Regeling van werkzaamheden (stemmingen),Regeling van werkzaamheden (stemmingen),d18edd5c-8b54-4e64-9c56-f8cdc24c8143,Bergkamp,D66,lid Tweede Kamer,2022-12-22 13:04:51,2022-12-22 13:05:30,1,"Maar voordat we gaan stemmen, geef ik eerst even het woord aan mevrouw Kröger en dan aan de heer Eerdmans.",verslagen_xml\b433c19a-d812-45df-8075-07b5b911714a.xml,2022-12-22,8d33c9b6-bea7-4a99-8fd0-23f173e9709d,Stemmingen,STEMMINGEN  (over alle onderwerpen tot en met 21 december 2022),2022-12-22 12:00:00,2022-12-22 12:00:00,2022-12-22 13:10:00,Uitgevoerd,2022-2023,Tweede Kamer,3891.0,cd5f02c3-7f5f-433f-84f1-bfa699da10a8,373b88ea-cdb5-41c0-8847-30f65316d61b,Stemmen - aangenomen,1,39.0,13,3,12,0,afternoon,-0.2588190451025208,-0.9659258262890684,106,26,"Maar voordat we gaan stemmen, geef ik eerst even het woord aan mevrouw Kröger en dan aan de heer Eerdmans.",-2.4492935982947064e-16,1.0,0.4338837391175582,-0.900968867902419,0,1,0,0,0,2022,12,3.688879454113936,4.672828834461906,0,1827,7.510977752014095,D66,False,False,True,False,False,False,False,False,False,False,False,2,0,0,0.0,test,-0.9924,negative,0.0038,0.9962,1,0,1,1,0,1
005aabd7-692d-4661-8e06-cf05862aea17,ead24cc5-c192-4f15-a678-71e5415223ed,"39e vergadering, donderdag 22 december 2022",2022-12-22,7c4d3a9e-9bb2-47bf-bd7a-d785cb949ef9,Regeling van werkzaamheden,Regeling van werkzaamheden (stemmingen),Regeling van werkzaamheden (stemmingen),d18edd5c-8b54-4e64-9c56-f8cdc24c8143,Bergkamp,D66,lid Tweede Kamer,2022-12-22 13:04:51,2022-12-22 13:05:30,1,"Maar voordat we gaan stemmen, geef ik eerst even het woord aan mevrouw Kröger en dan aan de heer Eerdmans.",verslagen_xml\b433c19a-d812-45df-8075-07b5b911714a.xml,2022-12-22,8d33c9b6-bea7-4a99-8fd0-23f173e9709d,Stemmingen,STEMMINGEN  (over alle onderwerpen tot en met 21 december 2022),2022-12-22 12:00:00,2022-12-22 12:00:00,2022-12-22 13:10:00,Uitgevoerd,2022-2023,Tweede Kamer,3891.0,cd5f02c3-7f5f-433f-84f1-bfa699da10a8,ba1f3a01-5085-4e1c-8f4d-378dd796ca58,Stemmen - verworpen,0,39.0,13,3,12,0,afternoon,-0.2588190451025208,-0.9659258262890684,106,26,"Maar voordat we gaan stemmen, geef ik eerst even het woord aan mevrouw Kröger en dan aan de heer Eerdmans.",-2.4492935982947064e-16,1.0,0.4338837391175582,-0.900968867902419,0,1,0,0,0,2022,12,3.688879454113936,4.672828834461906,0,1827,7.510977752014095,D66,False,False,True,False,False,False,False,False,False,False,False,2,0,0,0.0,test,-0.9924,negative,0.0038,0.9962,1,0,1,1,0,1
005aabd7-692d-4661-8e06-cf05862aea17,ead24cc5-c192-4f15-a678-71e5415223ed,"39e vergadering, donderdag 22 december 2022",2022-12-22,7c4d3a9e-9bb2-47bf-bd7a-d785cb949ef9,Regeling van werkzaamheden,Regeling van werkzaamheden (stemmingen),Regeling van werkzaamheden (stemmingen),d18edd5c-8b54-4e64-9c56-f8cdc24c8143,Bergkamp,D66,lid Tweede Kamer,2022-12-22 13:04:51,2022-12-22 13:05:30,1,"Maar voordat we gaan stemmen, geef ik eerst even het woord aan mevrouw Kröger en dan aan de heer Eerdmans.",verslagen_xml\b433c19a-d812-45df-8075-07b5b911714a.xml,2022-12-22,8d33c9b6-bea7-4a99-8fd0-23f173e9709d,Stemmingen,STEMMINGEN  (over alle onderwerpen tot en met 21 december 2022),2022-12-22 12:00:00,2022-12-22 12:00:00,2022-12-22 13:10:00,Uitgevoerd,2022-2023,Tweede Kamer,3891.0,cd5f02c3-7f5f-433f-84f1-bfa699da10a8,0d9d5f03-a678-476f-8c4a-6ed22df0e238,Stemmen - aangenomen,1,39.0,13,3,12,0,afternoon,-0.2588190451025208,-0.9659258262890684,106,26,"Maar voordat we gaan stemmen, geef ik eerst even het woord aan mevrouw Kröger en dan aan de heer Eerdmans.",-2.4492935982947064e-16,1.0,0.4338837391175582,-0.900968867902419,0,1,0,0,0,2022,12,3.688879454113936,4.672828834461906,0,1827,7.510977752014095,D66,False,False,True,False,False,False,False,False,False,False,False,2,0,0,0.0,test,-0.9924,negative,0.0038,0.9962,1,0,1,1,0,1
005aabd7-692d-4661-8e06-cf05862aea17,ead24cc5-c192-4f15-a678-71e5415223ed,"39e vergadering, donderdag 22 december 2022",2022-12-22,7c4d3a9e-9bb2-47bf-bd7a-d785cb949ef9,Regeling van werkzaamheden,Regeling van werkzaamheden (stemmingen),Regeling van werkzaamheden (stemmingen),d18edd5c-8b54-4e64-9c56-f8cdc24c8143,Bergkamp,D66,lid Tweede Kamer,2022-12-22 13:04:51,2022-12-22 13:05:30,1,"Maar voordat we gaan stemmen, geef ik eerst even het woord aan mevrouw Kröger en dan aan de heer Eerdmans.",verslagen_xml\b433c19a-d812-45df-8075-07b5b911714a.xml,2022-12-22,8d33c9b6-bea7-4a99-8fd0-23f173e9709d,Stemmingen,STEMMINGEN  (over alle onderwerpen tot en met 21 december 2022),2022-12-22 12:00:00,2022-12-22 12:00:00,2022-12-22 13:10:00,Uitgevoerd,2022-2023,Tweede Kamer,3891.0,cd5f02c3-7f5f-433f-84f1-bfa699da10a8,96afec5e-c55f-43b5-9de6-7aac0b7b3bb6,Stemmen - aangenomen,1,39.0,13,3,12,0,afternoon,-0.2588190451025208,-0.9659258262890684,106,26,"Maar voordat we gaan stemmen, geef ik eerst even het woord aan mevrouw Kröger en dan aan de heer Eerdmans.",-2.4492935982947064e-16,1.0,0.4338837391175582,-0.900968867902419,0,1,0,0,0,2022,12,3.688879454113936,4.672828834461906,0,1827,7.510977752014095,D66,False,False,True,False,False,False,False,False,False,False,False,2,0,0,0.0,test,-0.9924,negative,0.0038,0.9962,1,0,1,1,0,1
005aabd7-692d-4661-8e06-cf05862aea17,ead24cc5-c192-4f15-a678-71e5415223ed,"39e vergadering, donderdag 22 december 2022",2022-12-22,7c4d3a9e-9bb2-47bf-bd7a-d785cb949ef9,Regeling van werkzaamheden,Regeling van werkzaamheden (stemmingen),Regeling van werkzaamheden (stemmingen),d18edd5c-8b54-4e64-9c56-f8cdc24c8143,Bergkamp,D66,lid Tweede Kamer,2022-12-22 13:04:51,2022-12-22 13:05:30,1,"Maar voordat we gaan stemmen, geef ik eerst even het woord aan mevrouw Kröger en dan aan de heer Eerdmans.",verslagen_xml\b433c19a-d812-45df-8075-07b5b911714a.xml,2022-12-22,8d33c9b6-bea7-4a99-8fd0-23f173e9709d,Stemmingen,STEMMINGEN  (over alle onderwerpen tot en met 21 december 2022),2022-12-22 12:00:00,2022-12-22 12:00:00,2022-12-22 13:10:00,Uitgevoerd,2022-2023,Tweede Kamer,3891.0,cd5f02c3-7f5f-433f-84f1-bfa699da10a8,c667fa83-b5a1-46a9-b2d3-b71e28da2b12,Stemmen - aangenomen,1,39.0,13,3,12,0,afternoon,-0.2588190451025208,-0.9659258262890684,106,26,"Maar voordat we gaan stemmen, geef ik eerst even het woord aan mevrouw Kröger en dan aan de heer Eerdmans.",-2.4492935982947064e-16,1.0,0.4338837391175582,-0.900968867902419,0,1,0,0,0,2022,12,3.688879454113936,4.672828834461906,0,1827,7.510977752014095,D66,False,False,True,False,False,False,False,False,False,False,False,2,0,0,0.0,test,-0.9924,negative,0.0038,0.9962,1,0,1,1,0,1
005aabd7-692d-4661-8e06-cf05862aea17,ead24cc5-c192-4f15-a678-71e5415223ed,"39e vergadering, donderdag 22 december 2022",2022-12-22,7c4d3a9e-9bb2-47bf-bd7a-d785cb949ef9,Regeling van werkzaamheden,Regeling van werkzaamheden (stemmingen),Regeling van werkzaamheden (stemmingen),d18edd5c-8b54-4e64-9c56-f8cdc24c8143,Bergkamp,D66,lid Tweede Kamer,2022-12-22 13:04:51,2022-12-22 13:05:30,1,"Maar voordat we gaan stemmen, geef ik eerst even het woord aan mevrouw Kröger en dan aan de heer Eerdmans.",verslagen_xml\b433c19a-d812-45df-8075-07b5b911714a.xml,2022-12-22,8d33c9b6-bea7-4a99-8fd0-23f173e9709d,Stemmingen,STEMMINGEN  (over alle onderwerpen tot en met 21 december 2022),2022-12-22 12:00:00,2022-12-22 12:00:00,2022-12-22 13:10:00,Uitgevoerd,2022-2023,Tweede Kamer,3891.0,cd5f02c3-7f5f-433f-84f1-bfa699da10a8,ac248e29-7510-411f-9cc4-cb7cdea9469b,Stemmen - aangenomen,1,39.0,13,3,12,0,afternoon,-0.2588190451025208,-0.9659258262890684,106,26,"Maar voordat we gaan stemmen, geef ik eerst even het woord aan mevrouw Kröger en dan aan de heer Eerdmans.",-2.4492935982947064e-16,1.0,0.4338837391175582,-0.900968867902419,0,1,0,0,0,2022,12,3.688879454113936,4.672828834461906,0,1827,7.510977752014095,D66,False,False,True,False,False,False,False,False,False,False,False,2,0,0,0.0,test,-0.9924,negative,0.0038,0.9962,1,0,1,1,0,1
005aabd7-692d-4661-8e06-cf05862aea17,ead24cc5-c192-4f15-a678-71e5415223ed,"39e vergadering, donderdag 22 december 2022",2022-12-22,7c4d3a9e-9bb2-47bf-bd7a-d785cb949ef9,Regeling van werkzaamheden,Regeling van werkzaamheden (stemmingen),Regeling van werkzaamheden (stemmingen),d18edd5c-8b54-4e64-9c56-f8cdc24c8143,Bergkamp,D66,lid Tweede Kamer,2022-12-22 13:04:51,2022-12-22 13:05:30,1,"Maar voordat we gaan stemmen, geef ik eerst even het woord aan mevrouw Kröger en dan aan de heer Eerdmans.",verslagen_xml\b433c19a-d812-45df-8075-07b5b911714a.xml,2022-12-22,8d33c9b6-bea7-4a99-8fd0-23f173e9709d,Stemmingen,STEMMINGEN  (over alle onderwerpen tot en met 21 december 2022),2022-12-22 12:00:00,2022-12-22 12:00:00,2022-12-22 13:10:00,Uitgevoerd,2022-2023,Tweede Kamer,3891.0,cd5f02c3-7f5f-433f-84f1-bfa699da10a8,5246112c-1075-4fa5-9b5c-e5faecb40d25,Stemmen - verworpen,0,39.0,13,3,12,0,afternoon,-0.2588190451025208,-0.9659258262890684,106,26,"Maar voordat we gaan stemmen, geef ik eerst even het woord aan mevrouw Kröger en dan aan de heer Eerdmans.",-2.4492935982947064e-16,1.0,0.4338837391175582,-0.900968867902419,0,1,0,0,0,2022,12,3.688879454113936,4.672828834461906,0,1827,7.510977752014095,D66,False,False,True,False,False,False,False,False,False,False,False,2,0,0,0.0,test,-0.9924,negative,0.0038,0.9962,1,0,1,1,0,1
005aabd7-692d-4661-8e06-cf05862aea17,ead24cc5-c192-4f15-a678-71e5415223ed,"39e vergadering, donderdag 22 december 2022",2022-12-22,7c4d3a9e-9bb2-47bf-bd7a-d785cb949ef9,Regeling van werkzaamheden,Regeling van werkzaamheden (stemmingen),Regeling van werkzaamheden (stemmingen),d18edd5c-8b54-4e64-9c56-f8cdc24c8143,Bergkamp,D66,lid Tweede Kamer,2022-12-22 13:04:51,2022-12-22 13:05:30,1,"Maar voordat we gaan stemmen, geef ik eerst even het woord aan mevrouw Kröger en dan aan de heer Eerdmans.",verslagen_xml\b433c19a-d812-45df-8075-07b5b911714a.xml,2022-12-22,8d33c9b6-bea7-4a99-8fd0-23f173e9709d,Stemmingen,STEMMINGEN  (over alle onderwerpen tot en met 21 december 2022),2022-12-22 12:00:00,2022-12-22 12:00:00,2022-12-22 13:10:00,Uitgevoerd,2022-2023,Tweede Kamer,3891.0,cd5f02c3-7f5f-433f-84f1-bfa699da10a8,b17bc192-8e01-44a8-952b-e72aa4a1ff61,Stemmen - verworpen,0,39.0,13,3,12,0,afternoon,-0.2588190451025208,-0.9659258262890684,106,26,"Maar voordat we gaan stemmen, geef ik eerst even het woord aan mevrouw Kröger en dan aan de heer Eerdmans.",-2.4492935982947064e-16,1.0,0.4338837391175582,-0.900968867902419,0,1,0,0,0,2022,12,3.688879454113936,4.672828834461906,0,1827,7.510977752014095,D66,False,False,True,False,False,False,False,False,False,False,False,2,0,0,0.0,test,-0.9924,negative,0.0038,0.9962,1,0,1,1,0,1
005aabd7-692d-4661-8e06-cf05862aea17,ead24cc5-c192-4f15-a678-71e5415223ed,"39e vergadering, donderdag 22 december 2022",2022-12-22,7c4d3a9e-9bb2-47bf-bd7a-d785cb949ef9,Regeling van werkzaamheden,Regeling van werkzaamheden (stemmingen),Regeling van werkzaamheden (stemmingen),d18edd5c-8b54-4e64-9c56-f8cdc24c8143,Bergkamp,D66,lid Tweede Kamer,2022-12-22 13:04:51,2022-12-22 13:05:30,1,"Maar voordat we gaan stemmen, geef ik eerst even het woord aan mevrouw Kröger en dan aan de heer Eerdmans.",verslagen_xml\b433c19a-d812-45df-8075-07b5b911714a.xml,2022-12-22,8d33c9b6-bea7-4a99-8fd0-23f173e9709d,Stemmingen,STEMMINGEN  (over alle onderwerpen tot en met 21 december 2022),2022-12-22 12:00:00,2022-12-22 12:00:00,2022-12-22 13:10:00,Uitgevoerd,2022-2023,Tweede Kamer,3891.0,cd5f02c3-7f5f-433f-84f1-bfa699da10a8,03bec16e-2183-4327-b3f2-fc2bf997adfd,Stemmen - verworpen,0,39.0,13,3,12,0,afternoon,-0.2588190451025208,-0.9659258262890684,106,26,"Maar voordat we gaan stemmen, geef ik eerst even het woord aan mevrouw Kröger en dan aan de heer Eerdmans.",-2.4492935982947064e-16,1.0,0.4338837391175582,-0.900968867902419,0,1,0,0,0,2022,12,3.688879454113936,4.672828834461906,0,1827,7.510977752014095,D66,False,False,True,False,False,False,False,False,False,False,False,2,0,0,0.0,test,-0.9924,negative,0.0038,0.9962,1,0,1,1,0,1
005aabd7-692d-4661-8e06-cf05862aea17,ead24cc5-c192-4f15-a678-71e5415223ed,"39e vergadering, donderdag 22 december 2022",2022-12-22,7c4d3a9e-9bb2-47bf-bd7a-d785cb949ef9,Regeling van werkzaamheden,Regeling van werkzaamheden (stemmingen),Regeling van werkzaamheden (stemmingen),d18edd5c-8b54-4e64-9c56-f8cdc24c8143,Bergkamp,D66,lid Tweede Kamer,2022-12-22 13:04:51,2022-12-22 13:05:30,1,"Maar voordat we gaan stemmen, geef ik eerst even het woord aan mevrouw Kröger en dan aan de heer Eerdmans.",verslagen_xml\b433c19a-d812-45df-8075-07b5b911714a.xml,2022-12-22,8d33c9b6-bea7-4a99-8fd0-23f173e9709d,Stemmingen,STEMMINGEN  (over alle onderwerpen tot en met 21 december 2022),2022-12-22 12:00:00,2022-12-22 12:00:00,2022-12-22 13:10:00,Uitgevoerd,2022-2023,Tweede Kamer,3891.0,32f97cfb-8039-4451-8e91-d2b6bc222541,10e30a35-c083-4cc2-ac2a-04b78c0a4817,Stemmen - aangenomen,1,39.0,13,3,12,0,afternoon,-0.2588190451025208,-0.9659258262890684,106,26,"Maar voordat we gaan stemmen, geef ik eerst even het woord aan mevrouw Kröger en dan aan de heer Eerdmans.",-2.4492935982947064e-16,1.0,0.4338837391175582,-0.900968867902419,0,1,0,0,0,2022,12,3.688879454113936,4.672828834461906,0,1827,7.510977752014095,D66,False,False,True,False,False,False,False,False,False,False,False,2,0,0,0.0,test,-0.9924,negative,0.0038,0.9962,1,0,1,1,0,1
005aabd7-692d-4661-8e06-cf05862aea17,ead24cc5-c192-4f15-a678-71e5415223ed,"39e vergadering, donderdag 22 december 2022",2022-12-22,7c4d3a9e-9bb2-47bf-bd7a-d785cb949ef9,Regeling van werkzaamheden,Regeling van werkzaamheden (stemmingen),Regeling van werkzaamheden (stemmingen),d18edd5c-8b54-4e64-9c56-f8cdc24c8143,Bergkamp,D66,lid Tweede Kamer,2022-12-22 13:04:51,2022-12-22 13:05:30,1,"Maar voordat we gaan stemmen, geef ik eerst even het woord aan mevrouw Kröger en dan aan de heer Eerdmans.",verslagen_xml\b433c19a-d812-45df-8075-07b5b911714a.xml,2022-12-22,8d33c9b6-bea7-4a99-8fd0-23f173e9709d,Stemmingen,STEMMINGEN  (over alle onderwerpen tot en met 21 december 2022),2022-12-22 12:00:00,2022-12-22 12:00:00,2022-12-22 13:10:00,Uitgevoerd,2022-2023,Tweede Kamer,3891.0,32f97cfb-8039-4451-8e91-d2b6bc222541,47cbac0e-e61d-458d-ae71-06e182426c41,Stemmen - verworpen,0,39.0,13,3,12,0,afternoon,-0.2588190451025208,-0.9659258262890684,106,26,"Maar voordat we gaan stemmen, geef ik eerst even het woord aan mevrouw Kröger en dan aan de heer Eerdmans.",-2.4492935982947064e-16,1.0,0.4338837391175582,-0.900968867902419,0,1,0,0,0,2022,12,3.688879454113936,4.672828834461906,0,1827,7.510977752014095,D66,False,False,True,False,False,False,False,False,False,False,False,2,0,0,0.0,test,-0.9924,negative,0.0038,0.9962,1,0,1,1,0,1
005aabd7-692d-4661-8e06-cf05862aea17,ead24cc5-c192-4f15-a678-71e5415223ed,"39e vergadering, donderdag 22 december 2022",2022-12-22,7c4d3a9e-9bb2-47bf-bd7a-d785cb949ef9,Regeling van werkzaamheden,Regeling van werkzaamheden (stemmingen),Regeling van werkzaamheden (stemmingen),d18edd5c-8b54-4e64-9c56-f8cdc24c8143,Bergkamp,D66,lid Tweede Kamer,2022-12-22 13:04:51,2022-12-22 13:05:30,1,"Maar voordat we gaan stemmen, geef ik eerst even het woord aan mevrouw Kröger en dan aan de heer Eerdmans.",verslagen_xml\b433c19a-d812-45df-8075-07b5b911714a.xml,2022-12-22,8d33c9b6-bea7-4a99-8fd0-23f173e9709d,Stemmingen,STEMMINGEN  (over alle onderwerpen tot en met 21 december 2022),2022-12-22 12:00:00,2022-12-22 12:00:00,2022-12-22 13:10:00,Uitgevoerd,2022-2023,Tweede Kamer,3891.0,32f97cfb-8039-4451-8e91-d2b6bc222541,4c80ab1e-183e-4741-ac44-3b856d67ea22,Stemmen - verworpen,0,39.0,13,3,12,0,afternoon,-0.2588190451025208,-0.9659258262890684,106,26,"Maar voordat we gaan stemmen, geef ik eerst even het woord aan mevrouw Kröger en dan aan de heer Eerdmans.",-2.4492935982947064e-16,1.0,0.4338837391175582,-0.900968867902419,0,1,0,0,0,2022,12,3.688879454113936,4.672828834461906,0,1827,7.510977752014095,D66,False,False,True,False,False,False,False,False,False,False,False,2,0,0,0.0,test,-0.9924,negative,0.0038,0.9962,1,0,1,1,0,1
005aabd7-692d-4661-8e06-cf05862aea17,ead24cc5-c192-4f15-a678-71e5415223ed,"39e vergadering, donderdag 22 december 2022",2022-12-22,7c4d3a9e-9bb2-47bf-bd7a-d785cb949ef9,Regeling van werkzaamheden,Regeling van werkzaamheden (stemmingen),Regeling van werkzaamheden (stemmingen),d18edd5c-8b54-4e64-9c56-f8cdc24c8143,Bergkamp,D66,lid Tweede Kamer,2022-12-22 13:04:51,2022-12-22 13:05:30,1,"Maar voordat we gaan stemmen, geef ik eerst even het woord aan mevrouw Kröger en dan aan de heer Eerdmans.",verslagen_xml\b433c19a-d812-45df-8075-07b5b911714a.xml,2022-12-22,8d33c9b6-bea7-4a99-8fd0-23f173e9709d,Stemmingen,STEMMINGEN  (over alle onderwerpen tot en met 21 december 2022),2022-12-22 12:00:00,2022-12-22 12:00:00,2022-12-22 13:10:00,Uitgevoerd,2022-2023,Tweede Kamer,3891.0,32f97cfb-8039-4451-8e91-d2b6bc222541,d7aa976a-8f95-4310-abe3-5563c2840399,Stemmen - aangenomen,1,39.0,13,3,12,0,afternoon,-0.2588190451025208,-0.9659258262890684,106,26,"Maar voordat we gaan stemmen, geef ik eerst even het woord aan mevrouw Kröger en dan aan de heer Eerdmans.",-2.4492935982947064e-16,1.0,0.4338837391175582,-0.900968867902419,0,1,0,0,0,2022,12,3.688879454113936,4.672828834461906,0,1827,7.510977752014095,D66,False,False,True,False,False,False,False,False,False,False,False,2,0,0,0.0,test,-0.9924,negative,0.0038,0.9962,1,0,1,1,0,1
005aabd7-692d-4661-8e06-cf05862aea17,ead24cc5-c192-4f15-a678-71e5415223ed,"39e vergadering, donderdag 22 december 2022",2022-12-22,7c4d3a9e-9bb2-47bf-bd7a-d785cb949ef9,Regeling van werkzaamheden,Regeling van werkzaamheden (stemmingen),Regeling van werkzaamheden (stemmingen),d18edd5c-8b54-4e64-9c56-f8cdc24c8143,Bergkamp,D66,lid Tweede Kamer,2022-12-22 13:04:51,2022-12-22 13:05:30,1,"Maar voordat we gaan stemmen, geef ik eerst even het woord aan mevrouw Kröger en dan aan de heer Eerdmans.",verslagen_xml\b433c19a-d812-45df-8075-07b5b911714a.xml,2022-12-22,8d33c9b6-bea7-4a99-8fd0-23f173e9709d,Stemmingen,STEMMINGEN  (over alle onderwerpen tot en met 21 december 2022),2022-12-22 12:00:00,2022-12-22 12:00:00,2022-12-22 13:10:00,Uitgevoerd,2022-2023,Tweede Kamer,3891.0,32f97cfb-8039-4451-8e91-d2b6bc222541,628dbaf8-0294-4f2d-a06a-5c749b3af5e7,Stemmen - aangenomen,1,39.0,13,3,12,0,afternoon,-0.2588190451025208,-0.9659258262890684,106,26,"Maar voordat we gaan stemmen, geef ik eerst even het woord aan mevrouw Kröger en dan aan de heer Eerdmans.",-2.4492935982947064e-16,1.0,0.4338837391175582,-0.900968867902419,0,1,0,0,0,2022,12,3.688879454113936,4.672828834461906,0,1827,7.510977752014095,D66,False,False,True,False,False,False,False,False,False,False,False,2,0,0,0.0,test,-0.9924,negative,0.0038,0.9962,1,0,1,1,0,1
005aabd7-692d-4661-8e06-cf05862aea17,ead24cc5-c192-4f15-a678-71e5415223ed,"39e vergadering, donderdag 22 december 2022",2022-12-22,7c4d3a9e-9bb2-47bf-bd7a-d785cb949ef9,Regeling van werkzaamheden,Regeling van werkzaamheden (stemmingen),Regeling van werkzaamheden (stemmingen),d18edd5c-8b54-4e64-9c56-f8cdc24c8143,Bergkamp,D66,lid Tweede Kamer,2022-12-22 13:04:51,2022-12-22 13:05:30,1,"Maar voordat we gaan stemmen, geef ik eerst even het woord aan mevrouw Kröger en dan aan de heer Eerdmans.",verslagen_xml\b433c19a-d812-45df-8075-07b5b911714a.xml,2022-12-22,8d33c9b6-bea7-4a99-8fd0-23f173e9709d,Stemmingen,STEMMINGEN  (over alle onderwerpen tot en met 21 december 2022),2022-12-22 12:00:00,2022-12-22 12:00:00,2022-12-22 13:10:00,Uitgevoerd,2022-2023,Tweede Kamer,3891.0,32f97cfb-8039-4451-8e91-d2b6bc222541,fc8770ae-fced-40f1-9e4b-68cfc53abc01,Stemmen - aangenomen,1,39.0,13,3,12,0,afternoon,-0.2588190451025208,-0.9659258262890684,106,26,"Maar voordat we gaan stemmen, geef ik eerst even het woord aan mevrouw Kröger en dan aan de heer Eerdmans.",-2.4492935982947064e-16,1.0,0.4338837391175582,-0.900968867902419,0,1,0,0,0,2022,12,3.688879454113936,4.672828834461906,0,1827,7.510977752014095,D66,False,False,True,False,False,False,False,False,False,False,False,2,0,0,0.0,test,-0.9924,negative,0.0038,0.9962,1,0,1,1,0,1
005aabd7-692d-4661-8e06-cf05862aea17,ead24cc5-c192-4f15-a678-71e5415223ed,"39e vergadering, donderdag 22 december 2022",2022-12-22,7c4d3a9e-9bb2-47bf-bd7a-d785cb949ef9,Regeling van werkzaamheden,Regeling van werkzaamheden (stemmingen),Regeling van werkzaamheden (stemmingen),d18edd5c-8b54-4e64-9c56-f8cdc24c8143,Bergkamp,D66,lid Tweede Kamer,2022-12-22 13:04:51,2022-12-22 13:05:30,1,"Maar voordat we gaan stemmen, geef ik eerst even het woord aan mevrouw Kröger en dan aan de heer Eerdmans.",verslagen_xml\b433c19a-d812-45df-8075-07b5b911714a.xml,2022-12-22,8d33c9b6-bea7-4a99-8fd0-23f173e9709d,Stemmingen,STEMMINGEN  (over alle onderwerpen tot en met 21 december 2022),2022-12-22 12:00:00,2022-12-22 12:00:00,2022-12-22 13:10:00,Uitgevoerd,2022-2023,Tweede Kamer,3891.0,32f97cfb-8039-4451-8e91-d2b6bc222541,f09b7768-fcad-4c1d-a0a9-75d07c08948b,Stemmen - verworpen,0,39.0,13,3,12,0,afternoon,-0.2588190451025208,-0.9659258262890684,106,26,"Maar voordat we gaan stemmen, geef ik eerst even het woord aan mevrouw Kröger en dan aan de heer Eerdmans.",-2.4492935982947064e-16,1.0,0.4338837391175582,-0.900968867902419,0,1,0,0,0,2022,12,3.688879454113936,4.672828834461906,0,1827,7.510977752014095,D66,False,False,True,False,False,False,False,False,False,False,False,2,0,0,0.0,test,-0.9924,negative,0.0038,0.9962,1,0,1,1,0,1
005aabd7-692d-4661-8e06-cf05862aea17,ead24cc5-c192-4f15-a678-71e5415223ed,"39e vergadering, donderdag 22 december 2022",2022-12-22,7c4d3a9e-9bb2-47bf-bd7a-d785cb949ef9,Regeling van werkzaamheden,Regeling van werkzaamheden (stemmingen),Regeling van werkzaamheden (stemmingen),d18edd5c-8b54-4e64-9c56-f8cdc24c8143,Bergkamp,D66,lid Tweede Kamer,2022-12-22 13:04:51,2022-12-22 13:05:30,1,"Maar voordat we gaan stemmen, geef ik eerst even het woord aan mevrouw Kröger en dan aan de heer Eerdmans.",verslagen_xml\b433c19a-d812-45df-8075-07b5b911714a.xml,2022-12-22,8d33c9b6-bea7-4a99-8fd0-23f173e9709d,Stemmingen,STEMMINGEN  (over alle onderwerpen tot en met 21 december 2022),2022-12-22 12:00:00,2022-12-22 12:00:00,2022-12-22 13:10:00,Uitgevoerd,2022-2023,Tweede Kamer,3891.0,32f97cfb-8039-4451-8e91-d2b6bc222541,cdd94f31-c36f-4736-94c2-773443c7b9ad,Stemmen - verworpen,0,39.0,13,3,12,0,afternoon,-0.2588190451025208,-0.9659258262890684,106,26,"Maar voordat we gaan stemmen, geef ik eerst even het woord aan mevrouw Kröger en dan aan de heer Eerdmans.",-2.4492935982947064e-16,1.0,0.4338837391175582,-0.900968867902419,0,1,0,0,0,2022,12,3.688879454113936,4.672828834461906,0,1827,7.510977752014095,D66,False,False,True,False,False,False,False,False,False,False,False,2,0,0,0.0,test,-0.9924,negative,0.0038,0.9962,1,0,1,1,0,1
005aabd7-692d-4661-8e06-cf05862aea17,ead24cc5-c192-4f15-a678-71e5415223ed,"39e vergadering, donderdag 22 december 2022",2022-12-22,7c4d3a9e-9bb2-47bf-bd7a-d785cb949ef9,Regeling van werkzaamheden,Regeling van werkzaamheden (stemmingen),Regeling van werkzaamheden (stemmingen),d18edd5c-8b54-4e64-9c56-f8cdc24c8143,Bergkamp,D66,lid Tweede Kamer,2022-12-22 13:04:51,2022-12-22 13:05:30,1,"Maar voordat we gaan stemmen, geef ik eerst even het woord aan mevrouw Kröger en dan aan de heer Eerdmans.",verslagen_xml\b433c19a-d812-45df-8075-07b5b911714a.xml,2022-12-22,8d33c9b6-bea7-4a99-8fd0-23f173e9709d,Stemmingen,STEMMINGEN  (over alle onderwerpen tot en met 21 december 2022),2022-12-22 12:00:00,2022-12-22 12:00:00,2022-12-22 13:10:00,Uitgevoerd,2022-2023,Tweede Kamer,3891.0,32f97cfb-8039-4451-8e91-d2b6bc222541,b5a5839a-bdf1-4e62-a882-80e542984c45,Stemmen - verworpen,0,39.0,13,3,12,0,afternoon,-0.2588190451025208,-0.9659258262890684,106,26,"Maar voordat we gaan stemmen, geef ik eerst even het woord aan mevrouw Kröger en dan aan de heer Eerdmans.",-2.4492935982947064e-16,1.0,0.4338837391175582,-0.900968867902419,0,1,0,0,0,2022,12,3.688879454113936,4.672828834461906,0,1827,7.510977752014095,D66,False,False,True,False,False,False,False,False,False,False,False,2,0,0,0.0,test,-0.9924,negative,0.0038,0.9962,1,0,1,1,0,1
005aabd7-692d-4661-8e06-cf05862aea17,ead24cc5-c192-4f15-a678-71e5415223ed,"39e vergadering, donderdag 22 december 2022",2022-12-22,7c4d3a9e-9bb2-47bf-bd7a-d785cb949ef9,Regeling van werkzaamheden,Regeling van werkzaamheden (stemmingen),Regeling van werkzaamheden (stemmingen),d18edd5c-8b54-4e64-9c56-f8cdc24c8143,Bergkamp,D66,lid Tweede Kamer,2022-12-22 13:04:51,2022-12-22 13:05:30,1,"Maar voordat we gaan stemmen, geef ik eerst even het woord aan mevrouw Kröger en dan aan de heer Eerdmans.",verslagen_xml\b433c19a-d812-45df-8075-07b5b911714a.xml,2022-12-22,8d33c9b6-bea7-4a99-8fd0-23f173e9709d,Stemmingen,STEMMINGEN  (over alle onderwerpen tot en met 21 december 2022),2022-12-22 12:00:00,2022-12-22 12:00:00,2022-12-22 13:10:00,Uitgevoerd,2022-2023,Tweede Kamer,3891.0,32f97cfb-8039-4451-8e91-d2b6bc222541,05d8c2c8-64f9-459d-9611-8f4e28967e45,Stemmen - verworpen,0,39.0,13,3,12,0,afternoon,-0.2588190451025208,-0.9659258262890684,106,26,"Maar voordat we gaan stemmen, geef ik eerst even het woord aan mevrouw Kröger en dan aan de heer Eerdmans.",-2.4492935982947064e-16,1.0,0.4338837391175582,-0.900968867902419,0,1,0,0,0,2022,12,3.688879454113936,4.672828834461906,0,1827,7.510977752014095,D66,False,False,True,False,False,False,False,False,False,False,False,2,0,0,0.0,test,-0.9924,negative,0.0038,0.9962,1,0,1,1,0,1
005aabd7-692d-4661-8e06-cf05862aea17,ead24cc5-c192-4f15-a678-71e5415223ed,"39e vergadering, donderdag 22 december 2022",2022-12-22,7c4d3a9e-9bb2-47bf-bd7a-d785cb949ef9,Regeling van werkzaamheden,Regeling van werkzaamheden (stemmingen),Regeling van werkzaamheden (stemmingen),d18edd5c-8b54-4e64-9c56-f8cdc24c8143,Bergkamp,D66,lid Tweede Kamer,2022-12-22 13:04:51,2022-12-22 13:05:30,1,"Maar voordat we gaan stemmen, geef ik eerst even het woord aan mevrouw Kröger en dan aan de heer Eerdmans.",verslagen_xml\b433c19a-d812-45df-8075-07b5b911714a.xml,2022-12-22,8d33c9b6-bea7-4a99-8fd0-23f173e9709d,Stemmingen,STEMMINGEN  (over alle onderwerpen tot en met 21 december 2022),2022-12-22 12:00:00,2022-12-22 12:00:00,2022-12-22 13:10:00,Uitgevoerd,2022-2023,Tweede Kamer,3891.0,32f97cfb-8039-4451-8e91-d2b6bc222541,fb6ebc5c-8e5b-447e-b62c-9837b4ab8209,Stemmen - aangenomen,1,39.0,13,3,12,0,afternoon,-0.2588190451025208,-0.9659258262890684,106,26,"Maar voordat we gaan stemmen, geef ik eerst even het woord aan mevrouw Kröger en dan aan de heer Eerdmans.",-2.4492935982947064e-16,1.0,0.4338837391175582,-0.900968867902419,0,1,0,0,0,2022,12,3.688879454113936,4.672828834461906,0,1827,7.510977752014095,D66,False,False,True,False,False,False,False,False,False,False,False,2,0,0,0.0,test,-0.9924,negative,0.0038,0.9962,1,0,1,1,0,1
005aabd7-692d-4661-8e06-cf05862aea17,ead24cc5-c192-4f15-a678-71e5415223ed,"39e vergadering, donderdag 22 december 2022",2022-12-22,7c4d3a9e-9bb2-47bf-bd7a-d785cb949ef9,Regeling van werkzaamheden,Regeling van werkzaamheden (stemmingen),Regeling van werkzaamheden (stemmingen),d18edd5c-8b54-4e64-9c56-f8cdc24c8143,Bergkamp,D66,lid Tweede Kamer,2022-12-22 13:04:51,2022-12-22 13:05:30,1,"Maar voordat we gaan stemmen, geef ik eerst even het woord aan mevrouw Kröger en dan aan de heer Eerdmans.",verslagen_xml\b433c19a-d812-45df-8075-07b5b911714a.xml,2022-12-22,8d33c9b6-bea7-4a99-8fd0-23f173e9709d,Stemmingen,STEMMINGEN  (over alle onderwerpen tot en met 21 december 2022),2022-12-22 12:00:00,2022-12-22 12:00:00,2022-12-22 13:10:00,Uitgevoerd,2022-2023,Tweede Kamer,3891.0,32f97cfb-8039-4451-8e91-d2b6bc222541,4660f793-99f5-4da2-8e1b-9f69ffe463e9,Stemmen - aangenomen,1,39.0,13,3,12,0,afternoon,-0.2588190451025208,-0.9659258262890684,106,26,"Maar voordat we gaan stemmen, geef ik eerst even het woord aan mevrouw Kröger en dan aan de heer Eerdmans.",-2.4492935982947064e-16,1.0,0.4338837391175582,-0.900968867902419,0,1,0,0,0,2022,12,3.688879454113936,4.672828834461906,0,1827,7.510977752014095,D66,False,False,True,False,False,False,False,False,False,False,False,2,0,0,0.0,test,-0.9924,negative,0.0038,0.9962,1,0,1,1,0,1
005aabd7-692d-4661-8e06-cf05862aea17,ead24cc5-c192-4f15-a678-71e5415223ed,"39e vergadering, donderdag 22 december 2022",2022-12-22,7c4d3a9e-9bb2-47bf-bd7a-d785cb949ef9,Regeling van werkzaamheden,Regeling van werkzaamheden (stemmingen),Regeling van werkzaamheden (stemmingen),d18edd5c-8b54-4e64-9c56-f8cdc24c8143,Bergkamp,D66,lid Tweede Kamer,2022-12-22 13:04:51,2022-12-22 13:05:30,1,"Maar voordat we gaan stemmen, geef ik eerst even het woord aan mevrouw Kröger en dan aan de heer Eerdmans.",verslagen_xml\b433c19a-d812-45df-8075-07b5b911714a.xml,2022-12-22,8d33c9b6-bea7-4a99-8fd0-23f173e9709d,Stemmingen,STEMMINGEN  (over alle onderwerpen tot en met 21 december 2022),2022-12-22 12:00:00,2022-12-22 12:00:00,2022-12-22 13:10:00,Uitgevoerd,2022-2023,Tweede Kamer,3891.0,32f97cfb-8039-4451-8e91-d2b6bc222541,08286cab-0a2c-4c2d-b63f-ec79ec64de0e,Stemmen - verworpen,0,39.0,13,3,12,0,afternoon,-0.2588190451025208,-0.9659258262890684,106,26,"Maar voordat we gaan stemmen, geef ik eerst even het woord aan mevrouw Kröger en dan aan de heer Eerdmans.",-2.4492935982947064e-16,1.0,0.4338837391175582,-0.900968867902419,0,1,0,0,0,2022,12,3.688879454113936,4.672828834461906,0,1827,7.510977752014095,D66,False,False,True,False,False,False,False,False,False,False,False,2,0,0,0.0,test,-0.9924,negative,0.0038,0.9962,1,0,1,1,0,1
005aabd7-692d-4661-8e06-cf05862aea17,ead24cc5-c192-4f15-a678-71e5415223ed,"39e vergadering, donderdag 22 december 2022",2022-12-22,7c4d3a9e-9bb2-47bf-bd7a-d785cb949ef9,Regeling van werkzaamheden,Regeling van werkzaamheden (stemmingen),Regeling van werkzaamheden (stemmingen),d18edd5c-8b54-4e64-9c56-f8cdc24c8143,Bergkamp,D66,lid Tweede Kamer,2022-12-22 13:04:51,2022-12-22 13:05:30,1,"Maar voordat we gaan stemmen, geef ik eerst even het woord aan mevrouw Kröger en dan aan de heer Eerdmans.",verslagen_xml\b433c19a-d812-45df-8075-07b5b911714a.xml,2022-12-22,8d33c9b6-bea7-4a99-8fd0-23f173e9709d,Stemmingen,STEMMINGEN  (over alle onderwerpen tot en met 21 december 2022),2022-12-22 12:00:00,2022-12-22 12:00:00,2022-12-22 13:10:00,Uitgevoerd,2022-2023,Tweede Kamer,3891.0,a4ada19b-6aa4-45d2-9f38-d6462f15a80e,976d81d8-209b-48a0-bd0b-093086f3823c,Stemmen - verworpen,0,39.0,13,3,12,0,afternoon,-0.2588190451025208,-0.9659258262890684,106,26,"Maar voordat we gaan stemmen, geef ik eerst even het woord aan mevrouw Kröger en dan aan de heer Eerdmans.",-2.4492935982947064e-16,1.0,0.4338837391175582,-0.900968867902419,0,1,0,0,0,2022,12,3.688879454113936,4.672828834461906,0,1827,7.510977752014095,D66,False,False,True,False,False,False,False,False,False,False,False,2,0,0,0.0,test,-0.9924,negative,0.0038,0.9962,1,0,1,1,0,1
005aabd7-692d-4661-8e06-cf05862aea17,ead24cc5-c192-4f15-a678-71e5415223ed,"39e vergadering, donderdag 22 december 2022",2022-12-22,7c4d3a9e-9bb2-47bf-bd7a-d785cb949ef9,Regeling van werkzaamheden,Regeling van werkzaamheden (stemmingen),Regeling van werkzaamheden (stemmingen),d18edd5c-8b54-4e64-9c56-f8cdc24c8143,Bergkamp,D66,lid Tweede Kamer,2022-12-22 13:04:51,2022-12-22 13:05:30,1,"Maar voordat we gaan stemmen, geef ik eerst even het woord aan mevrouw Kröger en dan aan de heer Eerdmans.",verslagen_xml\b433c19a-d812-45df-8075-07b5b911714a.xml,2022-12-22,8d33c9b6-bea7-4a99-8fd0-23f173e9709d,Stemmingen,STEMMINGEN  (over alle onderwerpen tot en met 21 december 2022),2022-12-22 12:00:00,2022-12-22 12:00:00,2022-12-22 13:10:00,Uitgevoerd,2022-2023,Tweede Kamer,3891.0,a4ada19b-6aa4-45d2-9f38-d6462f15a80e,f1036962-4159-43a3-a58a-740b5ad17b92,Stemmen - verworpen,0,39.0,13,3,12,0,afternoon,-0.2588190451025208,-0.9659258262890684,106,26,"Maar voordat we gaan stemmen, geef ik eerst even het woord aan mevrouw Kröger en dan aan de heer Eerdmans.",-2.4492935982947064e-16,1.0,0.4338837391175582,-0.900968867902419,0,1,0,0,0,2022,12,3.688879454113936,4.672828834461906,0,1827,7.510977752014095,D66,False,False,True,False,False,False,False,False,False,False,False,2,0,0,0.0,test,-0.9924,negative,0.0038,0.9962,1,0,1,1,0,1
005aabd7-692d-4661-8e06-cf05862aea17,ead24cc5-c192-4f15-a678-71e5415223ed,"39e vergadering, donderdag 22 december 2022",2022-12-22,7c4d3a9e-9bb2-47bf-bd7a-d785cb949ef9,Regeling van werkzaamheden,Regeling van werkzaamheden (stemmingen),Regeling van werkzaamheden (stemmingen),d18edd5c-8b54-4e64-9c56-f8cdc24c8143,Bergkamp,D66,lid Tweede Kamer,2022-12-22 13:04:51,2022-12-22 13:05:30,1,"Maar voordat we gaan stemmen, geef ik eerst even het woord aan mevrouw Kröger en dan aan de heer Eerdmans.",verslagen_xml\b433c19a-d812-45df-8075-07b5b911714a.xml,2022-12-22,8d33c9b6-bea7-4a99-8fd0-23f173e9709d,Stemmingen,STEMMINGEN  (over alle onderwerpen tot en met 21 december 2022),2022-12-22 12:00:00,2022-12-22 12:00:00,2022-12-22 13:10:00,Uitgevoerd,2022-2023,Tweede Kamer,3891.0,a4ada19b-6aa4-45d2-9f38-d6462f15a80e,a9628250-9631-4610-8f37-8df7b235fb74,Stemmen - aangenomen,1,39.0,13,3,12,0,afternoon,-0.2588190451025208,-0.9659258262890684,106,26,"Maar voordat we gaan stemmen, geef ik eerst even het woord aan mevrouw Kröger en dan aan de heer Eerdmans.",-2.4492935982947064e-16,1.0,0.4338837391175582,-0.900968867902419,0,1,0,0,0,2022,12,3.688879454113936,4.672828834461906,0,1827,7.510977752014095,D66,False,False,True,False,False,False,False,False,False,False,False,2,0,0,0.0,test,-0.9924,negative,0.0038,0.9962,1,0,1,1,0,1
005aabd7-692d-4661-8e06-cf05862aea17,ead24cc5-c192-4f15-a678-71e5415223ed,"39e vergadering, donderdag 22 december 2022",2022-12-22,7c4d3a9e-9bb2-47bf-bd7a-d785cb949ef9,Regeling van werkzaamheden,Regeling van werkzaamheden (stemmingen),Regeling van werkzaamheden (stemmingen),d18edd5c-8b54-4e64-9c56-f8cdc24c8143,Bergkamp,D66,lid Tweede Kamer,2022-12-22 13:04:51,2022-12-22 13:05:30,1,"Maar voordat we gaan stemmen, geef ik eerst even het woord aan mevrouw Kröger en dan aan de heer Eerdmans.",verslagen_xml\b433c19a-d812-45df-8075-07b5b911714a.xml,2022-12-22,8d33c9b6-bea7-4a99-8fd0-23f173e9709d,Stemmingen,STEMMINGEN  (over alle onderwerpen tot en met 21 december 2022),2022-12-22 12:00:00,2022-12-22 12:00:00,2022-12-22 13:10:00,Uitgevoerd,2022-2023,Tweede Kamer,3891.0,a4ada19b-6aa4-45d2-9f38-d6462f15a80e,b690d8cb-5f5b-44c2-a1a8-a6485f6a0797,Stemmen - aangenomen,1,39.0,13,3,12,0,afternoon,-0.2588190451025208,-0.9659258262890684,106,26,"Maar voordat we gaan stemmen, geef ik eerst even het woord aan mevrouw Kröger en dan aan de heer Eerdmans.",-2.4492935982947064e-16,1.0,0.4338837391175582,-0.900968867902419,0,1,0,0,0,2022,12,3.688879454113936,4.672828834461906,0,1827,7.510977752014095,D66,False,False,True,False,False,False,False,False,False,False,False,2,0,0,0.0,test,-0.9924,negative,0.0038,0.9962,1,0,1,1,0,1
005aabd7-692d-4661-8e06-cf05862aea17,ead24cc5-c192-4f15-a678-71e5415223ed,"39e vergadering, donderdag 22 december 2022",2022-12-22,7c4d3a9e-9bb2-47bf-bd7a-d785cb949ef9,Regeling van werkzaamheden,Regeling van werkzaamheden (stemmingen),Regeling van werkzaamheden (stemmingen),d18edd5c-8b54-4e64-9c56-f8cdc24c8143,Bergkamp,D66,lid Tweede Kamer,2022-12-22 13:04:51,2022-12-22 13:05:30,1,"Maar voordat we gaan stemmen, geef ik eerst even het woord aan mevrouw Kröger en dan aan de heer Eerdmans.",verslagen_xml\b433c19a-d812-45df-8075-07b5b911714a.xml,2022-12-22,8d33c9b6-bea7-4a99-8fd0-23f173e9709d,Stemmingen,STEMMINGEN  (over alle onderwerpen tot en met 21 december 2022),2022-12-22 12:00:00,2022-12-22 12:00:00,2022-12-22 13:10:00,Uitgevoerd,2022-2023,Tweede Kamer,3891.0,a4ada19b-6aa4-45d2-9f38-d6462f15a80e,057b16cc-56e4-4b03-b2c8-a6a2970e1be6,Stemmen - aangenomen,1,39.0,13,3,12,0,afternoon,-0.2588190451025208,-0.9659258262890684,106,26,"Maar voordat we gaan stemmen, geef ik eerst even het woord aan mevrouw Kröger en dan aan de heer Eerdmans.",-2.4492935982947064e-16,1.0,0.4338837391175582,-0.900968867902419,0,1,0,0,0,2022,12,3.688879454113936,4.672828834461906,0,1827,7.510977752014095,D66,False,False,True,False,False,False,False,False,False,False,False,2,0,0,0.0,test,-0.9924,negative,0.0038,0.9962,1,0,1,1,0,1
005aabd7-692d-4661-8e06-cf05862aea17,ead24cc5-c192-4f15-a678-71e5415223ed,"39e vergadering, donderdag 22 december 2022",2022-12-22,7c4d3a9e-9bb2-47bf-bd7a-d785cb949ef9,Regeling van werkzaamheden,Regeling van werkzaamheden (stemmingen),Regeling van werkzaamheden (stemmingen),d18edd5c-8b54-4e64-9c56-f8cdc24c8143,Bergkamp,D66,lid Tweede Kamer,2022-12-22 13:04:51,2022-12-22 13:05:30,1,"Maar voordat we gaan stemmen, geef ik eerst even het woord aan mevrouw Kröger en dan aan de heer Eerdmans.",verslagen_xml\b433c19a-d812-45df-8075-07b5b911714a.xml,2022-12-22,8d33c9b6-bea7-4a99-8fd0-23f173e9709d,Stemmingen,STEMMINGEN  (over alle onderwerpen tot en met 21 december 2022),2022-12-22 12:00:00,2022-12-22 12:00:00,2022-12-22 13:10:00,Uitgevoerd,2022-2023,Tweede Kamer,3891.0,a4ada19b-6aa4-45d2-9f38-d6462f15a80e,bb44bfb2-8dc2-4bdf-bb8f-a81e49c623a6,Stemmen - verworpen,0,39.0,13,3,12,0,afternoon,-0.2588190451025208,-0.9659258262890684,106,26,"Maar voordat we gaan stemmen, geef ik eerst even het woord aan mevrouw Kröger en dan aan de heer Eerdmans.",-2.4492935982947064e-16,1.0,0.4338837391175582,-0.900968867902419,0,1,0,0,0,2022,12,3.688879454113936,4.672828834461906,0,1827,7.510977752014095,D66,False,False,True,False,False,False,False,False,False,False,False,2,0,0,0.0,test,-0.9924,negative,0.0038,0.9962,1,0,1,1,0,1
005aabd7-692d-4661-8e06-cf05862aea17,ead24cc5-c192-4f15-a678-71e5415223ed,"39e vergadering, donderdag 22 december 2022",2022-12-22,7c4d3a9e-9bb2-47bf-bd7a-d785cb949ef9,Regeling van werkzaamheden,Regeling van werkzaamheden (stemmingen),Regeling van werkzaamheden (stemmingen),d18edd5c-8b54-4e64-9c56-f8cdc24c8143,Bergkamp,D66,lid Tweede Kamer,2022-12-22 13:04:51,2022-12-22 13:05:30,1,"Maar voordat we gaan stemmen, geef ik eerst even het woord aan mevrouw Kröger en dan aan de heer Eerdmans.",verslagen_xml\b433c19a-d812-45df-8075-07b5b911714a.xml,2022-12-22,8d33c9b6-bea7-4a99-8fd0-23f173e9709d,Stemmingen,STEMMINGEN  (over alle onderwerpen tot en met 21 december 2022),2022-12-22 12:00:00,2022-12-22 12:00:00,2022-12-22 13:10:00,Uitgevoerd,2022-2023,Tweede Kamer,3891.0,a4ada19b-6aa4-45d2-9f38-d6462f15a80e,6549f6c7-52f4-485d-b9b7-bd7a0e6ba316,Stemmen - verworpen,0,39.0,13,3,12,0,afternoon,-0.2588190451025208,-0.9659258262890684,106,26,"Maar voordat we gaan stemmen, geef ik eerst even het woord aan mevrouw Kröger en dan aan de heer Eerdmans.",-2.4492935982947064e-16,1.0,0.4338837391175582,-0.900968867902419,0,1,0,0,0,2022,12,3.688879454113936,4.672828834461906,0,1827,7.510977752014095,D66,False,False,True,False,False,False,False,False,False,False,False,2,0,0,0.0,test,-0.9924,negative,0.0038,0.9962,1,0,1,1,0,1
005aabd7-692d-4661-8e06-cf05862aea17,ead24cc5-c192-4f15-a678-71e5415223ed,"39e vergadering, donderdag 22 december 2022",2022-12-22,7c4d3a9e-9bb2-47bf-bd7a-d785cb949ef9,Regeling van werkzaamheden,Regeling van werkzaamheden (stemmingen),Regeling van werkzaamheden (stemmingen),d18edd5c-8b54-4e64-9c56-f8cdc24c8143,Bergkamp,D66,lid Tweede Kamer,2022-12-22 13:04:51,2022-12-22 13:05:30,1,"Maar voordat we gaan stemmen, geef ik eerst even het woord aan mevrouw Kröger en dan aan de heer Eerdmans.",verslagen_xml\b433c19a-d812-45df-8075-07b5b911714a.xml,2022-12-22,8d33c9b6-bea7-4a99-8fd0-23f173e9709d,Stemmingen,STEMMINGEN  (over alle onderwerpen tot en met 21 december 2022),2022-12-22 12:00:00,2022-12-22 12:00:00,2022-12-22 13:10:00,Uitgevoerd,2022-2023,Tweede Kamer,3891.0,a4ada19b-6aa4-45d2-9f38-d6462f15a80e,3f464346-bde7-4631-9ac5-c29bb6fd2ed0,Stemmen - verworpen,0,39.0,13,3,12,0,afternoon,-0.2588190451025208,-0.9659258262890684,106,26,"Maar voordat we gaan stemmen, geef ik eerst even het woord aan mevrouw Kröger en dan aan de heer Eerdmans.",-2.4492935982947064e-16,1.0,0.4338837391175582,-0.900968867902419,0,1,0,0,0,2022,12,3.688879454113936,4.672828834461906,0,1827,7.510977752014095,D66,False,False,True,False,False,False,False,False,False,False,False,2,0,0,0.0,test,-0.9924,negative,0.0038,0.9962,1,0,1,1,0,1
005aabd7-692d-4661-8e06-cf05862aea17,ead24cc5-c192-4f15-a678-71e5415223ed,"39e vergadering, donderdag 22 december 2022",2022-12-22,7c4d3a9e-9bb2-47bf-bd7a-d785cb949ef9,Regeling van werkzaamheden,Regeling van werkzaamheden (stemmingen),Regeling van werkzaamheden (stemmingen),d18edd5c-8b54-4e64-9c56-f8cdc24c8143,Bergkamp,D66,lid Tweede Kamer,2022-12-22 13:04:51,2022-12-22 13:05:30,1,"Maar voordat we gaan stemmen, geef ik eerst even het woord aan mevrouw Kröger en dan aan de heer Eerdmans.",verslagen_xml\b433c19a-d812-45df-8075-07b5b911714a.xml,2022-12-22,8d33c9b6-bea7-4a99-8fd0-23f173e9709d,Stemmingen,STEMMINGEN  (over alle onderwerpen tot en met 21 december 2022),2022-12-22 12:00:00,2022-12-22 12:00:00,2022-12-22 13:10:00,Uitgevoerd,2022-2023,Tweede Kamer,3891.0,7d91a972-1e9e-47d4-9625-d74c172bfdf7,422d6e54-a1ec-47d7-8ccb-359d31fcd940,Stemmen - aangenomen,1,39.0,13,3,12,0,afternoon,-0.2588190451025208,-0.9659258262890684,106,26,"Maar voordat we gaan stemmen, geef ik eerst even het woord aan mevrouw Kröger en dan aan de heer Eerdmans.",-2.4492935982947064e-16,1.0,0.4338837391175582,-0.900968867902419,0,1,0,0,0,2022,12,3.688879454113936,4.672828834461906,0,1827,7.510977752014095,D66,False,False,True,False,False,False,False,False,False,False,False,2,0,0,0.0,test,-0.9924,negative,0.0038,0.9962,1,0,1,1,0,1
005aabd7-692d-4661-8e06-cf05862aea17,ead24cc5-c192-4f15-a678-71e5415223ed,"39e vergadering, donderdag 22 december 2022",2022-12-22,7c4d3a9e-9bb2-47bf-bd7a-d785cb949ef9,Regeling van werkzaamheden,Regeling van werkzaamheden (stemmingen),Regeling van werkzaamheden (stemmingen),d18edd5c-8b54-4e64-9c56-f8cdc24c8143,Bergkamp,D66,lid Tweede Kamer,2022-12-22 13:04:51,2022-12-22 13:05:30,1,"Maar voordat we gaan stemmen, geef ik eerst even het woord aan mevrouw Kröger en dan aan de heer Eerdmans.",verslagen_xml\b433c19a-d812-45df-8075-07b5b911714a.xml,2022-12-22,8d33c9b6-bea7-4a99-8fd0-23f173e9709d,Stemmingen,STEMMINGEN  (over alle onderwerpen tot en met 21 december 2022),2022-12-22 12:00:00,2022-12-22 12:00:00,2022-12-22 13:10:00,Uitgevoerd,2022-2023,Tweede Kamer,3891.0,7d91a972-1e9e-47d4-9625-d74c172bfdf7,b9167c1a-0998-4a30-887d-927c9f62604e,Stemmen - verworpen,0,39.0,13,3,12,0,afternoon,-0.2588190451025208,-0.9659258262890684,106,26,"Maar voordat we gaan stemmen, geef ik eerst even het woord aan mevrouw Kröger en dan aan de heer Eerdmans.",-2.4492935982947064e-16,1.0,0.4338837391175582,-0.900968867902419,0,1,0,0,0,2022,12,3.688879454113936,4.672828834461906,0,1827,7.510977752014095,D66,False,False,True,False,False,False,False,False,False,False,False,2,0,0,0.0,test,-0.9924,negative,0.0038,0.9962,1,0,1,1,0,1
005aabd7-692d-4661-8e06-cf05862aea17,ead24cc5-c192-4f15-a678-71e5415223ed,"39e vergadering, donderdag 22 december 2022",2022-12-22,7c4d3a9e-9bb2-47bf-bd7a-d785cb949ef9,Regeling van werkzaamheden,Regeling van werkzaamheden (stemmingen),Regeling van werkzaamheden (stemmingen),d18edd5c-8b54-4e64-9c56-f8cdc24c8143,Bergkamp,D66,lid Tweede Kamer,2022-12-22 13:04:51,2022-12-22 13:05:30,1,"Maar voordat we gaan stemmen, geef ik eerst even het woord aan mevrouw Kröger en dan aan de heer Eerdmans.",verslagen_xml\b433c19a-d812-45df-8075-07b5b911714a.xml,2022-12-22,8d33c9b6-bea7-4a99-8fd0-23f173e9709d,Stemmingen,STEMMINGEN  (over alle onderwerpen tot en met 21 december 2022),2022-12-22 12:00:00,2022-12-22 12:00:00,2022-12-22 13:10:00,Uitgevoerd,2022-2023,Tweede Kamer,3891.0,7d91a972-1e9e-47d4-9625-d74c172bfdf7,3f1d045d-e41e-4a02-9a4a-f71d2f812436,Stemmen - verworpen,0,39.0,13,3,12,0,afternoon,-0.2588190451025208,-0.9659258262890684,106,26,"Maar voordat we gaan stemmen, geef ik eerst even het woord aan mevrouw Kröger en dan aan de heer Eerdmans.",-2.4492935982947064e-16,1.0,0.4338837391175582,-0.900968867902419,0,1,0,0,0,2022,12,3.688879454113936,4.672828834461906,0,1827,7.510977752014095,D66,False,False,True,False,False,False,False,False,False,False,False,2,0,0,0.0,test,-0.9924,negative,0.0038,0.9962,1,0,1,1,0,1
005aabd7-692d-4661-8e06-cf05862aea17,ead24cc5-c192-4f15-a678-71e5415223ed,"39e vergadering, donderdag 22 december 2022",2022-12-22,7c4d3a9e-9bb2-47bf-bd7a-d785cb949ef9,Regeling van werkzaamheden,Regeling van werkzaamheden (stemmingen),Regeling van werkzaamheden (stemmingen),d18edd5c-8b54-4e64-9c56-f8cdc24c8143,Bergkamp,D66,lid Tweede Kamer,2022-12-22 13:04:51,2022-12-22 13:05:30,1,"Maar voordat we gaan stemmen, geef ik eerst even het woord aan mevrouw Kröger en dan aan de heer Eerdmans.",verslagen_xml\b433c19a-d812-45df-8075-07b5b911714a.xml,2022-12-22,8d33c9b6-bea7-4a99-8fd0-23f173e9709d,Stemmingen,STEMMINGEN  (over alle onderwerpen tot en met 21 december 2022),2022-12-22 12:00:00,2022-12-22 12:00:00,2022-12-22 13:10:00,Uitgevoerd,2022-2023,Tweede Kamer,3891.0,31bf88e1-eca9-4092-9ff8-d85f34c79502,0bc5e187-26bc-4629-ab19-f359a822f4cb,Stemmen - aangenomen,1,39.0,13,3,12,0,afternoon,-0.2588190451025208,-0.9659258262890684,106,26,"Maar voordat we gaan stemmen, geef ik eerst even het woord aan mevrouw Kröger en dan aan de heer Eerdmans.",-2.4492935982947064e-16,1.0,0.4338837391175582,-0.900968867902419,0,1,0,0,0,2022,12,3.688879454113936,4.672828834461906,0,1827,7.510977752014095,D66,False,False,True,False,False,False,False,False,False,False,False,2,0,0,0.0,test,-0.9924,negative,0.0038,0.9962,1,0,1,1,0,1
005aabd7-692d-4661-8e06-cf05862aea17,ead24cc5-c192-4f15-a678-71e5415223ed,"39e vergadering, donderdag 22 december 2022",2022-12-22,7c4d3a9e-9bb2-47bf-bd7a-d785cb949ef9,Regeling van werkzaamheden,Regeling van werkzaamheden (stemmingen),Regeling van werkzaamheden (stemmingen),d18edd5c-8b54-4e64-9c56-f8cdc24c8143,Bergkamp,D66,lid Tweede Kamer,2022-12-22 13:04:51,2022-12-22 13:05:30,1,"Maar voordat we gaan stemmen, geef ik eerst even het woord aan mevrouw Kröger en dan aan de heer Eerdmans.",verslagen_xml\b433c19a-d812-45df-8075-07b5b911714a.xml,2022-12-22,8d33c9b6-bea7-4a99-8fd0-23f173e9709d,Stemmingen,STEMMINGEN  (over alle onderwerpen tot en met 21 december 2022),2022-12-22 12:00:00,2022-12-22 12:00:00,2022-12-22 13:10:00,Uitgevoerd,2022-2023,Tweede Kamer,3891.0,99857cee-aa43-4b7c-8d7e-e03953ef5e67,e0b25ea6-e70b-4222-8149-584e5e519455,Stemmen - aangenomen,1,39.0,13,3,12,0,afternoon,-0.2588190451025208,-0.9659258262890684,106,26,"Maar voordat we gaan stemmen, geef ik eerst even het woord aan mevrouw Kröger en dan aan de heer Eerdmans.",-2.4492935982947064e-16,1.0,0.4338837391175582,-0.900968867902419,0,1,0,0,0,2022,12,3.688879454113936,4.672828834461906,0,1827,7.510977752014095,D66,False,False,True,False,False,False,False,False,False,False,False,2,0,0,0.0,test,-0.9924,negative,0.0038,0.9962,1,0,1,1,0,1
005aabd7-692d-4661-8e06-cf05862aea17,ead24cc5-c192-4f15-a678-71e5415223ed,"39e vergadering, donderdag 22 december 2022",2022-12-22,7c4d3a9e-9bb2-47bf-bd7a-d785cb949ef9,Regeling van werkzaamheden,Regeling van werkzaamheden (stemmingen),Regeling van werkzaamheden (stemmingen),d18edd5c-8b54-4e64-9c56-f8cdc24c8143,Bergkamp,D66,lid Tweede Kamer,2022-12-22 13:04:51,2022-12-22 13:05:30,1,"Maar voordat we gaan stemmen, geef ik eerst even het woord aan mevrouw Kröger en dan aan de heer Eerdmans.",verslagen_xml\b433c19a-d812-45df-8075-07b5b911714a.xml,2022-12-22,8d33c9b6-bea7-4a99-8fd0-23f173e9709d,Stemmingen,STEMMINGEN  (over alle onderwerpen tot en met 21 december 2022),2022-12-22 12:00:00,2022-12-22 12:00:00,2022-12-22 13:10:00,Uitgevoerd,2022-2023,Tweede Kamer,3891.0,39ccc99b-61d9-4bbc-b964-e41a42f0f397,f78f8965-1381-4476-862e-a703988a99bf,Stemmen - verworpen,0,39.0,13,3,12,0,afternoon,-0.2588190451025208,-0.9659258262890684,106,26,"Maar voordat we gaan stemmen, geef ik eerst even het woord aan mevrouw Kröger en dan aan de heer Eerdmans.",-2.4492935982947064e-16,1.0,0.4338837391175582,-0.900968867902419,0,1,0,0,0,2022,12,3.688879454113936,4.672828834461906,0,1827,7.510977752014095,D66,False,False,True,False,False,False,False,False,False,False,False,2,0,0,0.0,test,-0.9924,negative,0.0038,0.9962,1,0,1,1,0,1
005aabd7-692d-4661-8e06-cf05862aea17,ead24cc5-c192-4f15-a678-71e5415223ed,"39e vergadering, donderdag 22 december 2022",2022-12-22,7c4d3a9e-9bb2-47bf-bd7a-d785cb949ef9,Regeling van werkzaamheden,Regeling van werkzaamheden (stemmingen),Regeling van werkzaamheden (stemmingen),d18edd5c-8b54-4e64-9c56-f8cdc24c8143,Bergkamp,D66,lid Tweede Kamer,2022-12-22 13:04:51,2022-12-22 13:05:30,1,"Maar voordat we gaan stemmen, geef ik eerst even het woord aan mevrouw Kröger en dan aan de heer Eerdmans.",verslagen_xml\b433c19a-d812-45df-8075-07b5b911714a.xml,2022-12-22,8d33c9b6-bea7-4a99-8fd0-23f173e9709d,Stemmingen,STEMMINGEN  (over alle onderwerpen tot en met 21 december 2022),2022-12-22 12:00:00,2022-12-22 12:00:00,2022-12-22 13:10:00,Uitgevoerd,2022-2023,Tweede Kamer,3891.0,90b159ee-d539-4bb7-994c-e4b58226308b,bab0cc84-0987-4f39-8fa2-f6ec4dbf8e46,Stemmen - aangenomen,1,39.0,13,3,12,0,afternoon,-0.2588190451025208,-0.9659258262890684,106,26,"Maar voordat we gaan stemmen, geef ik eerst even het woord aan mevrouw Kröger en dan aan de heer Eerdmans.",-2.4492935982947064e-16,1.0,0.4338837391175582,-0.900968867902419,0,1,0,0,0,2022,12,3.688879454113936,4.672828834461906,0,1827,7.510977752014095,D66,False,False,True,False,False,False,False,False,False,False,False,2,0,0,0.0,test,-0.9924,negative,0.0038,0.9962,1,0,1,1,0,1
005aabd7-692d-4661-8e06-cf05862aea17,ead24cc5-c192-4f15-a678-71e5415223ed,"39e vergadering, donderdag 22 december 2022",2022-12-22,7c4d3a9e-9bb2-47bf-bd7a-d785cb949ef9,Regeling van werkzaamheden,Regeling van werkzaamheden (stemmingen),Regeling van werkzaamheden (stemmingen),d18edd5c-8b54-4e64-9c56-f8cdc24c8143,Bergkamp,D66,lid Tweede Kamer,2022-12-22 13:04:51,2022-12-22 13:05:30,1,"Maar voordat we gaan stemmen, geef ik eerst even het woord aan mevrouw Kröger en dan aan de heer Eerdmans.",verslagen_xml\b433c19a-d812-45df-8075-07b5b911714a.xml,2022-12-22,8d33c9b6-bea7-4a99-8fd0-23f173e9709d,Stemmingen,STEMMINGEN  (over alle onderwerpen tot en met 21 december 2022),2022-12-22 12:00:00,2022-12-22 12:00:00,2022-12-22 13:10:00,Uitgevoerd,2022-2023,Tweede Kamer,3891.0,0b4bd8e9-4ad3-4d66-95f0-ecbb85ab5fdc,55c15c5e-39ed-4d2c-bb4a-046c9ea2ed67,Stemmen - verworpen,0,39.0,13,3,12,0,afternoon,-0.2588190451025208,-0.9659258262890684,106,26,"Maar voordat we gaan stemmen, geef ik eerst even het woord aan mevrouw Kröger en dan aan de heer Eerdmans.",-2.4492935982947064e-16,1.0,0.4338837391175582,-0.900968867902419,0,1,0,0,0,2022,12,3.688879454113936,4.672828834461906,0,1827,7.510977752014095,D66,False,False,True,False,False,False,False,False,False,False,False,2,0,0,0.0,test,-0.9924,negative,0.0038,0.9962,1,0,1,1,0,1
005aabd7-692d-4661-8e06-cf05862aea17,ead24cc5-c192-4f15-a678-71e5415223ed,"39e vergadering, donderdag 22 december 2022",2022-12-22,7c4d3a9e-9bb2-47bf-bd7a-d785cb949ef9,Regeling van werkzaamheden,Regeling van werkzaamheden (stemmingen),Regeling van werkzaamheden (stemmingen),d18edd5c-8b54-4e64-9c56-f8cdc24c8143,Bergkamp,D66,lid Tweede Kamer,2022-12-22 13:04:51,2022-12-22 13:05:30,1,"Maar voordat we gaan stemmen, geef ik eerst even het woord aan mevrouw Kröger en dan aan de heer Eerdmans.",verslagen_xml\b433c19a-d812-45df-8075-07b5b911714a.xml,2022-12-22,8d33c9b6-bea7-4a99-8fd0-23f173e9709d,Stemmingen,STEMMINGEN  (over alle onderwerpen tot en met 21 december 2022),2022-12-22 12:00:00,2022-12-22 12:00:00,2022-12-22 13:10:00,Uitgevoerd,2022-2023,Tweede Kamer,3891.0,0b4bd8e9-4ad3-4d66-95f0-ecbb85ab5fdc,acb709bb-cd95-41f4-b0d3-303db32e25be,Stemmen - aangenomen,1,39.0,13,3,12,0,afternoon,-0.2588190451025208,-0.9659258262890684,106,26,"Maar voordat we gaan stemmen, geef ik eerst even het woord aan mevrouw Kröger en dan aan de heer Eerdmans.",-2.4492935982947064e-16,1.0,0.4338837391175582,-0.900968867902419,0,1,0,0,0,2022,12,3.688879454113936,4.672828834461906,0,1827,7.510977752014095,D66,False,False,True,False,False,False,False,False,False,False,False,2,0,0,0.0,test,-0.9924,negative,0.0038,0.9962,1,0,1,1,0,1
005aabd7-692d-4661-8e06-cf05862aea17,ead24cc5-c192-4f15-a678-71e5415223ed,"39e vergadering, donderdag 22 december 2022",2022-12-22,7c4d3a9e-9bb2-47bf-bd7a-d785cb949ef9,Regeling van werkzaamheden,Regeling van werkzaamheden (stemmingen),Regeling van werkzaamheden (stemmingen),d18edd5c-8b54-4e64-9c56-f8cdc24c8143,Bergkamp,D66,lid Tweede Kamer,2022-12-22 13:04:51,2022-12-22 13:05:30,1,"Maar voordat we gaan stemmen, geef ik eerst even het woord aan mevrouw Kröger en dan aan de heer Eerdmans.",verslagen_xml\b433c19a-d812-45df-8075-07b5b911714a.xml,2022-12-22,8d33c9b6-bea7-4a99-8fd0-23f173e9709d,Stemmingen,STEMMINGEN  (over alle onderwerpen tot en met 21 december 2022),2022-12-22 12:00:00,2022-12-22 12:00:00,2022-12-22 13:10:00,Uitgevoerd,2022-2023,Tweede Kamer,3891.0,0b4bd8e9-4ad3-4d66-95f0-ecbb85ab5fdc,ecc91881-f98f-417d-827c-39866524cf57,Stemmen - verworpen,0,39.0,13,3,12,0,afternoon,-0.2588190451025208,-0.9659258262890684,106,26,"Maar voordat we gaan stemmen, geef ik eerst even het woord aan mevrouw Kröger en dan aan de heer Eerdmans.",-2.4492935982947064e-16,1.0,0.4338837391175582,-0.900968867902419,0,1,0,0,0,2022,12,3.688879454113936,4.672828834461906,0,1827,7.510977752014095,D66,False,False,True,False,False,False,False,False,False,False,False,2,0,0,0.0,test,-0.9924,negative,0.0038,0.9962,1,0,1,1,0,1
005aabd7-692d-4661-8e06-cf05862aea17,ead24cc5-c192-4f15-a678-71e5415223ed,"39e vergadering, donderdag 22 december 2022",2022-12-22,7c4d3a9e-9bb2-47bf-bd7a-d785cb949ef9,Regeling van werkzaamheden,Regeling van werkzaamheden (stemmingen),Regeling van werkzaamheden (stemmingen),d18edd5c-8b54-4e64-9c56-f8cdc24c8143,Bergkamp,D66,lid Tweede Kamer,2022-12-22 13:04:51,2022-12-22 13:05:30,1,"Maar voordat we gaan stemmen, geef ik eerst even het woord aan mevrouw Kröger en dan aan de heer Eerdmans.",verslagen_xml\b433c19a-d812-45df-8075-07b5b911714a.xml,2022-12-22,8d33c9b6-bea7-4a99-8fd0-23f173e9709d,Stemmingen,STEMMINGEN  (over alle onderwerpen tot en met 21 december 2022),2022-12-22 12:00:00,2022-12-22 12:00:00,2022-12-22 13:10:00,Uitgevoerd,2022-2023,Tweede Kamer,3891.0,0b4bd8e9-4ad3-4d66-95f0-ecbb85ab5fdc,fb5327b4-ea7c-4986-b190-67dd43f4ba70,Stemmen - aangenomen,1,39.0,13,3,12,0,afternoon,-0.2588190451025208,-0.9659258262890684,106,26,"Maar voordat we gaan stemmen, geef ik eerst even het woord aan mevrouw Kröger en dan aan de heer Eerdmans.",-2.4492935982947064e-16,1.0,0.4338837391175582,-0.900968867902419,0,1,0,0,0,2022,12,3.688879454113936,4.672828834461906,0,1827,7.510977752014095,D66,False,False,True,False,False,False,False,False,False,False,False,2,0,0,0.0,test,-0.9924,negative,0.0038,0.9962,1,0,1,1,0,1
005aabd7-692d-4661-8e06-cf05862aea17,ead24cc5-c192-4f15-a678-71e5415223ed,"39e vergadering, donderdag 22 december 2022",2022-12-22,7c4d3a9e-9bb2-47bf-bd7a-d785cb949ef9,Regeling van werkzaamheden,Regeling van werkzaamheden (stemmingen),Regeling van werkzaamheden (stemmingen),d18edd5c-8b54-4e64-9c56-f8cdc24c8143,Bergkamp,D66,lid Tweede Kamer,2022-12-22 13:04:51,2022-12-22 13:05:30,1,"Maar voordat we gaan stemmen, geef ik eerst even het woord aan mevrouw Kröger en dan aan de heer Eerdmans.",verslagen_xml\b433c19a-d812-45df-8075-07b5b911714a.xml,2022-12-22,8d33c9b6-bea7-4a99-8fd0-23f173e9709d,Stemmingen,STEMMINGEN  (over alle onderwerpen tot en met 21 december 2022),2022-12-22 12:00:00,2022-12-22 12:00:00,2022-12-22 13:10:00,Uitgevoerd,2022-2023,Tweede Kamer,3891.0,0b4bd8e9-4ad3-4d66-95f0-ecbb85ab5fdc,61d8e4dc-06f2-4e94-867f-a6eedc04c10e,Stemmen - verworpen,0,39.0,13,3,12,0,afternoon,-0.2588190451025208,-0.9659258262890684,106,26,"Maar voordat we gaan stemmen, geef ik eerst even het woord aan mevrouw Kröger en dan aan de heer Eerdmans.",-2.4492935982947064e-16,1.0,0.4338837391175582,-0.900968867902419,0,1,0,0,0,2022,12,3.688879454113936,4.672828834461906,0,1827,7.510977752014095,D66,False,False,True,False,False,False,False,False,False,False,False,2,0,0,0.0,test,-0.9924,negative,0.0038,0.9962,1,0,1,1,0,1
005aabd7-692d-4661-8e06-cf05862aea17,ead24cc5-c192-4f15-a678-71e5415223ed,"39e vergadering, donderdag 22 december 2022",2022-12-22,7c4d3a9e-9bb2-47bf-bd7a-d785cb949ef9,Regeling van werkzaamheden,Regeling van werkzaamheden (stemmingen),Regeling van werkzaamheden (stemmingen),d18edd5c-8b54-4e64-9c56-f8cdc24c8143,Bergkamp,D66,lid Tweede Kamer,2022-12-22 13:04:51,2022-12-22 13:05:30,1,"Maar voordat we gaan stemmen, geef ik eerst even het woord aan mevrouw Kröger en dan aan de heer Eerdmans.",verslagen_xml\b433c19a-d812-45df-8075-07b5b911714a.xml,2022-12-22,8d33c9b6-bea7-4a99-8fd0-23f173e9709d,Stemmingen,STEMMINGEN  (over alle onderwerpen tot en met 21 december 2022),2022-12-22 12:00:00,2022-12-22 12:00:00,2022-12-22 13:10:00,Uitgevoerd,2022-2023,Tweede Kamer,3891.0,0b4bd8e9-4ad3-4d66-95f0-ecbb85ab5fdc,9f1acab6-30df-4662-8746-b772788a4600,Stemmen - verworpen,0,39.0,13,3,12,0,afternoon,-0.2588190451025208,-0.9659258262890684,106,26,"Maar voordat we gaan stemmen, geef ik eerst even het woord aan mevrouw Kröger en dan aan de heer Eerdmans.",-2.4492935982947064e-16,1.0,0.4338837391175582,-0.900968867902419,0,1,0,0,0,2022,12,3.688879454113936,4.672828834461906,0,1827,7.510977752014095,D66,False,False,True,False,False,False,False,False,False,False,False,2,0,0,0.0,test,-0.9924,negative,0.0038,0.9962,1,0,1,1,0,1
005aabd7-692d-4661-8e06-cf05862aea17,ead24cc5-c192-4f15-a678-71e5415223ed,"39e vergadering, donderdag 22 december 2022",2022-12-22,7c4d3a9e-9bb2-47bf-bd7a-d785cb949ef9,Regeling van werkzaamheden,Regeling van werkzaamheden (stemmingen),Regeling van werkzaamheden (stemmingen),d18edd5c-8b54-4e64-9c56-f8cdc24c8143,Bergkamp,D66,lid Tweede Kamer,2022-12-22 13:04:51,2022-12-22 13:05:30,1,"Maar voordat we gaan stemmen, geef ik eerst even het woord aan mevrouw Kröger en dan aan de heer Eerdmans.",verslagen_xml\b433c19a-d812-45df-8075-07b5b911714a.xml,2022-12-22,8d33c9b6-bea7-4a99-8fd0-23f173e9709d,Stemmingen,STEMMINGEN  (over alle onderwerpen tot en met 21 december 2022),2022-12-22 12:00:00,2022-12-22 12:00:00,2022-12-22 13:10:00,Uitgevoerd,2022-2023,Tweede Kamer,3891.0,0b4bd8e9-4ad3-4d66-95f0-ecbb85ab5fdc,c179cb6b-ea14-4848-9ab3-cbb1db3f45b1,Stemmen - aangenomen,1,39.0,13,3,12,0,afternoon,-0.2588190451025208,-0.9659258262890684,106,26,"Maar voordat we gaan stemmen, geef ik eerst even het woord aan mevrouw Kröger en dan aan de heer Eerdmans.",-2.4492935982947064e-16,1.0,0.4338837391175582,-0.900968867902419,0,1,0,0,0,2022,12,3.688879454113936,4.672828834461906,0,1827,7.510977752014095,D66,False,False,True,False,False,False,False,False,False,False,False,2,0,0,0.0,test,-0.9924,negative,0.0038,0.9962,1,0,1,1,0,1
005aabd7-692d-4661-8e06-cf05862aea17,ead24cc5-c192-4f15-a678-71e5415223ed,"39e vergadering, donderdag 22 december 2022",2022-12-22,7c4d3a9e-9bb2-47bf-bd7a-d785cb949ef9,Regeling van werkzaamheden,Regeling van werkzaamheden (stemmingen),Regeling van werkzaamheden (stemmingen),d18edd5c-8b54-4e64-9c56-f8cdc24c8143,Bergkamp,D66,lid Tweede Kamer,2022-12-22 13:04:51,2022-12-22 13:05:30,1,"Maar voordat we gaan stemmen, geef ik eerst even het woord aan mevrouw Kröger en dan aan de heer Eerdmans.",verslagen_xml\b433c19a-d812-45df-8075-07b5b911714a.xml,2022-12-22,8d33c9b6-bea7-4a99-8fd0-23f173e9709d,Stemmingen,STEMMINGEN  (over alle onderwerpen tot en met 21 december 2022),2022-12-22 12:00:00,2022-12-22 12:00:00,2022-12-22 13:10:00,Uitgevoerd,2022-2023,Tweede Kamer,3891.0,0b4bd8e9-4ad3-4d66-95f0-ecbb85ab5fdc,b6e9d6a3-48ea-407c-aaab-dedecb75d23d,Stemmen - aangenomen,1,39.0,13,3,12,0,afternoon,-0.2588190451025208,-0.9659258262890684,106,26,"Maar voordat we gaan stemmen, geef ik eerst even het woord aan mevrouw Kröger en dan aan de heer Eerdmans.",-2.4492935982947064e-16,1.0,0.4338837391175582,-0.900968867902419,0,1,0,0,0,2022,12,3.688879454113936,4.672828834461906,0,1827,7.510977752014095,D66,False,False,True,False,False,False,False,False,False,False,False,2,0,0,0.0,test,-0.9924,negative,0.0038,0.9962,1,0,1,1,0,1
005aabd7-692d-4661-8e06-cf05862aea17,ead24cc5-c192-4f15-a678-71e5415223ed,"39e vergadering, donderdag 22 december 2022",2022-12-22,7c4d3a9e-9bb2-47bf-bd7a-d785cb949ef9,Regeling van werkzaamheden,Regeling van werkzaamheden (stemmingen),Regeling van werkzaamheden (stemmingen),d18edd5c-8b54-4e64-9c56-f8cdc24c8143,Bergkamp,D66,lid Tweede Kamer,2022-12-22 13:04:51,2022-12-22 13:05:30,1,"Maar voordat we gaan stemmen, geef ik eerst even het woord aan mevrouw Kröger en dan aan de heer Eerdmans.",verslagen_xml\b433c19a-d812-45df-8075-07b5b911714a.xml,2022-12-22,8d33c9b6-bea7-4a99-8fd0-23f173e9709d,Stemmingen,STEMMINGEN  (over alle onderwerpen tot en met 21 december 2022),2022-12-22 12:00:00,2022-12-22 12:00:00,2022-12-22 13:10:00,Uitgevoerd,2022-2023,Tweede Kamer,3891.0,0b4bd8e9-4ad3-4d66-95f0-ecbb85ab5fdc,a5f32aca-6fd9-431e-9327-e77d1056faab,Stemmen - verworpen,0,39.0,13,3,12,0,afternoon,-0.2588190451025208,-0.9659258262890684,106,26,"Maar voordat we gaan stemmen, geef ik eerst even het woord aan mevrouw Kröger en dan aan de heer Eerdmans.",-2.4492935982947064e-16,1.0,0.4338837391175582,-0.900968867902419,0,1,0,0,0,2022,12,3.688879454113936,4.672828834461906,0,1827,7.510977752014095,D66,False,False,True,False,False,False,False,False,False,False,False,2,0,0,0.0,test,-0.9924,negative,0.0038,0.9962,1,0,1,1,0,1
005aabd7-692d-4661-8e06-cf05862aea17,ead24cc5-c192-4f15-a678-71e5415223ed,"39e vergadering, donderdag 22 december 2022",2022-12-22,7c4d3a9e-9bb2-47bf-bd7a-d785cb949ef9,Regeling van werkzaamheden,Regeling van werkzaamheden (stemmingen),Regeling van werkzaamheden (stemmingen),d18edd5c-8b54-4e64-9c56-f8cdc24c8143,Bergkamp,D66,lid Tweede Kamer,2022-12-22 13:04:51,2022-12-22 13:05:30,1,"Maar voordat we gaan stemmen, geef ik eerst even het woord aan mevrouw Kröger en dan aan de heer Eerdmans.",verslagen_xml\b433c19a-d812-45df-8075-07b5b911714a.xml,2022-12-22,8d33c9b6-bea7-4a99-8fd0-23f173e9709d,Stemmingen,STEMMINGEN  (over alle onderwerpen tot en met 21 december 2022),2022-12-22 12:00:00,2022-12-22 12:00:00,2022-12-22 13:10:00,Uitgevoerd,2022-2023,Tweede Kamer,3891.0,0b4bd8e9-4ad3-4d66-95f0-ecbb85ab5fdc,e7c63072-dd4a-4a7e-b4e7-fd5b894bd11c,Stemmen - aangenomen,1,39.0,13,3,12,0,afternoon,-0.2588190451025208,-0.9659258262890684,106,26,"Maar voordat we gaan stemmen, geef ik eerst even het woord aan mevrouw Kröger en dan aan de heer Eerdmans.",-2.4492935982947064e-16,1.0,0.4338837391175582,-0.900968867902419,0,1,0,0,0,2022,12,3.688879454113936,4.672828834461906,0,1827,7.510977752014095,D66,False,False,True,False,False,False,False,False,False,False,False,2,0,0,0.0,test,-0.9924,negative,0.0038,0.9962,1,0,1,1,0,1
005aabd7-692d-4661-8e06-cf05862aea17,ead24cc5-c192-4f15-a678-71e5415223ed,"39e vergadering, donderdag 22 december 2022",2022-12-22,7c4d3a9e-9bb2-47bf-bd7a-d785cb949ef9,Regeling van werkzaamheden,Regeling van werkzaamheden (stemmingen),Regeling van werkzaamheden (stemmingen),d18edd5c-8b54-4e64-9c56-f8cdc24c8143,Bergkamp,D66,lid Tweede Kamer,2022-12-22 13:04:51,2022-12-22 13:05:30,1,"Maar voordat we gaan stemmen, geef ik eerst even het woord aan mevrouw Kröger en dan aan de heer Eerdmans.",verslagen_xml\b433c19a-d812-45df-8075-07b5b911714a.xml,2022-12-22,8d33c9b6-bea7-4a99-8fd0-23f173e9709d,Stemmingen,STEMMINGEN  (over alle onderwerpen tot en met 21 december 2022),2022-12-22 12:00:00,2022-12-22 12:00:00,2022-12-22 13:10:00,Uitgevoerd,2022-2023,Tweede Kamer,3891.0,8377976e-eb7e-4c84-a700-f8cb3466f2af,aa0b6444-c8a5-4c2b-b7e8-e75f63bf6d71,Stemmen - aangenomen,1,39.0,13,3,12,0,afternoon,-0.2588190451025208,-0.9659258262890684,106,26,"Maar voordat we gaan stemmen, geef ik eerst even het woord aan mevrouw Kröger en dan aan de heer Eerdmans.",-2.4492935982947064e-16,1.0,0.4338837391175582,-0.900968867902419,0,1,0,0,0,2022,12,3.688879454113936,4.672828834461906,0,1827,7.510977752014095,D66,False,False,True,False,False,False,False,False,False,False,False,2,0,0,0.0,test,-0.9924,negative,0.0038,0.9962,1,0,1,1,0,1
009710e2-1754-49c0-82ea-60c9cd4cce37,6a2023e6-6cbb-4ff8-95b6-80e6543f6ce9,"25e vergadering, dinsdag 17 november 2020",2020-11-17,202a4a38-3730-46d3-b99b-dafe07137596,Vragenuur,Vragenuur,Vragenuur,5d41bb8f-274a-45b1-9068-04e921f39d2a,Ollongren,,minister van Binnenlandse Zaken en Koninkrijksrelaties,2020-11-17 14:26:56,2020-11-17 14:30:49,0,"Dank, voorzitter. Dank aan mevrouw Buitenweg. Naar aanleiding van de berichtgeving stelt zij deze vragen. Dat kan ik mij heel goed voorstellen. Misschien eerst gewoon even de situatie zoals ik die nu ken. Denemarken heeft zelf aangekondigd onafhankelijk onderzoek in te stellen. Het feit dat Nederland in de berichtgeving wordt genoemd als een van de landen, heeft er bij ons toe geleid dat de AIVD natuurlijk bij de collega-dienst navraag doet om de feiten te leren kennen en precies te weten te komen hoe de vork in de steel steekt. Afhankelijk van die feiten kunnen er natuurlijk nog vervolgacties komen. Een deel van de vragen van mevrouw Buitenweg kan ik nu dus nog niet beantwoorden, omdat ik die feiten nog niet heb. Ik wil ook vooraf onderstrepen — het is vanzelfsprekend, maar ik doe het toch, ter geruststelling van mevrouw Buitenweg — dat wij natuurlijk binnen het kader van de wet werken. Dat geldt voor het werk van de diensten, maar het geldt ook voor de samenwerking van onze diensten met andere diensten. Dat geldt eigenlijk altijd. Die wet is natuurlijk aangepast: er is een nieuwe Wiv. Die is dus anders dan in het jaar waar mevrouw Buitenweg het over heeft. Maar dat is helemaal geborgd doordat wij altijd kijken wat de wenselijke samenwerking is die wij met een andere dienst willen. Hoe leggen we die vast? Dat gebeurt in de zogenaamde wegingsnotitie. Welke risico's zien we? Welke mitigerende maatregelen zijn er in dat geval nodig? En dat kunnen we ook heroverwegen. Dat wilde ik even vooraf zeggen. Dan even ingaand op de vragen van mevrouw Buitenweg. Zijn wij wel of niet verrast? Kijk, wij volgen natuurlijk ook de media. Er was al eerder wat berichtgeving over de Deense dienst. Dat was dus niet een verrassing, maar dit nieuwe bericht geeft in ieder geval aanleiding om navraag te doen. Ik heb geen contact gehad met mijn Deense ambtgenoot, maar er is dus wel contact tussen de diensten. Eerst komt de informatie van de Denen, en dan pas komt er een weging of er al dan niet nog contact zou moeten zijn met de Amerikanen. Over het programma dat mevrouw Buitenweg noemt, kan ik nu niets zeggen. Mij zegt het hier eerlijk gezegd ook helemaal niks, maar dit gaat waarschijnlijk vrij diep de operatie in, dus ik betwijfel of ik daar een antwoord op zou kunnen geven. En we leren altijd lessen uit het verleden, maar sindsdien is de wet ook behoorlijk gewijzigd.",verslagen_xml\a79650fe-7374-411e-bd1a-00b29ac3afc5.xml,2020-11-17,22e0b641-74cc-4a9b-aa76-7a4244e7868d,Stemmingen,Stemmingen,2020-11-17 14:00:00,2020-11-17 14:00:00,2020-11-17 14:45:00,Uitgevoerd,2020-2021,Tweede Kamer,1616.0,d63874fb-6cd8-42bd-8e06-0646b2e803bc,dc55341f-ac63-463d-badf-1114293f0f5c,Stemmen - aangenomen,1,233.0,14,1,11,0,afternoon,-0.4999999999999997,-0.8660254037844388,2381,596,"Dank, voorzitter. Dank aan mevrouw Buitenweg. Naar aanleiding van de berichtgeving stelt zij deze vragen. Dat kan ik mij heel goed voorstellen. Misschien eerst gewoon even de situatie zoals ik die nu ken. Denemarken heeft zelf aangekondigd onafhankelijk onderzoek in te stellen. Het feit dat Nederland in de berichtgeving wordt genoemd als een van de landen, heeft er bij ons toe geleid dat de AIVD natuurlijk bij de collega-dienst navraag doet om de feiten te leren kennen en precies te weten te komen hoe de vork in de steel steekt. Afhankelijk van die feiten kunnen er natuurlijk nog vervolgacties komen. Een deel van de vragen van mevrouw Buitenweg kan ik nu dus nog niet beantwoorden, omdat ik die feiten nog niet heb. Ik wil ook vooraf onderstrepen het is vanzelfsprekend, maar ik doe het toch, ter geruststelling van mevrouw Buitenweg dat wij natuurlijk binnen het kader van de wet werken. Dat geldt voor het werk van de diensten, maar het geldt ook voor de samenwerking van onze diensten met andere diensten. Dat geldt eigenlijk altijd. Die wet is natuurlijk aangepast: er is een nieuwe Wiv. Die is dus anders dan in het jaar waar mevrouw Buitenweg het over heeft. Maar dat is helemaal geborgd doordat wij altijd kijken wat de wenselijke samenwerking is die wij met een andere dienst willen. Hoe leggen we die vast? Dat gebeurt in de zogenaamde wegingsnotitie. Welke risico's zien we? Welke mitigerende maatregelen zijn er in dat geval nodig? En dat kunnen we ook heroverwegen. Dat wilde ik even vooraf zeggen. Dan even ingaand op de vragen van mevrouw Buitenweg. Zijn wij wel of niet verrast? Kijk, wij volgen natuurlijk ook de media. Er was al eerder wat berichtgeving over de Deense dienst. Dat was dus niet een verrassing, maar dit nieuwe bericht geeft in ieder geval aanleiding om navraag te doen. Ik heb geen contact gehad met mijn Deense ambtgenoot, maar er is dus wel contact tussen de diensten. Eerst komt de informatie van de Denen, en dan pas komt er een weging of er al dan niet nog contact zou moeten zijn met de Amerikanen. Over het programma dat mevrouw Buitenweg noemt, kan ik nu niets zeggen. Mij zegt het hier eerlijk gezegd ook helemaal niks, maar dit gaat waarschijnlijk vrij diep de operatie in, dus ik betwijfel of ik daar een antwoord op zou kunnen geven. En we leren altijd lessen uit het verleden, maar sindsdien is de wet ook behoorlijk gewijzigd.",-0.5000000000000004,0.8660254037844384,0.7818314824680298,0.6234898018587336,0,1,0,0,0,2020,10,5.455321115357702,7.775695749915245,1,140,4.948759890378168,Other,False,False,False,False,True,False,False,False,False,False,False,2,0,0,0.0,test,0.9982,positive,0.9991,0.0009,1,1,1,1,0,1
009710e2-1754-49c0-82ea-60c9cd4cce37,6a2023e6-6cbb-4ff8-95b6-80e6543f6ce9,"25e vergadering, dinsdag 17 november 2020",2020-11-17,202a4a38-3730-46d3-b99b-dafe07137596,Vragenuur,Vragenuur,Vragenuur,5d41bb8f-274a-45b1-9068-04e921f39d2a,Ollongren,,minister van Binnenlandse Zaken en Koninkrijksrelaties,2020-11-17 14:26:56,2020-11-17 14:30:49,0,"Dank, voorzitter. Dank aan mevrouw Buitenweg. Naar aanleiding van de berichtgeving stelt zij deze vragen. Dat kan ik mij heel goed voorstellen. Misschien eerst gewoon even de situatie zoals ik die nu ken. Denemarken heeft zelf aangekondigd onafhankelijk onderzoek in te stellen. Het feit dat Nederland in de berichtgeving wordt genoemd als een van de landen, heeft er bij ons toe geleid dat de AIVD natuurlijk bij de collega-dienst navraag doet om de feiten te leren kennen en precies te weten te komen hoe de vork in de steel steekt. Afhankelijk van die feiten kunnen er natuurlijk nog vervolgacties komen. Een deel van de vragen van mevrouw Buitenweg kan ik nu dus nog niet beantwoorden, omdat ik die feiten nog niet heb. Ik wil ook vooraf onderstrepen — het is vanzelfsprekend, maar ik doe het toch, ter geruststelling van mevrouw Buitenweg — dat wij natuurlijk binnen het kader van de wet werken. Dat geldt voor het werk van de diensten, maar het geldt ook voor de samenwerking van onze diensten met andere diensten. Dat geldt eigenlijk altijd. Die wet is natuurlijk aangepast: er is een nieuwe Wiv. Die is dus anders dan in het jaar waar mevrouw Buitenweg het over heeft. Maar dat is helemaal geborgd doordat wij altijd kijken wat de wenselijke samenwerking is die wij met een andere dienst willen. Hoe leggen we die vast? Dat gebeurt in de zogenaamde wegingsnotitie. Welke risico's zien we? Welke mitigerende maatregelen zijn er in dat geval nodig? En dat kunnen we ook heroverwegen. Dat wilde ik even vooraf zeggen. Dan even ingaand op de vragen van mevrouw Buitenweg. Zijn wij wel of niet verrast? Kijk, wij volgen natuurlijk ook de media. Er was al eerder wat berichtgeving over de Deense dienst. Dat was dus niet een verrassing, maar dit nieuwe bericht geeft in ieder geval aanleiding om navraag te doen. Ik heb geen contact gehad met mijn Deense ambtgenoot, maar er is dus wel contact tussen de diensten. Eerst komt de informatie van de Denen, en dan pas komt er een weging of er al dan niet nog contact zou moeten zijn met de Amerikanen. Over het programma dat mevrouw Buitenweg noemt, kan ik nu niets zeggen. Mij zegt het hier eerlijk gezegd ook helemaal niks, maar dit gaat waarschijnlijk vrij diep de operatie in, dus ik betwijfel of ik daar een antwoord op zou kunnen geven. En we leren altijd lessen uit het verleden, maar sindsdien is de wet ook behoorlijk gewijzigd.",verslagen_xml\a79650fe-7374-411e-bd1a-00b29ac3afc5.xml,2020-11-17,22e0b641-74cc-4a9b-aa76-7a4244e7868d,Stemmingen,Stemmingen,2020-11-17 14:00:00,2020-11-17 14:00:00,2020-11-17 14:45:00,Uitgevoerd,2020-2021,Tweede Kamer,1616.0,d63874fb-6cd8-42bd-8e06-0646b2e803bc,a3405772-fbd2-4806-963b-53c8d9d252cc,Stemmen - aangenomen,1,233.0,14,1,11,0,afternoon,-0.4999999999999997,-0.8660254037844388,2381,596,"Dank, voorzitter. Dank aan mevrouw Buitenweg. Naar aanleiding van de berichtgeving stelt zij deze vragen. Dat kan ik mij heel goed voorstellen. Misschien eerst gewoon even de situatie zoals ik die nu ken. Denemarken heeft zelf aangekondigd onafhankelijk onderzoek in te stellen. Het feit dat Nederland in de berichtgeving wordt genoemd als een van de landen, heeft er bij ons toe geleid dat de AIVD natuurlijk bij de collega-dienst navraag doet om de feiten te leren kennen en precies te weten te komen hoe de vork in de steel steekt. Afhankelijk van die feiten kunnen er natuurlijk nog vervolgacties komen. Een deel van de vragen van mevrouw Buitenweg kan ik nu dus nog niet beantwoorden, omdat ik die feiten nog niet heb. Ik wil ook vooraf onderstrepen het is vanzelfsprekend, maar ik doe het toch, ter geruststelling van mevrouw Buitenweg dat wij natuurlijk binnen het kader van de wet werken. Dat geldt voor het werk van de diensten, maar het geldt ook voor de samenwerking van onze diensten met andere diensten. Dat geldt eigenlijk altijd. Die wet is natuurlijk aangepast: er is een nieuwe Wiv. Die is dus anders dan in het jaar waar mevrouw Buitenweg het over heeft. Maar dat is helemaal geborgd doordat wij altijd kijken wat de wenselijke samenwerking is die wij met een andere dienst willen. Hoe leggen we die vast? Dat gebeurt in de zogenaamde wegingsnotitie. Welke risico's zien we? Welke mitigerende maatregelen zijn er in dat geval nodig? En dat kunnen we ook heroverwegen. Dat wilde ik even vooraf zeggen. Dan even ingaand op de vragen van mevrouw Buitenweg. Zijn wij wel of niet verrast? Kijk, wij volgen natuurlijk ook de media. Er was al eerder wat berichtgeving over de Deense dienst. Dat was dus niet een verrassing, maar dit nieuwe bericht geeft in ieder geval aanleiding om navraag te doen. Ik heb geen contact gehad met mijn Deense ambtgenoot, maar er is dus wel contact tussen de diensten. Eerst komt de informatie van de Denen, en dan pas komt er een weging of er al dan niet nog contact zou moeten zijn met de Amerikanen. Over het programma dat mevrouw Buitenweg noemt, kan ik nu niets zeggen. Mij zegt het hier eerlijk gezegd ook helemaal niks, maar dit gaat waarschijnlijk vrij diep de operatie in, dus ik betwijfel of ik daar een antwoord op zou kunnen geven. En we leren altijd lessen uit het verleden, maar sindsdien is de wet ook behoorlijk gewijzigd.",-0.5000000000000004,0.8660254037844384,0.7818314824680298,0.6234898018587336,0,1,0,0,0,2020,10,5.455321115357702,7.775695749915245,1,140,4.948759890378168,Other,False,False,False,False,True,False,False,False,False,False,False,2,0,0,0.0,test,0.9982,positive,0.9991,0.0009,1,1,1,1,0,1
009710e2-1754-49c0-82ea-60c9cd4cce37,6a2023e6-6cbb-4ff8-95b6-80e6543f6ce9,"25e vergadering, dinsdag 17 november 2020",2020-11-17,202a4a38-3730-46d3-b99b-dafe07137596,Vragenuur,Vragenuur,Vragenuur,5d41bb8f-274a-45b1-9068-04e921f39d2a,Ollongren,,minister van Binnenlandse Zaken en Koninkrijksrelaties,2020-11-17 14:26:56,2020-11-17 14:30:49,0,"Dank, voorzitter. Dank aan mevrouw Buitenweg. Naar aanleiding van de berichtgeving stelt zij deze vragen. Dat kan ik mij heel goed voorstellen. Misschien eerst gewoon even de situatie zoals ik die nu ken. Denemarken heeft zelf aangekondigd onafhankelijk onderzoek in te stellen. Het feit dat Nederland in de berichtgeving wordt genoemd als een van de landen, heeft er bij ons toe geleid dat de AIVD natuurlijk bij de collega-dienst navraag doet om de feiten te leren kennen en precies te weten te komen hoe de vork in de steel steekt. Afhankelijk van die feiten kunnen er natuurlijk nog vervolgacties komen. Een deel van de vragen van mevrouw Buitenweg kan ik nu dus nog niet beantwoorden, omdat ik die feiten nog niet heb. Ik wil ook vooraf onderstrepen — het is vanzelfsprekend, maar ik doe het toch, ter geruststelling van mevrouw Buitenweg — dat wij natuurlijk binnen het kader van de wet werken. Dat geldt voor het werk van de diensten, maar het geldt ook voor de samenwerking van onze diensten met andere diensten. Dat geldt eigenlijk altijd. Die wet is natuurlijk aangepast: er is een nieuwe Wiv. Die is dus anders dan in het jaar waar mevrouw Buitenweg het over heeft. Maar dat is helemaal geborgd doordat wij altijd kijken wat de wenselijke samenwerking is die wij met een andere dienst willen. Hoe leggen we die vast? Dat gebeurt in de zogenaamde wegingsnotitie. Welke risico's zien we? Welke mitigerende maatregelen zijn er in dat geval nodig? En dat kunnen we ook heroverwegen. Dat wilde ik even vooraf zeggen. Dan even ingaand op de vragen van mevrouw Buitenweg. Zijn wij wel of niet verrast? Kijk, wij volgen natuurlijk ook de media. Er was al eerder wat berichtgeving over de Deense dienst. Dat was dus niet een verrassing, maar dit nieuwe bericht geeft in ieder geval aanleiding om navraag te doen. Ik heb geen contact gehad met mijn Deense ambtgenoot, maar er is dus wel contact tussen de diensten. Eerst komt de informatie van de Denen, en dan pas komt er een weging of er al dan niet nog contact zou moeten zijn met de Amerikanen. Over het programma dat mevrouw Buitenweg noemt, kan ik nu niets zeggen. Mij zegt het hier eerlijk gezegd ook helemaal niks, maar dit gaat waarschijnlijk vrij diep de operatie in, dus ik betwijfel of ik daar een antwoord op zou kunnen geven. En we leren altijd lessen uit het verleden, maar sindsdien is de wet ook behoorlijk gewijzigd.",verslagen_xml\a79650fe-7374-411e-bd1a-00b29ac3afc5.xml,2020-11-17,22e0b641-74cc-4a9b-aa76-7a4244e7868d,Stemmingen,Stemmingen,2020-11-17 14:00:00,2020-11-17 14:00:00,2020-11-17 14:45:00,Uitgevoerd,2020-2021,Tweede Kamer,1616.0,d63874fb-6cd8-42bd-8e06-0646b2e803bc,2215ad68-d855-4155-9a3e-71d13966a8c1,Stemmen - aangenomen,1,233.0,14,1,11,0,afternoon,-0.4999999999999997,-0.8660254037844388,2381,596,"Dank, voorzitter. Dank aan mevrouw Buitenweg. Naar aanleiding van de berichtgeving stelt zij deze vragen. Dat kan ik mij heel goed voorstellen. Misschien eerst gewoon even de situatie zoals ik die nu ken. Denemarken heeft zelf aangekondigd onafhankelijk onderzoek in te stellen. Het feit dat Nederland in de berichtgeving wordt genoemd als een van de landen, heeft er bij ons toe geleid dat de AIVD natuurlijk bij de collega-dienst navraag doet om de feiten te leren kennen en precies te weten te komen hoe de vork in de steel steekt. Afhankelijk van die feiten kunnen er natuurlijk nog vervolgacties komen. Een deel van de vragen van mevrouw Buitenweg kan ik nu dus nog niet beantwoorden, omdat ik die feiten nog niet heb. Ik wil ook vooraf onderstrepen het is vanzelfsprekend, maar ik doe het toch, ter geruststelling van mevrouw Buitenweg dat wij natuurlijk binnen het kader van de wet werken. Dat geldt voor het werk van de diensten, maar het geldt ook voor de samenwerking van onze diensten met andere diensten. Dat geldt eigenlijk altijd. Die wet is natuurlijk aangepast: er is een nieuwe Wiv. Die is dus anders dan in het jaar waar mevrouw Buitenweg het over heeft. Maar dat is helemaal geborgd doordat wij altijd kijken wat de wenselijke samenwerking is die wij met een andere dienst willen. Hoe leggen we die vast? Dat gebeurt in de zogenaamde wegingsnotitie. Welke risico's zien we? Welke mitigerende maatregelen zijn er in dat geval nodig? En dat kunnen we ook heroverwegen. Dat wilde ik even vooraf zeggen. Dan even ingaand op de vragen van mevrouw Buitenweg. Zijn wij wel of niet verrast? Kijk, wij volgen natuurlijk ook de media. Er was al eerder wat berichtgeving over de Deense dienst. Dat was dus niet een verrassing, maar dit nieuwe bericht geeft in ieder geval aanleiding om navraag te doen. Ik heb geen contact gehad met mijn Deense ambtgenoot, maar er is dus wel contact tussen de diensten. Eerst komt de informatie van de Denen, en dan pas komt er een weging of er al dan niet nog contact zou moeten zijn met de Amerikanen. Over het programma dat mevrouw Buitenweg noemt, kan ik nu niets zeggen. Mij zegt het hier eerlijk gezegd ook helemaal niks, maar dit gaat waarschijnlijk vrij diep de operatie in, dus ik betwijfel of ik daar een antwoord op zou kunnen geven. En we leren altijd lessen uit het verleden, maar sindsdien is de wet ook behoorlijk gewijzigd.",-0.5000000000000004,0.8660254037844384,0.7818314824680298,0.6234898018587336,0,1,0,0,0,2020,10,5.455321115357702,7.775695749915245,1,140,4.948759890378168,Other,False,False,False,False,True,False,False,False,False,False,False,2,0,0,0.0,test,0.9982,positive,0.9991,0.0009,1,1,1,1,0,1
009710e2-1754-49c0-82ea-60c9cd4cce37,6a2023e6-6cbb-4ff8-95b6-80e6543f6ce9,"25e vergadering, dinsdag 17 november 2020",2020-11-17,202a4a38-3730-46d3-b99b-dafe07137596,Vragenuur,Vragenuur,Vragenuur,5d41bb8f-274a-45b1-9068-04e921f39d2a,Ollongren,,minister van Binnenlandse Zaken en Koninkrijksrelaties,2020-11-17 14:26:56,2020-11-17 14:30:49,0,"Dank, voorzitter. Dank aan mevrouw Buitenweg. Naar aanleiding van de berichtgeving stelt zij deze vragen. Dat kan ik mij heel goed voorstellen. Misschien eerst gewoon even de situatie zoals ik die nu ken. Denemarken heeft zelf aangekondigd onafhankelijk onderzoek in te stellen. Het feit dat Nederland in de berichtgeving wordt genoemd als een van de landen, heeft er bij ons toe geleid dat de AIVD natuurlijk bij de collega-dienst navraag doet om de feiten te leren kennen en precies te weten te komen hoe de vork in de steel steekt. Afhankelijk van die feiten kunnen er natuurlijk nog vervolgacties komen. Een deel van de vragen van mevrouw Buitenweg kan ik nu dus nog niet beantwoorden, omdat ik die feiten nog niet heb. Ik wil ook vooraf onderstrepen — het is vanzelfsprekend, maar ik doe het toch, ter geruststelling van mevrouw Buitenweg — dat wij natuurlijk binnen het kader van de wet werken. Dat geldt voor het werk van de diensten, maar het geldt ook voor de samenwerking van onze diensten met andere diensten. Dat geldt eigenlijk altijd. Die wet is natuurlijk aangepast: er is een nieuwe Wiv. Die is dus anders dan in het jaar waar mevrouw Buitenweg het over heeft. Maar dat is helemaal geborgd doordat wij altijd kijken wat de wenselijke samenwerking is die wij met een andere dienst willen. Hoe leggen we die vast? Dat gebeurt in de zogenaamde wegingsnotitie. Welke risico's zien we? Welke mitigerende maatregelen zijn er in dat geval nodig? En dat kunnen we ook heroverwegen. Dat wilde ik even vooraf zeggen. Dan even ingaand op de vragen van mevrouw Buitenweg. Zijn wij wel of niet verrast? Kijk, wij volgen natuurlijk ook de media. Er was al eerder wat berichtgeving over de Deense dienst. Dat was dus niet een verrassing, maar dit nieuwe bericht geeft in ieder geval aanleiding om navraag te doen. Ik heb geen contact gehad met mijn Deense ambtgenoot, maar er is dus wel contact tussen de diensten. Eerst komt de informatie van de Denen, en dan pas komt er een weging of er al dan niet nog contact zou moeten zijn met de Amerikanen. Over het programma dat mevrouw Buitenweg noemt, kan ik nu niets zeggen. Mij zegt het hier eerlijk gezegd ook helemaal niks, maar dit gaat waarschijnlijk vrij diep de operatie in, dus ik betwijfel of ik daar een antwoord op zou kunnen geven. En we leren altijd lessen uit het verleden, maar sindsdien is de wet ook behoorlijk gewijzigd.",verslagen_xml\a79650fe-7374-411e-bd1a-00b29ac3afc5.xml,2020-11-17,22e0b641-74cc-4a9b-aa76-7a4244e7868d,Stemmingen,Stemmingen,2020-11-17 14:00:00,2020-11-17 14:00:00,2020-11-17 14:45:00,Uitgevoerd,2020-2021,Tweede Kamer,1616.0,d63874fb-6cd8-42bd-8e06-0646b2e803bc,bd31f354-5e75-4ec8-827e-74e621d363ba,Stemmen - aangenomen,1,233.0,14,1,11,0,afternoon,-0.4999999999999997,-0.8660254037844388,2381,596,"Dank, voorzitter. Dank aan mevrouw Buitenweg. Naar aanleiding van de berichtgeving stelt zij deze vragen. Dat kan ik mij heel goed voorstellen. Misschien eerst gewoon even de situatie zoals ik die nu ken. Denemarken heeft zelf aangekondigd onafhankelijk onderzoek in te stellen. Het feit dat Nederland in de berichtgeving wordt genoemd als een van de landen, heeft er bij ons toe geleid dat de AIVD natuurlijk bij de collega-dienst navraag doet om de feiten te leren kennen en precies te weten te komen hoe de vork in de steel steekt. Afhankelijk van die feiten kunnen er natuurlijk nog vervolgacties komen. Een deel van de vragen van mevrouw Buitenweg kan ik nu dus nog niet beantwoorden, omdat ik die feiten nog niet heb. Ik wil ook vooraf onderstrepen het is vanzelfsprekend, maar ik doe het toch, ter geruststelling van mevrouw Buitenweg dat wij natuurlijk binnen het kader van de wet werken. Dat geldt voor het werk van de diensten, maar het geldt ook voor de samenwerking van onze diensten met andere diensten. Dat geldt eigenlijk altijd. Die wet is natuurlijk aangepast: er is een nieuwe Wiv. Die is dus anders dan in het jaar waar mevrouw Buitenweg het over heeft. Maar dat is helemaal geborgd doordat wij altijd kijken wat de wenselijke samenwerking is die wij met een andere dienst willen. Hoe leggen we die vast? Dat gebeurt in de zogenaamde wegingsnotitie. Welke risico's zien we? Welke mitigerende maatregelen zijn er in dat geval nodig? En dat kunnen we ook heroverwegen. Dat wilde ik even vooraf zeggen. Dan even ingaand op de vragen van mevrouw Buitenweg. Zijn wij wel of niet verrast? Kijk, wij volgen natuurlijk ook de media. Er was al eerder wat berichtgeving over de Deense dienst. Dat was dus niet een verrassing, maar dit nieuwe bericht geeft in ieder geval aanleiding om navraag te doen. Ik heb geen contact gehad met mijn Deense ambtgenoot, maar er is dus wel contact tussen de diensten. Eerst komt de informatie van de Denen, en dan pas komt er een weging of er al dan niet nog contact zou moeten zijn met de Amerikanen. Over het programma dat mevrouw Buitenweg noemt, kan ik nu niets zeggen. Mij zegt het hier eerlijk gezegd ook helemaal niks, maar dit gaat waarschijnlijk vrij diep de operatie in, dus ik betwijfel of ik daar een antwoord op zou kunnen geven. En we leren altijd lessen uit het verleden, maar sindsdien is de wet ook behoorlijk gewijzigd.",-0.5000000000000004,0.8660254037844384,0.7818314824680298,0.6234898018587336,0,1,0,0,0,2020,10,5.455321115357702,7.775695749915245,1,140,4.948759890378168,Other,False,False,False,False,True,False,False,False,False,False,False,2,0,0,0.0,test,0.9982,positive,0.9991,0.0009,1,1,1,1,0,1
009710e2-1754-49c0-82ea-60c9cd4cce37,6a2023e6-6cbb-4ff8-95b6-80e6543f6ce9,"25e vergadering, dinsdag 17 november 2020",2020-11-17,202a4a38-3730-46d3-b99b-dafe07137596,Vragenuur,Vragenuur,Vragenuur,5d41bb8f-274a-45b1-9068-04e921f39d2a,Ollongren,,minister van Binnenlandse Zaken en Koninkrijksrelaties,2020-11-17 14:26:56,2020-11-17 14:30:49,0,"Dank, voorzitter. Dank aan mevrouw Buitenweg. Naar aanleiding van de berichtgeving stelt zij deze vragen. Dat kan ik mij heel goed voorstellen. Misschien eerst gewoon even de situatie zoals ik die nu ken. Denemarken heeft zelf aangekondigd onafhankelijk onderzoek in te stellen. Het feit dat Nederland in de berichtgeving wordt genoemd als een van de landen, heeft er bij ons toe geleid dat de AIVD natuurlijk bij de collega-dienst navraag doet om de feiten te leren kennen en precies te weten te komen hoe de vork in de steel steekt. Afhankelijk van die feiten kunnen er natuurlijk nog vervolgacties komen. Een deel van de vragen van mevrouw Buitenweg kan ik nu dus nog niet beantwoorden, omdat ik die feiten nog niet heb. Ik wil ook vooraf onderstrepen — het is vanzelfsprekend, maar ik doe het toch, ter geruststelling van mevrouw Buitenweg — dat wij natuurlijk binnen het kader van de wet werken. Dat geldt voor het werk van de diensten, maar het geldt ook voor de samenwerking van onze diensten met andere diensten. Dat geldt eigenlijk altijd. Die wet is natuurlijk aangepast: er is een nieuwe Wiv. Die is dus anders dan in het jaar waar mevrouw Buitenweg het over heeft. Maar dat is helemaal geborgd doordat wij altijd kijken wat de wenselijke samenwerking is die wij met een andere dienst willen. Hoe leggen we die vast? Dat gebeurt in de zogenaamde wegingsnotitie. Welke risico's zien we? Welke mitigerende maatregelen zijn er in dat geval nodig? En dat kunnen we ook heroverwegen. Dat wilde ik even vooraf zeggen. Dan even ingaand op de vragen van mevrouw Buitenweg. Zijn wij wel of niet verrast? Kijk, wij volgen natuurlijk ook de media. Er was al eerder wat berichtgeving over de Deense dienst. Dat was dus niet een verrassing, maar dit nieuwe bericht geeft in ieder geval aanleiding om navraag te doen. Ik heb geen contact gehad met mijn Deense ambtgenoot, maar er is dus wel contact tussen de diensten. Eerst komt de informatie van de Denen, en dan pas komt er een weging of er al dan niet nog contact zou moeten zijn met de Amerikanen. Over het programma dat mevrouw Buitenweg noemt, kan ik nu niets zeggen. Mij zegt het hier eerlijk gezegd ook helemaal niks, maar dit gaat waarschijnlijk vrij diep de operatie in, dus ik betwijfel of ik daar een antwoord op zou kunnen geven. En we leren altijd lessen uit het verleden, maar sindsdien is de wet ook behoorlijk gewijzigd.",verslagen_xml\a79650fe-7374-411e-bd1a-00b29ac3afc5.xml,2020-11-17,22e0b641-74cc-4a9b-aa76-7a4244e7868d,Stemmingen,Stemmingen,2020-11-17 14:00:00,2020-11-17 14:00:00,2020-11-17 14:45:00,Uitgevoerd,2020-2021,Tweede Kamer,1616.0,d63874fb-6cd8-42bd-8e06-0646b2e803bc,03573104-429c-4e24-9a0a-a0cff7104c40,Stemmen - aangenomen,1,233.0,14,1,11,0,afternoon,-0.4999999999999997,-0.8660254037844388,2381,596,"Dank, voorzitter. Dank aan mevrouw Buitenweg. Naar aanleiding van de berichtgeving stelt zij deze vragen. Dat kan ik mij heel goed voorstellen. Misschien eerst gewoon even de situatie zoals ik die nu ken. Denemarken heeft zelf aangekondigd onafhankelijk onderzoek in te stellen. Het feit dat Nederland in de berichtgeving wordt genoemd als een van de landen, heeft er bij ons toe geleid dat de AIVD natuurlijk bij de collega-dienst navraag doet om de feiten te leren kennen en precies te weten te komen hoe de vork in de steel steekt. Afhankelijk van die feiten kunnen er natuurlijk nog vervolgacties komen. Een deel van de vragen van mevrouw Buitenweg kan ik nu dus nog niet beantwoorden, omdat ik die feiten nog niet heb. Ik wil ook vooraf onderstrepen het is vanzelfsprekend, maar ik doe het toch, ter geruststelling van mevrouw Buitenweg dat wij natuurlijk binnen het kader van de wet werken. Dat geldt voor het werk van de diensten, maar het geldt ook voor de samenwerking van onze diensten met andere diensten. Dat geldt eigenlijk altijd. Die wet is natuurlijk aangepast: er is een nieuwe Wiv. Die is dus anders dan in het jaar waar mevrouw Buitenweg het over heeft. Maar dat is helemaal geborgd doordat wij altijd kijken wat de wenselijke samenwerking is die wij met een andere dienst willen. Hoe leggen we die vast? Dat gebeurt in de zogenaamde wegingsnotitie. Welke risico's zien we? Welke mitigerende maatregelen zijn er in dat geval nodig? En dat kunnen we ook heroverwegen. Dat wilde ik even vooraf zeggen. Dan even ingaand op de vragen van mevrouw Buitenweg. Zijn wij wel of niet verrast? Kijk, wij volgen natuurlijk ook de media. Er was al eerder wat berichtgeving over de Deense dienst. Dat was dus niet een verrassing, maar dit nieuwe bericht geeft in ieder geval aanleiding om navraag te doen. Ik heb geen contact gehad met mijn Deense ambtgenoot, maar er is dus wel contact tussen de diensten. Eerst komt de informatie van de Denen, en dan pas komt er een weging of er al dan niet nog contact zou moeten zijn met de Amerikanen. Over het programma dat mevrouw Buitenweg noemt, kan ik nu niets zeggen. Mij zegt het hier eerlijk gezegd ook helemaal niks, maar dit gaat waarschijnlijk vrij diep de operatie in, dus ik betwijfel of ik daar een antwoord op zou kunnen geven. En we leren altijd lessen uit het verleden, maar sindsdien is de wet ook behoorlijk gewijzigd.",-0.5000000000000004,0.8660254037844384,0.7818314824680298,0.6234898018587336,0,1,0,0,0,2020,10,5.455321115357702,7.775695749915245,1,140,4.948759890378168,Other,False,False,False,False,True,False,False,False,False,False,False,2,0,0,0.0,test,0.9982,positive,0.9991,0.0009,1,1,1,1,0,1
009710e2-1754-49c0-82ea-60c9cd4cce37,6a2023e6-6cbb-4ff8-95b6-80e6543f6ce9,"25e vergadering, dinsdag 17 november 2020",2020-11-17,202a4a38-3730-46d3-b99b-dafe07137596,Vragenuur,Vragenuur,Vragenuur,5d41bb8f-274a-45b1-9068-04e921f39d2a,Ollongren,,minister van Binnenlandse Zaken en Koninkrijksrelaties,2020-11-17 14:26:56,2020-11-17 14:30:49,0,"Dank, voorzitter. Dank aan mevrouw Buitenweg. Naar aanleiding van de berichtgeving stelt zij deze vragen. Dat kan ik mij heel goed voorstellen. Misschien eerst gewoon even de situatie zoals ik die nu ken. Denemarken heeft zelf aangekondigd onafhankelijk onderzoek in te stellen. Het feit dat Nederland in de berichtgeving wordt genoemd als een van de landen, heeft er bij ons toe geleid dat de AIVD natuurlijk bij de collega-dienst navraag doet om de feiten te leren kennen en precies te weten te komen hoe de vork in de steel steekt. Afhankelijk van die feiten kunnen er natuurlijk nog vervolgacties komen. Een deel van de vragen van mevrouw Buitenweg kan ik nu dus nog niet beantwoorden, omdat ik die feiten nog niet heb. Ik wil ook vooraf onderstrepen — het is vanzelfsprekend, maar ik doe het toch, ter geruststelling van mevrouw Buitenweg — dat wij natuurlijk binnen het kader van de wet werken. Dat geldt voor het werk van de diensten, maar het geldt ook voor de samenwerking van onze diensten met andere diensten. Dat geldt eigenlijk altijd. Die wet is natuurlijk aangepast: er is een nieuwe Wiv. Die is dus anders dan in het jaar waar mevrouw Buitenweg het over heeft. Maar dat is helemaal geborgd doordat wij altijd kijken wat de wenselijke samenwerking is die wij met een andere dienst willen. Hoe leggen we die vast? Dat gebeurt in de zogenaamde wegingsnotitie. Welke risico's zien we? Welke mitigerende maatregelen zijn er in dat geval nodig? En dat kunnen we ook heroverwegen. Dat wilde ik even vooraf zeggen. Dan even ingaand op de vragen van mevrouw Buitenweg. Zijn wij wel of niet verrast? Kijk, wij volgen natuurlijk ook de media. Er was al eerder wat berichtgeving over de Deense dienst. Dat was dus niet een verrassing, maar dit nieuwe bericht geeft in ieder geval aanleiding om navraag te doen. Ik heb geen contact gehad met mijn Deense ambtgenoot, maar er is dus wel contact tussen de diensten. Eerst komt de informatie van de Denen, en dan pas komt er een weging of er al dan niet nog contact zou moeten zijn met de Amerikanen. Over het programma dat mevrouw Buitenweg noemt, kan ik nu niets zeggen. Mij zegt het hier eerlijk gezegd ook helemaal niks, maar dit gaat waarschijnlijk vrij diep de operatie in, dus ik betwijfel of ik daar een antwoord op zou kunnen geven. En we leren altijd lessen uit het verleden, maar sindsdien is de wet ook behoorlijk gewijzigd.",verslagen_xml\a79650fe-7374-411e-bd1a-00b29ac3afc5.xml,2020-11-17,22e0b641-74cc-4a9b-aa76-7a4244e7868d,Stemmingen,Stemmingen,2020-11-17 14:00:00,2020-11-17 14:00:00,2020-11-17 14:45:00,Uitgevoerd,2020-2021,Tweede Kamer,1616.0,d63874fb-6cd8-42bd-8e06-0646b2e803bc,69ab1d5b-ee6e-4a72-adbe-ac1b6446fb10,Stemmen - aangenomen,1,233.0,14,1,11,0,afternoon,-0.4999999999999997,-0.8660254037844388,2381,596,"Dank, voorzitter. Dank aan mevrouw Buitenweg. Naar aanleiding van de berichtgeving stelt zij deze vragen. Dat kan ik mij heel goed voorstellen. Misschien eerst gewoon even de situatie zoals ik die nu ken. Denemarken heeft zelf aangekondigd onafhankelijk onderzoek in te stellen. Het feit dat Nederland in de berichtgeving wordt genoemd als een van de landen, heeft er bij ons toe geleid dat de AIVD natuurlijk bij de collega-dienst navraag doet om de feiten te leren kennen en precies te weten te komen hoe de vork in de steel steekt. Afhankelijk van die feiten kunnen er natuurlijk nog vervolgacties komen. Een deel van de vragen van mevrouw Buitenweg kan ik nu dus nog niet beantwoorden, omdat ik die feiten nog niet heb. Ik wil ook vooraf onderstrepen het is vanzelfsprekend, maar ik doe het toch, ter geruststelling van mevrouw Buitenweg dat wij natuurlijk binnen het kader van de wet werken. Dat geldt voor het werk van de diensten, maar het geldt ook voor de samenwerking van onze diensten met andere diensten. Dat geldt eigenlijk altijd. Die wet is natuurlijk aangepast: er is een nieuwe Wiv. Die is dus anders dan in het jaar waar mevrouw Buitenweg het over heeft. Maar dat is helemaal geborgd doordat wij altijd kijken wat de wenselijke samenwerking is die wij met een andere dienst willen. Hoe leggen we die vast? Dat gebeurt in de zogenaamde wegingsnotitie. Welke risico's zien we? Welke mitigerende maatregelen zijn er in dat geval nodig? En dat kunnen we ook heroverwegen. Dat wilde ik even vooraf zeggen. Dan even ingaand op de vragen van mevrouw Buitenweg. Zijn wij wel of niet verrast? Kijk, wij volgen natuurlijk ook de media. Er was al eerder wat berichtgeving over de Deense dienst. Dat was dus niet een verrassing, maar dit nieuwe bericht geeft in ieder geval aanleiding om navraag te doen. Ik heb geen contact gehad met mijn Deense ambtgenoot, maar er is dus wel contact tussen de diensten. Eerst komt de informatie van de Denen, en dan pas komt er een weging of er al dan niet nog contact zou moeten zijn met de Amerikanen. Over het programma dat mevrouw Buitenweg noemt, kan ik nu niets zeggen. Mij zegt het hier eerlijk gezegd ook helemaal niks, maar dit gaat waarschijnlijk vrij diep de operatie in, dus ik betwijfel of ik daar een antwoord op zou kunnen geven. En we leren altijd lessen uit het verleden, maar sindsdien is de wet ook behoorlijk gewijzigd.",-0.5000000000000004,0.8660254037844384,0.7818314824680298,0.6234898018587336,0,1,0,0,0,2020,10,5.455321115357702,7.775695749915245,1,140,4.948759890378168,Other,False,False,False,False,True,False,False,False,False,False,False,2,0,0,0.0,test,0.9982,positive,0.9991,0.0009,1,1,1,1,0,1
009710e2-1754-49c0-82ea-60c9cd4cce37,6a2023e6-6cbb-4ff8-95b6-80e6543f6ce9,"25e vergadering, dinsdag 17 november 2020",2020-11-17,202a4a38-3730-46d3-b99b-dafe07137596,Vragenuur,Vragenuur,Vragenuur,5d41bb8f-274a-45b1-9068-04e921f39d2a,Ollongren,,minister van Binnenlandse Zaken en Koninkrijksrelaties,2020-11-17 14:26:56,2020-11-17 14:30:49,0,"Dank, voorzitter. Dank aan mevrouw Buitenweg. Naar aanleiding van de berichtgeving stelt zij deze vragen. Dat kan ik mij heel goed voorstellen. Misschien eerst gewoon even de situatie zoals ik die nu ken. Denemarken heeft zelf aangekondigd onafhankelijk onderzoek in te stellen. Het feit dat Nederland in de berichtgeving wordt genoemd als een van de landen, heeft er bij ons toe geleid dat de AIVD natuurlijk bij de collega-dienst navraag doet om de feiten te leren kennen en precies te weten te komen hoe de vork in de steel steekt. Afhankelijk van die feiten kunnen er natuurlijk nog vervolgacties komen. Een deel van de vragen van mevrouw Buitenweg kan ik nu dus nog niet beantwoorden, omdat ik die feiten nog niet heb. Ik wil ook vooraf onderstrepen — het is vanzelfsprekend, maar ik doe het toch, ter geruststelling van mevrouw Buitenweg — dat wij natuurlijk binnen het kader van de wet werken. Dat geldt voor het werk van de diensten, maar het geldt ook voor de samenwerking van onze diensten met andere diensten. Dat geldt eigenlijk altijd. Die wet is natuurlijk aangepast: er is een nieuwe Wiv. Die is dus anders dan in het jaar waar mevrouw Buitenweg het over heeft. Maar dat is helemaal geborgd doordat wij altijd kijken wat de wenselijke samenwerking is die wij met een andere dienst willen. Hoe leggen we die vast? Dat gebeurt in de zogenaamde wegingsnotitie. Welke risico's zien we? Welke mitigerende maatregelen zijn er in dat geval nodig? En dat kunnen we ook heroverwegen. Dat wilde ik even vooraf zeggen. Dan even ingaand op de vragen van mevrouw Buitenweg. Zijn wij wel of niet verrast? Kijk, wij volgen natuurlijk ook de media. Er was al eerder wat berichtgeving over de Deense dienst. Dat was dus niet een verrassing, maar dit nieuwe bericht geeft in ieder geval aanleiding om navraag te doen. Ik heb geen contact gehad met mijn Deense ambtgenoot, maar er is dus wel contact tussen de diensten. Eerst komt de informatie van de Denen, en dan pas komt er een weging of er al dan niet nog contact zou moeten zijn met de Amerikanen. Over het programma dat mevrouw Buitenweg noemt, kan ik nu niets zeggen. Mij zegt het hier eerlijk gezegd ook helemaal niks, maar dit gaat waarschijnlijk vrij diep de operatie in, dus ik betwijfel of ik daar een antwoord op zou kunnen geven. En we leren altijd lessen uit het verleden, maar sindsdien is de wet ook behoorlijk gewijzigd.",verslagen_xml\a79650fe-7374-411e-bd1a-00b29ac3afc5.xml,2020-11-17,22e0b641-74cc-4a9b-aa76-7a4244e7868d,Stemmingen,Stemmingen,2020-11-17 14:00:00,2020-11-17 14:00:00,2020-11-17 14:45:00,Uitgevoerd,2020-2021,Tweede Kamer,1616.0,d63874fb-6cd8-42bd-8e06-0646b2e803bc,fcde6c31-b0e9-4abd-9e6b-ea7c3992e82a,Stemmen - aangenomen,1,233.0,14,1,11,0,afternoon,-0.4999999999999997,-0.8660254037844388,2381,596,"Dank, voorzitter. Dank aan mevrouw Buitenweg. Naar aanleiding van de berichtgeving stelt zij deze vragen. Dat kan ik mij heel goed voorstellen. Misschien eerst gewoon even de situatie zoals ik die nu ken. Denemarken heeft zelf aangekondigd onafhankelijk onderzoek in te stellen. Het feit dat Nederland in de berichtgeving wordt genoemd als een van de landen, heeft er bij ons toe geleid dat de AIVD natuurlijk bij de collega-dienst navraag doet om de feiten te leren kennen en precies te weten te komen hoe de vork in de steel steekt. Afhankelijk van die feiten kunnen er natuurlijk nog vervolgacties komen. Een deel van de vragen van mevrouw Buitenweg kan ik nu dus nog niet beantwoorden, omdat ik die feiten nog niet heb. Ik wil ook vooraf onderstrepen het is vanzelfsprekend, maar ik doe het toch, ter geruststelling van mevrouw Buitenweg dat wij natuurlijk binnen het kader van de wet werken. Dat geldt voor het werk van de diensten, maar het geldt ook voor de samenwerking van onze diensten met andere diensten. Dat geldt eigenlijk altijd. Die wet is natuurlijk aangepast: er is een nieuwe Wiv. Die is dus anders dan in het jaar waar mevrouw Buitenweg het over heeft. Maar dat is helemaal geborgd doordat wij altijd kijken wat de wenselijke samenwerking is die wij met een andere dienst willen. Hoe leggen we die vast? Dat gebeurt in de zogenaamde wegingsnotitie. Welke risico's zien we? Welke mitigerende maatregelen zijn er in dat geval nodig? En dat kunnen we ook heroverwegen. Dat wilde ik even vooraf zeggen. Dan even ingaand op de vragen van mevrouw Buitenweg. Zijn wij wel of niet verrast? Kijk, wij volgen natuurlijk ook de media. Er was al eerder wat berichtgeving over de Deense dienst. Dat was dus niet een verrassing, maar dit nieuwe bericht geeft in ieder geval aanleiding om navraag te doen. Ik heb geen contact gehad met mijn Deense ambtgenoot, maar er is dus wel contact tussen de diensten. Eerst komt de informatie van de Denen, en dan pas komt er een weging of er al dan niet nog contact zou moeten zijn met de Amerikanen. Over het programma dat mevrouw Buitenweg noemt, kan ik nu niets zeggen. Mij zegt het hier eerlijk gezegd ook helemaal niks, maar dit gaat waarschijnlijk vrij diep de operatie in, dus ik betwijfel of ik daar een antwoord op zou kunnen geven. En we leren altijd lessen uit het verleden, maar sindsdien is de wet ook behoorlijk gewijzigd.",-0.5000000000000004,0.8660254037844384,0.7818314824680298,0.6234898018587336,0,1,0,0,0,2020,10,5.455321115357702,7.775695749915245,1,140,4.948759890378168,Other,False,False,False,False,True,False,False,False,False,False,False,2,0,0,0.0,test,0.9982,positive,0.9991,0.0009,1,1,1,1,0,1
009710e2-1754-49c0-82ea-60c9cd4cce37,6a2023e6-6cbb-4ff8-95b6-80e6543f6ce9,"25e vergadering, dinsdag 17 november 2020",2020-11-17,202a4a38-3730-46d3-b99b-dafe07137596,Vragenuur,Vragenuur,Vragenuur,5d41bb8f-274a-45b1-9068-04e921f39d2a,Ollongren,,minister van Binnenlandse Zaken en Koninkrijksrelaties,2020-11-17 14:26:56,2020-11-17 14:30:49,0,"Dank, voorzitter. Dank aan mevrouw Buitenweg. Naar aanleiding van de berichtgeving stelt zij deze vragen. Dat kan ik mij heel goed voorstellen. Misschien eerst gewoon even de situatie zoals ik die nu ken. Denemarken heeft zelf aangekondigd onafhankelijk onderzoek in te stellen. Het feit dat Nederland in de berichtgeving wordt genoemd als een van de landen, heeft er bij ons toe geleid dat de AIVD natuurlijk bij de collega-dienst navraag doet om de feiten te leren kennen en precies te weten te komen hoe de vork in de steel steekt. Afhankelijk van die feiten kunnen er natuurlijk nog vervolgacties komen. Een deel van de vragen van mevrouw Buitenweg kan ik nu dus nog niet beantwoorden, omdat ik die feiten nog niet heb. Ik wil ook vooraf onderstrepen — het is vanzelfsprekend, maar ik doe het toch, ter geruststelling van mevrouw Buitenweg — dat wij natuurlijk binnen het kader van de wet werken. Dat geldt voor het werk van de diensten, maar het geldt ook voor de samenwerking van onze diensten met andere diensten. Dat geldt eigenlijk altijd. Die wet is natuurlijk aangepast: er is een nieuwe Wiv. Die is dus anders dan in het jaar waar mevrouw Buitenweg het over heeft. Maar dat is helemaal geborgd doordat wij altijd kijken wat de wenselijke samenwerking is die wij met een andere dienst willen. Hoe leggen we die vast? Dat gebeurt in de zogenaamde wegingsnotitie. Welke risico's zien we? Welke mitigerende maatregelen zijn er in dat geval nodig? En dat kunnen we ook heroverwegen. Dat wilde ik even vooraf zeggen. Dan even ingaand op de vragen van mevrouw Buitenweg. Zijn wij wel of niet verrast? Kijk, wij volgen natuurlijk ook de media. Er was al eerder wat berichtgeving over de Deense dienst. Dat was dus niet een verrassing, maar dit nieuwe bericht geeft in ieder geval aanleiding om navraag te doen. Ik heb geen contact gehad met mijn Deense ambtgenoot, maar er is dus wel contact tussen de diensten. Eerst komt de informatie van de Denen, en dan pas komt er een weging of er al dan niet nog contact zou moeten zijn met de Amerikanen. Over het programma dat mevrouw Buitenweg noemt, kan ik nu niets zeggen. Mij zegt het hier eerlijk gezegd ook helemaal niks, maar dit gaat waarschijnlijk vrij diep de operatie in, dus ik betwijfel of ik daar een antwoord op zou kunnen geven. En we leren altijd lessen uit het verleden, maar sindsdien is de wet ook behoorlijk gewijzigd.",verslagen_xml\a79650fe-7374-411e-bd1a-00b29ac3afc5.xml,2020-11-17,22e0b641-74cc-4a9b-aa76-7a4244e7868d,Stemmingen,Stemmingen,2020-11-17 14:00:00,2020-11-17 14:00:00,2020-11-17 14:45:00,Uitgevoerd,2020-2021,Tweede Kamer,1616.0,d63874fb-6cd8-42bd-8e06-0646b2e803bc,78d626f5-4ab8-49d5-8c72-f81b3b073399,Stemmen - aangenomen,1,233.0,14,1,11,0,afternoon,-0.4999999999999997,-0.8660254037844388,2381,596,"Dank, voorzitter. Dank aan mevrouw Buitenweg. Naar aanleiding van de berichtgeving stelt zij deze vragen. Dat kan ik mij heel goed voorstellen. Misschien eerst gewoon even de situatie zoals ik die nu ken. Denemarken heeft zelf aangekondigd onafhankelijk onderzoek in te stellen. Het feit dat Nederland in de berichtgeving wordt genoemd als een van de landen, heeft er bij ons toe geleid dat de AIVD natuurlijk bij de collega-dienst navraag doet om de feiten te leren kennen en precies te weten te komen hoe de vork in de steel steekt. Afhankelijk van die feiten kunnen er natuurlijk nog vervolgacties komen. Een deel van de vragen van mevrouw Buitenweg kan ik nu dus nog niet beantwoorden, omdat ik die feiten nog niet heb. Ik wil ook vooraf onderstrepen het is vanzelfsprekend, maar ik doe het toch, ter geruststelling van mevrouw Buitenweg dat wij natuurlijk binnen het kader van de wet werken. Dat geldt voor het werk van de diensten, maar het geldt ook voor de samenwerking van onze diensten met andere diensten. Dat geldt eigenlijk altijd. Die wet is natuurlijk aangepast: er is een nieuwe Wiv. Die is dus anders dan in het jaar waar mevrouw Buitenweg het over heeft. Maar dat is helemaal geborgd doordat wij altijd kijken wat de wenselijke samenwerking is die wij met een andere dienst willen. Hoe leggen we die vast? Dat gebeurt in de zogenaamde wegingsnotitie. Welke risico's zien we? Welke mitigerende maatregelen zijn er in dat geval nodig? En dat kunnen we ook heroverwegen. Dat wilde ik even vooraf zeggen. Dan even ingaand op de vragen van mevrouw Buitenweg. Zijn wij wel of niet verrast? Kijk, wij volgen natuurlijk ook de media. Er was al eerder wat berichtgeving over de Deense dienst. Dat was dus niet een verrassing, maar dit nieuwe bericht geeft in ieder geval aanleiding om navraag te doen. Ik heb geen contact gehad met mijn Deense ambtgenoot, maar er is dus wel contact tussen de diensten. Eerst komt de informatie van de Denen, en dan pas komt er een weging of er al dan niet nog contact zou moeten zijn met de Amerikanen. Over het programma dat mevrouw Buitenweg noemt, kan ik nu niets zeggen. Mij zegt het hier eerlijk gezegd ook helemaal niks, maar dit gaat waarschijnlijk vrij diep de operatie in, dus ik betwijfel of ik daar een antwoord op zou kunnen geven. En we leren altijd lessen uit het verleden, maar sindsdien is de wet ook behoorlijk gewijzigd.",-0.5000000000000004,0.8660254037844384,0.7818314824680298,0.6234898018587336,0,1,0,0,0,2020,10,5.455321115357702,7.775695749915245,1,140,4.948759890378168,Other,False,False,False,False,True,False,False,False,False,False,False,2,0,0,0.0,test,0.9982,positive,0.9991,0.0009,1,1,1,1,0,1
009710e2-1754-49c0-82ea-60c9cd4cce37,6a2023e6-6cbb-4ff8-95b6-80e6543f6ce9,"25e vergadering, dinsdag 17 november 2020",2020-11-17,202a4a38-3730-46d3-b99b-dafe07137596,Vragenuur,Vragenuur,Vragenuur,5d41bb8f-274a-45b1-9068-04e921f39d2a,Ollongren,,minister van Binnenlandse Zaken en Koninkrijksrelaties,2020-11-17 14:26:56,2020-11-17 14:30:49,0,"Dank, voorzitter. Dank aan mevrouw Buitenweg. Naar aanleiding van de berichtgeving stelt zij deze vragen. Dat kan ik mij heel goed voorstellen. Misschien eerst gewoon even de situatie zoals ik die nu ken. Denemarken heeft zelf aangekondigd onafhankelijk onderzoek in te stellen. Het feit dat Nederland in de berichtgeving wordt genoemd als een van de landen, heeft er bij ons toe geleid dat de AIVD natuurlijk bij de collega-dienst navraag doet om de feiten te leren kennen en precies te weten te komen hoe de vork in de steel steekt. Afhankelijk van die feiten kunnen er natuurlijk nog vervolgacties komen. Een deel van de vragen van mevrouw Buitenweg kan ik nu dus nog niet beantwoorden, omdat ik die feiten nog niet heb. Ik wil ook vooraf onderstrepen — het is vanzelfsprekend, maar ik doe het toch, ter geruststelling van mevrouw Buitenweg — dat wij natuurlijk binnen het kader van de wet werken. Dat geldt voor het werk van de diensten, maar het geldt ook voor de samenwerking van onze diensten met andere diensten. Dat geldt eigenlijk altijd. Die wet is natuurlijk aangepast: er is een nieuwe Wiv. Die is dus anders dan in het jaar waar mevrouw Buitenweg het over heeft. Maar dat is helemaal geborgd doordat wij altijd kijken wat de wenselijke samenwerking is die wij met een andere dienst willen. Hoe leggen we die vast? Dat gebeurt in de zogenaamde wegingsnotitie. Welke risico's zien we? Welke mitigerende maatregelen zijn er in dat geval nodig? En dat kunnen we ook heroverwegen. Dat wilde ik even vooraf zeggen. Dan even ingaand op de vragen van mevrouw Buitenweg. Zijn wij wel of niet verrast? Kijk, wij volgen natuurlijk ook de media. Er was al eerder wat berichtgeving over de Deense dienst. Dat was dus niet een verrassing, maar dit nieuwe bericht geeft in ieder geval aanleiding om navraag te doen. Ik heb geen contact gehad met mijn Deense ambtgenoot, maar er is dus wel contact tussen de diensten. Eerst komt de informatie van de Denen, en dan pas komt er een weging of er al dan niet nog contact zou moeten zijn met de Amerikanen. Over het programma dat mevrouw Buitenweg noemt, kan ik nu niets zeggen. Mij zegt het hier eerlijk gezegd ook helemaal niks, maar dit gaat waarschijnlijk vrij diep de operatie in, dus ik betwijfel of ik daar een antwoord op zou kunnen geven. En we leren altijd lessen uit het verleden, maar sindsdien is de wet ook behoorlijk gewijzigd.",verslagen_xml\a79650fe-7374-411e-bd1a-00b29ac3afc5.xml,2020-11-17,22e0b641-74cc-4a9b-aa76-7a4244e7868d,Stemmingen,Stemmingen,2020-11-17 14:00:00,2020-11-17 14:00:00,2020-11-17 14:45:00,Uitgevoerd,2020-2021,Tweede Kamer,1616.0,27d09ee9-ec13-4699-b8fb-0b254094ade5,4f88b749-5402-4bcd-8752-01af91435cc2,Stemmen - aangenomen,1,233.0,14,1,11,0,afternoon,-0.4999999999999997,-0.8660254037844388,2381,596,"Dank, voorzitter. Dank aan mevrouw Buitenweg. Naar aanleiding van de berichtgeving stelt zij deze vragen. Dat kan ik mij heel goed voorstellen. Misschien eerst gewoon even de situatie zoals ik die nu ken. Denemarken heeft zelf aangekondigd onafhankelijk onderzoek in te stellen. Het feit dat Nederland in de berichtgeving wordt genoemd als een van de landen, heeft er bij ons toe geleid dat de AIVD natuurlijk bij de collega-dienst navraag doet om de feiten te leren kennen en precies te weten te komen hoe de vork in de steel steekt. Afhankelijk van die feiten kunnen er natuurlijk nog vervolgacties komen. Een deel van de vragen van mevrouw Buitenweg kan ik nu dus nog niet beantwoorden, omdat ik die feiten nog niet heb. Ik wil ook vooraf onderstrepen het is vanzelfsprekend, maar ik doe het toch, ter geruststelling van mevrouw Buitenweg dat wij natuurlijk binnen het kader van de wet werken. Dat geldt voor het werk van de diensten, maar het geldt ook voor de samenwerking van onze diensten met andere diensten. Dat geldt eigenlijk altijd. Die wet is natuurlijk aangepast: er is een nieuwe Wiv. Die is dus anders dan in het jaar waar mevrouw Buitenweg het over heeft. Maar dat is helemaal geborgd doordat wij altijd kijken wat de wenselijke samenwerking is die wij met een andere dienst willen. Hoe leggen we die vast? Dat gebeurt in de zogenaamde wegingsnotitie. Welke risico's zien we? Welke mitigerende maatregelen zijn er in dat geval nodig? En dat kunnen we ook heroverwegen. Dat wilde ik even vooraf zeggen. Dan even ingaand op de vragen van mevrouw Buitenweg. Zijn wij wel of niet verrast? Kijk, wij volgen natuurlijk ook de media. Er was al eerder wat berichtgeving over de Deense dienst. Dat was dus niet een verrassing, maar dit nieuwe bericht geeft in ieder geval aanleiding om navraag te doen. Ik heb geen contact gehad met mijn Deense ambtgenoot, maar er is dus wel contact tussen de diensten. Eerst komt de informatie van de Denen, en dan pas komt er een weging of er al dan niet nog contact zou moeten zijn met de Amerikanen. Over het programma dat mevrouw Buitenweg noemt, kan ik nu niets zeggen. Mij zegt het hier eerlijk gezegd ook helemaal niks, maar dit gaat waarschijnlijk vrij diep de operatie in, dus ik betwijfel of ik daar een antwoord op zou kunnen geven. En we leren altijd lessen uit het verleden, maar sindsdien is de wet ook behoorlijk gewijzigd.",-0.5000000000000004,0.8660254037844384,0.7818314824680298,0.6234898018587336,0,1,0,0,0,2020,10,5.455321115357702,7.775695749915245,1,140,4.948759890378168,Other,False,False,False,False,True,False,False,False,False,False,False,2,0,0,0.0,test,0.9982,positive,0.9991,0.0009,1,1,1,1,0,1
009710e2-1754-49c0-82ea-60c9cd4cce37,6a2023e6-6cbb-4ff8-95b6-80e6543f6ce9,"25e vergadering, dinsdag 17 november 2020",2020-11-17,202a4a38-3730-46d3-b99b-dafe07137596,Vragenuur,Vragenuur,Vragenuur,5d41bb8f-274a-45b1-9068-04e921f39d2a,Ollongren,,minister van Binnenlandse Zaken en Koninkrijksrelaties,2020-11-17 14:26:56,2020-11-17 14:30:49,0,"Dank, voorzitter. Dank aan mevrouw Buitenweg. Naar aanleiding van de berichtgeving stelt zij deze vragen. Dat kan ik mij heel goed voorstellen. Misschien eerst gewoon even de situatie zoals ik die nu ken. Denemarken heeft zelf aangekondigd onafhankelijk onderzoek in te stellen. Het feit dat Nederland in de berichtgeving wordt genoemd als een van de landen, heeft er bij ons toe geleid dat de AIVD natuurlijk bij de collega-dienst navraag doet om de feiten te leren kennen en precies te weten te komen hoe de vork in de steel steekt. Afhankelijk van die feiten kunnen er natuurlijk nog vervolgacties komen. Een deel van de vragen van mevrouw Buitenweg kan ik nu dus nog niet beantwoorden, omdat ik die feiten nog niet heb. Ik wil ook vooraf onderstrepen — het is vanzelfsprekend, maar ik doe het toch, ter geruststelling van mevrouw Buitenweg — dat wij natuurlijk binnen het kader van de wet werken. Dat geldt voor het werk van de diensten, maar het geldt ook voor de samenwerking van onze diensten met andere diensten. Dat geldt eigenlijk altijd. Die wet is natuurlijk aangepast: er is een nieuwe Wiv. Die is dus anders dan in het jaar waar mevrouw Buitenweg het over heeft. Maar dat is helemaal geborgd doordat wij altijd kijken wat de wenselijke samenwerking is die wij met een andere dienst willen. Hoe leggen we die vast? Dat gebeurt in de zogenaamde wegingsnotitie. Welke risico's zien we? Welke mitigerende maatregelen zijn er in dat geval nodig? En dat kunnen we ook heroverwegen. Dat wilde ik even vooraf zeggen. Dan even ingaand op de vragen van mevrouw Buitenweg. Zijn wij wel of niet verrast? Kijk, wij volgen natuurlijk ook de media. Er was al eerder wat berichtgeving over de Deense dienst. Dat was dus niet een verrassing, maar dit nieuwe bericht geeft in ieder geval aanleiding om navraag te doen. Ik heb geen contact gehad met mijn Deense ambtgenoot, maar er is dus wel contact tussen de diensten. Eerst komt de informatie van de Denen, en dan pas komt er een weging of er al dan niet nog contact zou moeten zijn met de Amerikanen. Over het programma dat mevrouw Buitenweg noemt, kan ik nu niets zeggen. Mij zegt het hier eerlijk gezegd ook helemaal niks, maar dit gaat waarschijnlijk vrij diep de operatie in, dus ik betwijfel of ik daar een antwoord op zou kunnen geven. En we leren altijd lessen uit het verleden, maar sindsdien is de wet ook behoorlijk gewijzigd.",verslagen_xml\a79650fe-7374-411e-bd1a-00b29ac3afc5.xml,2020-11-17,22e0b641-74cc-4a9b-aa76-7a4244e7868d,Stemmingen,Stemmingen,2020-11-17 14:00:00,2020-11-17 14:00:00,2020-11-17 14:45:00,Uitgevoerd,2020-2021,Tweede Kamer,1616.0,27d09ee9-ec13-4699-b8fb-0b254094ade5,a3b86de1-2b96-4351-bb4d-19674831d108,Stemmen - aangenomen,1,233.0,14,1,11,0,afternoon,-0.4999999999999997,-0.8660254037844388,2381,596,"Dank, voorzitter. Dank aan mevrouw Buitenweg. Naar aanleiding van de berichtgeving stelt zij deze vragen. Dat kan ik mij heel goed voorstellen. Misschien eerst gewoon even de situatie zoals ik die nu ken. Denemarken heeft zelf aangekondigd onafhankelijk onderzoek in te stellen. Het feit dat Nederland in de berichtgeving wordt genoemd als een van de landen, heeft er bij ons toe geleid dat de AIVD natuurlijk bij de collega-dienst navraag doet om de feiten te leren kennen en precies te weten te komen hoe de vork in de steel steekt. Afhankelijk van die feiten kunnen er natuurlijk nog vervolgacties komen. Een deel van de vragen van mevrouw Buitenweg kan ik nu dus nog niet beantwoorden, omdat ik die feiten nog niet heb. Ik wil ook vooraf onderstrepen het is vanzelfsprekend, maar ik doe het toch, ter geruststelling van mevrouw Buitenweg dat wij natuurlijk binnen het kader van de wet werken. Dat geldt voor het werk van de diensten, maar het geldt ook voor de samenwerking van onze diensten met andere diensten. Dat geldt eigenlijk altijd. Die wet is natuurlijk aangepast: er is een nieuwe Wiv. Die is dus anders dan in het jaar waar mevrouw Buitenweg het over heeft. Maar dat is helemaal geborgd doordat wij altijd kijken wat de wenselijke samenwerking is die wij met een andere dienst willen. Hoe leggen we die vast? Dat gebeurt in de zogenaamde wegingsnotitie. Welke risico's zien we? Welke mitigerende maatregelen zijn er in dat geval nodig? En dat kunnen we ook heroverwegen. Dat wilde ik even vooraf zeggen. Dan even ingaand op de vragen van mevrouw Buitenweg. Zijn wij wel of niet verrast? Kijk, wij volgen natuurlijk ook de media. Er was al eerder wat berichtgeving over de Deense dienst. Dat was dus niet een verrassing, maar dit nieuwe bericht geeft in ieder geval aanleiding om navraag te doen. Ik heb geen contact gehad met mijn Deense ambtgenoot, maar er is dus wel contact tussen de diensten. Eerst komt de informatie van de Denen, en dan pas komt er een weging of er al dan niet nog contact zou moeten zijn met de Amerikanen. Over het programma dat mevrouw Buitenweg noemt, kan ik nu niets zeggen. Mij zegt het hier eerlijk gezegd ook helemaal niks, maar dit gaat waarschijnlijk vrij diep de operatie in, dus ik betwijfel of ik daar een antwoord op zou kunnen geven. En we leren altijd lessen uit het verleden, maar sindsdien is de wet ook behoorlijk gewijzigd.",-0.5000000000000004,0.8660254037844384,0.7818314824680298,0.6234898018587336,0,1,0,0,0,2020,10,5.455321115357702,7.775695749915245,1,140,4.948759890378168,Other,False,False,False,False,True,False,False,False,False,False,False,2,0,0,0.0,test,0.9982,positive,0.9991,0.0009,1,1,1,1,0,1
009710e2-1754-49c0-82ea-60c9cd4cce37,6a2023e6-6cbb-4ff8-95b6-80e6543f6ce9,"25e vergadering, dinsdag 17 november 2020",2020-11-17,202a4a38-3730-46d3-b99b-dafe07137596,Vragenuur,Vragenuur,Vragenuur,5d41bb8f-274a-45b1-9068-04e921f39d2a,Ollongren,,minister van Binnenlandse Zaken en Koninkrijksrelaties,2020-11-17 14:26:56,2020-11-17 14:30:49,0,"Dank, voorzitter. Dank aan mevrouw Buitenweg. Naar aanleiding van de berichtgeving stelt zij deze vragen. Dat kan ik mij heel goed voorstellen. Misschien eerst gewoon even de situatie zoals ik die nu ken. Denemarken heeft zelf aangekondigd onafhankelijk onderzoek in te stellen. Het feit dat Nederland in de berichtgeving wordt genoemd als een van de landen, heeft er bij ons toe geleid dat de AIVD natuurlijk bij de collega-dienst navraag doet om de feiten te leren kennen en precies te weten te komen hoe de vork in de steel steekt. Afhankelijk van die feiten kunnen er natuurlijk nog vervolgacties komen. Een deel van de vragen van mevrouw Buitenweg kan ik nu dus nog niet beantwoorden, omdat ik die feiten nog niet heb. Ik wil ook vooraf onderstrepen — het is vanzelfsprekend, maar ik doe het toch, ter geruststelling van mevrouw Buitenweg — dat wij natuurlijk binnen het kader van de wet werken. Dat geldt voor het werk van de diensten, maar het geldt ook voor de samenwerking van onze diensten met andere diensten. Dat geldt eigenlijk altijd. Die wet is natuurlijk aangepast: er is een nieuwe Wiv. Die is dus anders dan in het jaar waar mevrouw Buitenweg het over heeft. Maar dat is helemaal geborgd doordat wij altijd kijken wat de wenselijke samenwerking is die wij met een andere dienst willen. Hoe leggen we die vast? Dat gebeurt in de zogenaamde wegingsnotitie. Welke risico's zien we? Welke mitigerende maatregelen zijn er in dat geval nodig? En dat kunnen we ook heroverwegen. Dat wilde ik even vooraf zeggen. Dan even ingaand op de vragen van mevrouw Buitenweg. Zijn wij wel of niet verrast? Kijk, wij volgen natuurlijk ook de media. Er was al eerder wat berichtgeving over de Deense dienst. Dat was dus niet een verrassing, maar dit nieuwe bericht geeft in ieder geval aanleiding om navraag te doen. Ik heb geen contact gehad met mijn Deense ambtgenoot, maar er is dus wel contact tussen de diensten. Eerst komt de informatie van de Denen, en dan pas komt er een weging of er al dan niet nog contact zou moeten zijn met de Amerikanen. Over het programma dat mevrouw Buitenweg noemt, kan ik nu niets zeggen. Mij zegt het hier eerlijk gezegd ook helemaal niks, maar dit gaat waarschijnlijk vrij diep de operatie in, dus ik betwijfel of ik daar een antwoord op zou kunnen geven. En we leren altijd lessen uit het verleden, maar sindsdien is de wet ook behoorlijk gewijzigd.",verslagen_xml\a79650fe-7374-411e-bd1a-00b29ac3afc5.xml,2020-11-17,22e0b641-74cc-4a9b-aa76-7a4244e7868d,Stemmingen,Stemmingen,2020-11-17 14:00:00,2020-11-17 14:00:00,2020-11-17 14:45:00,Uitgevoerd,2020-2021,Tweede Kamer,1616.0,27d09ee9-ec13-4699-b8fb-0b254094ade5,c6e0a08f-e990-468a-97fc-20db7e2cda90,Stemmen - aangenomen,1,233.0,14,1,11,0,afternoon,-0.4999999999999997,-0.8660254037844388,2381,596,"Dank, voorzitter. Dank aan mevrouw Buitenweg. Naar aanleiding van de berichtgeving stelt zij deze vragen. Dat kan ik mij heel goed voorstellen. Misschien eerst gewoon even de situatie zoals ik die nu ken. Denemarken heeft zelf aangekondigd onafhankelijk onderzoek in te stellen. Het feit dat Nederland in de berichtgeving wordt genoemd als een van de landen, heeft er bij ons toe geleid dat de AIVD natuurlijk bij de collega-dienst navraag doet om de feiten te leren kennen en precies te weten te komen hoe de vork in de steel steekt. Afhankelijk van die feiten kunnen er natuurlijk nog vervolgacties komen. Een deel van de vragen van mevrouw Buitenweg kan ik nu dus nog niet beantwoorden, omdat ik die feiten nog niet heb. Ik wil ook vooraf onderstrepen het is vanzelfsprekend, maar ik doe het toch, ter geruststelling van mevrouw Buitenweg dat wij natuurlijk binnen het kader van de wet werken. Dat geldt voor het werk van de diensten, maar het geldt ook voor de samenwerking van onze diensten met andere diensten. Dat geldt eigenlijk altijd. Die wet is natuurlijk aangepast: er is een nieuwe Wiv. Die is dus anders dan in het jaar waar mevrouw Buitenweg het over heeft. Maar dat is helemaal geborgd doordat wij altijd kijken wat de wenselijke samenwerking is die wij met een andere dienst willen. Hoe leggen we die vast? Dat gebeurt in de zogenaamde wegingsnotitie. Welke risico's zien we? Welke mitigerende maatregelen zijn er in dat geval nodig? En dat kunnen we ook heroverwegen. Dat wilde ik even vooraf zeggen. Dan even ingaand op de vragen van mevrouw Buitenweg. Zijn wij wel of niet verrast? Kijk, wij volgen natuurlijk ook de media. Er was al eerder wat berichtgeving over de Deense dienst. Dat was dus niet een verrassing, maar dit nieuwe bericht geeft in ieder geval aanleiding om navraag te doen. Ik heb geen contact gehad met mijn Deense ambtgenoot, maar er is dus wel contact tussen de diensten. Eerst komt de informatie van de Denen, en dan pas komt er een weging of er al dan niet nog contact zou moeten zijn met de Amerikanen. Over het programma dat mevrouw Buitenweg noemt, kan ik nu niets zeggen. Mij zegt het hier eerlijk gezegd ook helemaal niks, maar dit gaat waarschijnlijk vrij diep de operatie in, dus ik betwijfel of ik daar een antwoord op zou kunnen geven. En we leren altijd lessen uit het verleden, maar sindsdien is de wet ook behoorlijk gewijzigd.",-0.5000000000000004,0.8660254037844384,0.7818314824680298,0.6234898018587336,0,1,0,0,0,2020,10,5.455321115357702,7.775695749915245,1,140,4.948759890378168,Other,False,False,False,False,True,False,False,False,False,False,False,2,0,0,0.0,test,0.9982,positive,0.9991,0.0009,1,1,1,1,0,1
009710e2-1754-49c0-82ea-60c9cd4cce37,6a2023e6-6cbb-4ff8-95b6-80e6543f6ce9,"25e vergadering, dinsdag 17 november 2020",2020-11-17,202a4a38-3730-46d3-b99b-dafe07137596,Vragenuur,Vragenuur,Vragenuur,5d41bb8f-274a-45b1-9068-04e921f39d2a,Ollongren,,minister van Binnenlandse Zaken en Koninkrijksrelaties,2020-11-17 14:26:56,2020-11-17 14:30:49,0,"Dank, voorzitter. Dank aan mevrouw Buitenweg. Naar aanleiding van de berichtgeving stelt zij deze vragen. Dat kan ik mij heel goed voorstellen. Misschien eerst gewoon even de situatie zoals ik die nu ken. Denemarken heeft zelf aangekondigd onafhankelijk onderzoek in te stellen. Het feit dat Nederland in de berichtgeving wordt genoemd als een van de landen, heeft er bij ons toe geleid dat de AIVD natuurlijk bij de collega-dienst navraag doet om de feiten te leren kennen en precies te weten te komen hoe de vork in de steel steekt. Afhankelijk van die feiten kunnen er natuurlijk nog vervolgacties komen. Een deel van de vragen van mevrouw Buitenweg kan ik nu dus nog niet beantwoorden, omdat ik die feiten nog niet heb. Ik wil ook vooraf onderstrepen — het is vanzelfsprekend, maar ik doe het toch, ter geruststelling van mevrouw Buitenweg — dat wij natuurlijk binnen het kader van de wet werken. Dat geldt voor het werk van de diensten, maar het geldt ook voor de samenwerking van onze diensten met andere diensten. Dat geldt eigenlijk altijd. Die wet is natuurlijk aangepast: er is een nieuwe Wiv. Die is dus anders dan in het jaar waar mevrouw Buitenweg het over heeft. Maar dat is helemaal geborgd doordat wij altijd kijken wat de wenselijke samenwerking is die wij met een andere dienst willen. Hoe leggen we die vast? Dat gebeurt in de zogenaamde wegingsnotitie. Welke risico's zien we? Welke mitigerende maatregelen zijn er in dat geval nodig? En dat kunnen we ook heroverwegen. Dat wilde ik even vooraf zeggen. Dan even ingaand op de vragen van mevrouw Buitenweg. Zijn wij wel of niet verrast? Kijk, wij volgen natuurlijk ook de media. Er was al eerder wat berichtgeving over de Deense dienst. Dat was dus niet een verrassing, maar dit nieuwe bericht geeft in ieder geval aanleiding om navraag te doen. Ik heb geen contact gehad met mijn Deense ambtgenoot, maar er is dus wel contact tussen de diensten. Eerst komt de informatie van de Denen, en dan pas komt er een weging of er al dan niet nog contact zou moeten zijn met de Amerikanen. Over het programma dat mevrouw Buitenweg noemt, kan ik nu niets zeggen. Mij zegt het hier eerlijk gezegd ook helemaal niks, maar dit gaat waarschijnlijk vrij diep de operatie in, dus ik betwijfel of ik daar een antwoord op zou kunnen geven. En we leren altijd lessen uit het verleden, maar sindsdien is de wet ook behoorlijk gewijzigd.",verslagen_xml\a79650fe-7374-411e-bd1a-00b29ac3afc5.xml,2020-11-17,22e0b641-74cc-4a9b-aa76-7a4244e7868d,Stemmingen,Stemmingen,2020-11-17 14:00:00,2020-11-17 14:00:00,2020-11-17 14:45:00,Uitgevoerd,2020-2021,Tweede Kamer,1616.0,27d09ee9-ec13-4699-b8fb-0b254094ade5,782f207f-7e47-4322-9fab-3ba388e266f1,Stemmen - aangenomen,1,233.0,14,1,11,0,afternoon,-0.4999999999999997,-0.8660254037844388,2381,596,"Dank, voorzitter. Dank aan mevrouw Buitenweg. Naar aanleiding van de berichtgeving stelt zij deze vragen. Dat kan ik mij heel goed voorstellen. Misschien eerst gewoon even de situatie zoals ik die nu ken. Denemarken heeft zelf aangekondigd onafhankelijk onderzoek in te stellen. Het feit dat Nederland in de berichtgeving wordt genoemd als een van de landen, heeft er bij ons toe geleid dat de AIVD natuurlijk bij de collega-dienst navraag doet om de feiten te leren kennen en precies te weten te komen hoe de vork in de steel steekt. Afhankelijk van die feiten kunnen er natuurlijk nog vervolgacties komen. Een deel van de vragen van mevrouw Buitenweg kan ik nu dus nog niet beantwoorden, omdat ik die feiten nog niet heb. Ik wil ook vooraf onderstrepen het is vanzelfsprekend, maar ik doe het toch, ter geruststelling van mevrouw Buitenweg dat wij natuurlijk binnen het kader van de wet werken. Dat geldt voor het werk van de diensten, maar het geldt ook voor de samenwerking van onze diensten met andere diensten. Dat geldt eigenlijk altijd. Die wet is natuurlijk aangepast: er is een nieuwe Wiv. Die is dus anders dan in het jaar waar mevrouw Buitenweg het over heeft. Maar dat is helemaal geborgd doordat wij altijd kijken wat de wenselijke samenwerking is die wij met een andere dienst willen. Hoe leggen we die vast? Dat gebeurt in de zogenaamde wegingsnotitie. Welke risico's zien we? Welke mitigerende maatregelen zijn er in dat geval nodig? En dat kunnen we ook heroverwegen. Dat wilde ik even vooraf zeggen. Dan even ingaand op de vragen van mevrouw Buitenweg. Zijn wij wel of niet verrast? Kijk, wij volgen natuurlijk ook de media. Er was al eerder wat berichtgeving over de Deense dienst. Dat was dus niet een verrassing, maar dit nieuwe bericht geeft in ieder geval aanleiding om navraag te doen. Ik heb geen contact gehad met mijn Deense ambtgenoot, maar er is dus wel contact tussen de diensten. Eerst komt de informatie van de Denen, en dan pas komt er een weging of er al dan niet nog contact zou moeten zijn met de Amerikanen. Over het programma dat mevrouw Buitenweg noemt, kan ik nu niets zeggen. Mij zegt het hier eerlijk gezegd ook helemaal niks, maar dit gaat waarschijnlijk vrij diep de operatie in, dus ik betwijfel of ik daar een antwoord op zou kunnen geven. En we leren altijd lessen uit het verleden, maar sindsdien is de wet ook behoorlijk gewijzigd.",-0.5000000000000004,0.8660254037844384,0.7818314824680298,0.6234898018587336,0,1,0,0,0,2020,10,5.455321115357702,7.775695749915245,1,140,4.948759890378168,Other,False,False,False,False,True,False,False,False,False,False,False,2,0,0,0.0,test,0.9982,positive,0.9991,0.0009,1,1,1,1,0,1
009710e2-1754-49c0-82ea-60c9cd4cce37,6a2023e6-6cbb-4ff8-95b6-80e6543f6ce9,"25e vergadering, dinsdag 17 november 2020",2020-11-17,202a4a38-3730-46d3-b99b-dafe07137596,Vragenuur,Vragenuur,Vragenuur,5d41bb8f-274a-45b1-9068-04e921f39d2a,Ollongren,,minister van Binnenlandse Zaken en Koninkrijksrelaties,2020-11-17 14:26:56,2020-11-17 14:30:49,0,"Dank, voorzitter. Dank aan mevrouw Buitenweg. Naar aanleiding van de berichtgeving stelt zij deze vragen. Dat kan ik mij heel goed voorstellen. Misschien eerst gewoon even de situatie zoals ik die nu ken. Denemarken heeft zelf aangekondigd onafhankelijk onderzoek in te stellen. Het feit dat Nederland in de berichtgeving wordt genoemd als een van de landen, heeft er bij ons toe geleid dat de AIVD natuurlijk bij de collega-dienst navraag doet om de feiten te leren kennen en precies te weten te komen hoe de vork in de steel steekt. Afhankelijk van die feiten kunnen er natuurlijk nog vervolgacties komen. Een deel van de vragen van mevrouw Buitenweg kan ik nu dus nog niet beantwoorden, omdat ik die feiten nog niet heb. Ik wil ook vooraf onderstrepen — het is vanzelfsprekend, maar ik doe het toch, ter geruststelling van mevrouw Buitenweg — dat wij natuurlijk binnen het kader van de wet werken. Dat geldt voor het werk van de diensten, maar het geldt ook voor de samenwerking van onze diensten met andere diensten. Dat geldt eigenlijk altijd. Die wet is natuurlijk aangepast: er is een nieuwe Wiv. Die is dus anders dan in het jaar waar mevrouw Buitenweg het over heeft. Maar dat is helemaal geborgd doordat wij altijd kijken wat de wenselijke samenwerking is die wij met een andere dienst willen. Hoe leggen we die vast? Dat gebeurt in de zogenaamde wegingsnotitie. Welke risico's zien we? Welke mitigerende maatregelen zijn er in dat geval nodig? En dat kunnen we ook heroverwegen. Dat wilde ik even vooraf zeggen. Dan even ingaand op de vragen van mevrouw Buitenweg. Zijn wij wel of niet verrast? Kijk, wij volgen natuurlijk ook de media. Er was al eerder wat berichtgeving over de Deense dienst. Dat was dus niet een verrassing, maar dit nieuwe bericht geeft in ieder geval aanleiding om navraag te doen. Ik heb geen contact gehad met mijn Deense ambtgenoot, maar er is dus wel contact tussen de diensten. Eerst komt de informatie van de Denen, en dan pas komt er een weging of er al dan niet nog contact zou moeten zijn met de Amerikanen. Over het programma dat mevrouw Buitenweg noemt, kan ik nu niets zeggen. Mij zegt het hier eerlijk gezegd ook helemaal niks, maar dit gaat waarschijnlijk vrij diep de operatie in, dus ik betwijfel of ik daar een antwoord op zou kunnen geven. En we leren altijd lessen uit het verleden, maar sindsdien is de wet ook behoorlijk gewijzigd.",verslagen_xml\a79650fe-7374-411e-bd1a-00b29ac3afc5.xml,2020-11-17,22e0b641-74cc-4a9b-aa76-7a4244e7868d,Stemmingen,Stemmingen,2020-11-17 14:00:00,2020-11-17 14:00:00,2020-11-17 14:45:00,Uitgevoerd,2020-2021,Tweede Kamer,1616.0,27d09ee9-ec13-4699-b8fb-0b254094ade5,38401dd4-f57c-4330-b75d-56eb97c1b24c,Stemmen - aangenomen,1,233.0,14,1,11,0,afternoon,-0.4999999999999997,-0.8660254037844388,2381,596,"Dank, voorzitter. Dank aan mevrouw Buitenweg. Naar aanleiding van de berichtgeving stelt zij deze vragen. Dat kan ik mij heel goed voorstellen. Misschien eerst gewoon even de situatie zoals ik die nu ken. Denemarken heeft zelf aangekondigd onafhankelijk onderzoek in te stellen. Het feit dat Nederland in de berichtgeving wordt genoemd als een van de landen, heeft er bij ons toe geleid dat de AIVD natuurlijk bij de collega-dienst navraag doet om de feiten te leren kennen en precies te weten te komen hoe de vork in de steel steekt. Afhankelijk van die feiten kunnen er natuurlijk nog vervolgacties komen. Een deel van de vragen van mevrouw Buitenweg kan ik nu dus nog niet beantwoorden, omdat ik die feiten nog niet heb. Ik wil ook vooraf onderstrepen het is vanzelfsprekend, maar ik doe het toch, ter geruststelling van mevrouw Buitenweg dat wij natuurlijk binnen het kader van de wet werken. Dat geldt voor het werk van de diensten, maar het geldt ook voor de samenwerking van onze diensten met andere diensten. Dat geldt eigenlijk altijd. Die wet is natuurlijk aangepast: er is een nieuwe Wiv. Die is dus anders dan in het jaar waar mevrouw Buitenweg het over heeft. Maar dat is helemaal geborgd doordat wij altijd kijken wat de wenselijke samenwerking is die wij met een andere dienst willen. Hoe leggen we die vast? Dat gebeurt in de zogenaamde wegingsnotitie. Welke risico's zien we? Welke mitigerende maatregelen zijn er in dat geval nodig? En dat kunnen we ook heroverwegen. Dat wilde ik even vooraf zeggen. Dan even ingaand op de vragen van mevrouw Buitenweg. Zijn wij wel of niet verrast? Kijk, wij volgen natuurlijk ook de media. Er was al eerder wat berichtgeving over de Deense dienst. Dat was dus niet een verrassing, maar dit nieuwe bericht geeft in ieder geval aanleiding om navraag te doen. Ik heb geen contact gehad met mijn Deense ambtgenoot, maar er is dus wel contact tussen de diensten. Eerst komt de informatie van de Denen, en dan pas komt er een weging of er al dan niet nog contact zou moeten zijn met de Amerikanen. Over het programma dat mevrouw Buitenweg noemt, kan ik nu niets zeggen. Mij zegt het hier eerlijk gezegd ook helemaal niks, maar dit gaat waarschijnlijk vrij diep de operatie in, dus ik betwijfel of ik daar een antwoord op zou kunnen geven. En we leren altijd lessen uit het verleden, maar sindsdien is de wet ook behoorlijk gewijzigd.",-0.5000000000000004,0.8660254037844384,0.7818314824680298,0.6234898018587336,0,1,0,0,0,2020,10,5.455321115357702,7.775695749915245,1,140,4.948759890378168,Other,False,False,False,False,True,False,False,False,False,False,False,2,0,0,0.0,test,0.9982,positive,0.9991,0.0009,1,1,1,1,0,1
009710e2-1754-49c0-82ea-60c9cd4cce37,6a2023e6-6cbb-4ff8-95b6-80e6543f6ce9,"25e vergadering, dinsdag 17 november 2020",2020-11-17,202a4a38-3730-46d3-b99b-dafe07137596,Vragenuur,Vragenuur,Vragenuur,5d41bb8f-274a-45b1-9068-04e921f39d2a,Ollongren,,minister van Binnenlandse Zaken en Koninkrijksrelaties,2020-11-17 14:26:56,2020-11-17 14:30:49,0,"Dank, voorzitter. Dank aan mevrouw Buitenweg. Naar aanleiding van de berichtgeving stelt zij deze vragen. Dat kan ik mij heel goed voorstellen. Misschien eerst gewoon even de situatie zoals ik die nu ken. Denemarken heeft zelf aangekondigd onafhankelijk onderzoek in te stellen. Het feit dat Nederland in de berichtgeving wordt genoemd als een van de landen, heeft er bij ons toe geleid dat de AIVD natuurlijk bij de collega-dienst navraag doet om de feiten te leren kennen en precies te weten te komen hoe de vork in de steel steekt. Afhankelijk van die feiten kunnen er natuurlijk nog vervolgacties komen. Een deel van de vragen van mevrouw Buitenweg kan ik nu dus nog niet beantwoorden, omdat ik die feiten nog niet heb. Ik wil ook vooraf onderstrepen — het is vanzelfsprekend, maar ik doe het toch, ter geruststelling van mevrouw Buitenweg — dat wij natuurlijk binnen het kader van de wet werken. Dat geldt voor het werk van de diensten, maar het geldt ook voor de samenwerking van onze diensten met andere diensten. Dat geldt eigenlijk altijd. Die wet is natuurlijk aangepast: er is een nieuwe Wiv. Die is dus anders dan in het jaar waar mevrouw Buitenweg het over heeft. Maar dat is helemaal geborgd doordat wij altijd kijken wat de wenselijke samenwerking is die wij met een andere dienst willen. Hoe leggen we die vast? Dat gebeurt in de zogenaamde wegingsnotitie. Welke risico's zien we? Welke mitigerende maatregelen zijn er in dat geval nodig? En dat kunnen we ook heroverwegen. Dat wilde ik even vooraf zeggen. Dan even ingaand op de vragen van mevrouw Buitenweg. Zijn wij wel of niet verrast? Kijk, wij volgen natuurlijk ook de media. Er was al eerder wat berichtgeving over de Deense dienst. Dat was dus niet een verrassing, maar dit nieuwe bericht geeft in ieder geval aanleiding om navraag te doen. Ik heb geen contact gehad met mijn Deense ambtgenoot, maar er is dus wel contact tussen de diensten. Eerst komt de informatie van de Denen, en dan pas komt er een weging of er al dan niet nog contact zou moeten zijn met de Amerikanen. Over het programma dat mevrouw Buitenweg noemt, kan ik nu niets zeggen. Mij zegt het hier eerlijk gezegd ook helemaal niks, maar dit gaat waarschijnlijk vrij diep de operatie in, dus ik betwijfel of ik daar een antwoord op zou kunnen geven. En we leren altijd lessen uit het verleden, maar sindsdien is de wet ook behoorlijk gewijzigd.",verslagen_xml\a79650fe-7374-411e-bd1a-00b29ac3afc5.xml,2020-11-17,22e0b641-74cc-4a9b-aa76-7a4244e7868d,Stemmingen,Stemmingen,2020-11-17 14:00:00,2020-11-17 14:00:00,2020-11-17 14:45:00,Uitgevoerd,2020-2021,Tweede Kamer,1616.0,27d09ee9-ec13-4699-b8fb-0b254094ade5,ebfc3d19-82cb-45d9-9d85-582344117a8a,Stemmen - verworpen,0,233.0,14,1,11,0,afternoon,-0.4999999999999997,-0.8660254037844388,2381,596,"Dank, voorzitter. Dank aan mevrouw Buitenweg. Naar aanleiding van de berichtgeving stelt zij deze vragen. Dat kan ik mij heel goed voorstellen. Misschien eerst gewoon even de situatie zoals ik die nu ken. Denemarken heeft zelf aangekondigd onafhankelijk onderzoek in te stellen. Het feit dat Nederland in de berichtgeving wordt genoemd als een van de landen, heeft er bij ons toe geleid dat de AIVD natuurlijk bij de collega-dienst navraag doet om de feiten te leren kennen en precies te weten te komen hoe de vork in de steel steekt. Afhankelijk van die feiten kunnen er natuurlijk nog vervolgacties komen. Een deel van de vragen van mevrouw Buitenweg kan ik nu dus nog niet beantwoorden, omdat ik die feiten nog niet heb. Ik wil ook vooraf onderstrepen het is vanzelfsprekend, maar ik doe het toch, ter geruststelling van mevrouw Buitenweg dat wij natuurlijk binnen het kader van de wet werken. Dat geldt voor het werk van de diensten, maar het geldt ook voor de samenwerking van onze diensten met andere diensten. Dat geldt eigenlijk altijd. Die wet is natuurlijk aangepast: er is een nieuwe Wiv. Die is dus anders dan in het jaar waar mevrouw Buitenweg het over heeft. Maar dat is helemaal geborgd doordat wij altijd kijken wat de wenselijke samenwerking is die wij met een andere dienst willen. Hoe leggen we die vast? Dat gebeurt in de zogenaamde wegingsnotitie. Welke risico's zien we? Welke mitigerende maatregelen zijn er in dat geval nodig? En dat kunnen we ook heroverwegen. Dat wilde ik even vooraf zeggen. Dan even ingaand op de vragen van mevrouw Buitenweg. Zijn wij wel of niet verrast? Kijk, wij volgen natuurlijk ook de media. Er was al eerder wat berichtgeving over de Deense dienst. Dat was dus niet een verrassing, maar dit nieuwe bericht geeft in ieder geval aanleiding om navraag te doen. Ik heb geen contact gehad met mijn Deense ambtgenoot, maar er is dus wel contact tussen de diensten. Eerst komt de informatie van de Denen, en dan pas komt er een weging of er al dan niet nog contact zou moeten zijn met de Amerikanen. Over het programma dat mevrouw Buitenweg noemt, kan ik nu niets zeggen. Mij zegt het hier eerlijk gezegd ook helemaal niks, maar dit gaat waarschijnlijk vrij diep de operatie in, dus ik betwijfel of ik daar een antwoord op zou kunnen geven. En we leren altijd lessen uit het verleden, maar sindsdien is de wet ook behoorlijk gewijzigd.",-0.5000000000000004,0.8660254037844384,0.7818314824680298,0.6234898018587336,0,1,0,0,0,2020,10,5.455321115357702,7.775695749915245,1,140,4.948759890378168,Other,False,False,False,False,True,False,False,False,False,False,False,2,0,0,0.0,test,0.9982,positive,0.9991,0.0009,1,1,1,1,0,1
009710e2-1754-49c0-82ea-60c9cd4cce37,6a2023e6-6cbb-4ff8-95b6-80e6543f6ce9,"25e vergadering, dinsdag 17 november 2020",2020-11-17,202a4a38-3730-46d3-b99b-dafe07137596,Vragenuur,Vragenuur,Vragenuur,5d41bb8f-274a-45b1-9068-04e921f39d2a,Ollongren,,minister van Binnenlandse Zaken en Koninkrijksrelaties,2020-11-17 14:26:56,2020-11-17 14:30:49,0,"Dank, voorzitter. Dank aan mevrouw Buitenweg. Naar aanleiding van de berichtgeving stelt zij deze vragen. Dat kan ik mij heel goed voorstellen. Misschien eerst gewoon even de situatie zoals ik die nu ken. Denemarken heeft zelf aangekondigd onafhankelijk onderzoek in te stellen. Het feit dat Nederland in de berichtgeving wordt genoemd als een van de landen, heeft er bij ons toe geleid dat de AIVD natuurlijk bij de collega-dienst navraag doet om de feiten te leren kennen en precies te weten te komen hoe de vork in de steel steekt. Afhankelijk van die feiten kunnen er natuurlijk nog vervolgacties komen. Een deel van de vragen van mevrouw Buitenweg kan ik nu dus nog niet beantwoorden, omdat ik die feiten nog niet heb. Ik wil ook vooraf onderstrepen — het is vanzelfsprekend, maar ik doe het toch, ter geruststelling van mevrouw Buitenweg — dat wij natuurlijk binnen het kader van de wet werken. Dat geldt voor het werk van de diensten, maar het geldt ook voor de samenwerking van onze diensten met andere diensten. Dat geldt eigenlijk altijd. Die wet is natuurlijk aangepast: er is een nieuwe Wiv. Die is dus anders dan in het jaar waar mevrouw Buitenweg het over heeft. Maar dat is helemaal geborgd doordat wij altijd kijken wat de wenselijke samenwerking is die wij met een andere dienst willen. Hoe leggen we die vast? Dat gebeurt in de zogenaamde wegingsnotitie. Welke risico's zien we? Welke mitigerende maatregelen zijn er in dat geval nodig? En dat kunnen we ook heroverwegen. Dat wilde ik even vooraf zeggen. Dan even ingaand op de vragen van mevrouw Buitenweg. Zijn wij wel of niet verrast? Kijk, wij volgen natuurlijk ook de media. Er was al eerder wat berichtgeving over de Deense dienst. Dat was dus niet een verrassing, maar dit nieuwe bericht geeft in ieder geval aanleiding om navraag te doen. Ik heb geen contact gehad met mijn Deense ambtgenoot, maar er is dus wel contact tussen de diensten. Eerst komt de informatie van de Denen, en dan pas komt er een weging of er al dan niet nog contact zou moeten zijn met de Amerikanen. Over het programma dat mevrouw Buitenweg noemt, kan ik nu niets zeggen. Mij zegt het hier eerlijk gezegd ook helemaal niks, maar dit gaat waarschijnlijk vrij diep de operatie in, dus ik betwijfel of ik daar een antwoord op zou kunnen geven. En we leren altijd lessen uit het verleden, maar sindsdien is de wet ook behoorlijk gewijzigd.",verslagen_xml\a79650fe-7374-411e-bd1a-00b29ac3afc5.xml,2020-11-17,22e0b641-74cc-4a9b-aa76-7a4244e7868d,Stemmingen,Stemmingen,2020-11-17 14:00:00,2020-11-17 14:00:00,2020-11-17 14:45:00,Uitgevoerd,2020-2021,Tweede Kamer,1616.0,27d09ee9-ec13-4699-b8fb-0b254094ade5,483eab00-7e93-472a-8a28-6ebe2d9d6ac0,Stemmen - aangenomen,1,233.0,14,1,11,0,afternoon,-0.4999999999999997,-0.8660254037844388,2381,596,"Dank, voorzitter. Dank aan mevrouw Buitenweg. Naar aanleiding van de berichtgeving stelt zij deze vragen. Dat kan ik mij heel goed voorstellen. Misschien eerst gewoon even de situatie zoals ik die nu ken. Denemarken heeft zelf aangekondigd onafhankelijk onderzoek in te stellen. Het feit dat Nederland in de berichtgeving wordt genoemd als een van de landen, heeft er bij ons toe geleid dat de AIVD natuurlijk bij de collega-dienst navraag doet om de feiten te leren kennen en precies te weten te komen hoe de vork in de steel steekt. Afhankelijk van die feiten kunnen er natuurlijk nog vervolgacties komen. Een deel van de vragen van mevrouw Buitenweg kan ik nu dus nog niet beantwoorden, omdat ik die feiten nog niet heb. Ik wil ook vooraf onderstrepen het is vanzelfsprekend, maar ik doe het toch, ter geruststelling van mevrouw Buitenweg dat wij natuurlijk binnen het kader van de wet werken. Dat geldt voor het werk van de diensten, maar het geldt ook voor de samenwerking van onze diensten met andere diensten. Dat geldt eigenlijk altijd. Die wet is natuurlijk aangepast: er is een nieuwe Wiv. Die is dus anders dan in het jaar waar mevrouw Buitenweg het over heeft. Maar dat is helemaal geborgd doordat wij altijd kijken wat de wenselijke samenwerking is die wij met een andere dienst willen. Hoe leggen we die vast? Dat gebeurt in de zogenaamde wegingsnotitie. Welke risico's zien we? Welke mitigerende maatregelen zijn er in dat geval nodig? En dat kunnen we ook heroverwegen. Dat wilde ik even vooraf zeggen. Dan even ingaand op de vragen van mevrouw Buitenweg. Zijn wij wel of niet verrast? Kijk, wij volgen natuurlijk ook de media. Er was al eerder wat berichtgeving over de Deense dienst. Dat was dus niet een verrassing, maar dit nieuwe bericht geeft in ieder geval aanleiding om navraag te doen. Ik heb geen contact gehad met mijn Deense ambtgenoot, maar er is dus wel contact tussen de diensten. Eerst komt de informatie van de Denen, en dan pas komt er een weging of er al dan niet nog contact zou moeten zijn met de Amerikanen. Over het programma dat mevrouw Buitenweg noemt, kan ik nu niets zeggen. Mij zegt het hier eerlijk gezegd ook helemaal niks, maar dit gaat waarschijnlijk vrij diep de operatie in, dus ik betwijfel of ik daar een antwoord op zou kunnen geven. En we leren altijd lessen uit het verleden, maar sindsdien is de wet ook behoorlijk gewijzigd.",-0.5000000000000004,0.8660254037844384,0.7818314824680298,0.6234898018587336,0,1,0,0,0,2020,10,5.455321115357702,7.775695749915245,1,140,4.948759890378168,Other,False,False,False,False,True,False,False,False,False,False,False,2,0,0,0.0,test,0.9982,positive,0.9991,0.0009,1,1,1,1,0,1
009710e2-1754-49c0-82ea-60c9cd4cce37,6a2023e6-6cbb-4ff8-95b6-80e6543f6ce9,"25e vergadering, dinsdag 17 november 2020",2020-11-17,202a4a38-3730-46d3-b99b-dafe07137596,Vragenuur,Vragenuur,Vragenuur,5d41bb8f-274a-45b1-9068-04e921f39d2a,Ollongren,,minister van Binnenlandse Zaken en Koninkrijksrelaties,2020-11-17 14:26:56,2020-11-17 14:30:49,0,"Dank, voorzitter. Dank aan mevrouw Buitenweg. Naar aanleiding van de berichtgeving stelt zij deze vragen. Dat kan ik mij heel goed voorstellen. Misschien eerst gewoon even de situatie zoals ik die nu ken. Denemarken heeft zelf aangekondigd onafhankelijk onderzoek in te stellen. Het feit dat Nederland in de berichtgeving wordt genoemd als een van de landen, heeft er bij ons toe geleid dat de AIVD natuurlijk bij de collega-dienst navraag doet om de feiten te leren kennen en precies te weten te komen hoe de vork in de steel steekt. Afhankelijk van die feiten kunnen er natuurlijk nog vervolgacties komen. Een deel van de vragen van mevrouw Buitenweg kan ik nu dus nog niet beantwoorden, omdat ik die feiten nog niet heb. Ik wil ook vooraf onderstrepen — het is vanzelfsprekend, maar ik doe het toch, ter geruststelling van mevrouw Buitenweg — dat wij natuurlijk binnen het kader van de wet werken. Dat geldt voor het werk van de diensten, maar het geldt ook voor de samenwerking van onze diensten met andere diensten. Dat geldt eigenlijk altijd. Die wet is natuurlijk aangepast: er is een nieuwe Wiv. Die is dus anders dan in het jaar waar mevrouw Buitenweg het over heeft. Maar dat is helemaal geborgd doordat wij altijd kijken wat de wenselijke samenwerking is die wij met een andere dienst willen. Hoe leggen we die vast? Dat gebeurt in de zogenaamde wegingsnotitie. Welke risico's zien we? Welke mitigerende maatregelen zijn er in dat geval nodig? En dat kunnen we ook heroverwegen. Dat wilde ik even vooraf zeggen. Dan even ingaand op de vragen van mevrouw Buitenweg. Zijn wij wel of niet verrast? Kijk, wij volgen natuurlijk ook de media. Er was al eerder wat berichtgeving over de Deense dienst. Dat was dus niet een verrassing, maar dit nieuwe bericht geeft in ieder geval aanleiding om navraag te doen. Ik heb geen contact gehad met mijn Deense ambtgenoot, maar er is dus wel contact tussen de diensten. Eerst komt de informatie van de Denen, en dan pas komt er een weging of er al dan niet nog contact zou moeten zijn met de Amerikanen. Over het programma dat mevrouw Buitenweg noemt, kan ik nu niets zeggen. Mij zegt het hier eerlijk gezegd ook helemaal niks, maar dit gaat waarschijnlijk vrij diep de operatie in, dus ik betwijfel of ik daar een antwoord op zou kunnen geven. En we leren altijd lessen uit het verleden, maar sindsdien is de wet ook behoorlijk gewijzigd.",verslagen_xml\a79650fe-7374-411e-bd1a-00b29ac3afc5.xml,2020-11-17,22e0b641-74cc-4a9b-aa76-7a4244e7868d,Stemmingen,Stemmingen,2020-11-17 14:00:00,2020-11-17 14:00:00,2020-11-17 14:45:00,Uitgevoerd,2020-2021,Tweede Kamer,1616.0,27d09ee9-ec13-4699-b8fb-0b254094ade5,5fc24597-db68-46a8-9d8f-7c5accb586ca,Stemmen - aangenomen,1,233.0,14,1,11,0,afternoon,-0.4999999999999997,-0.8660254037844388,2381,596,"Dank, voorzitter. Dank aan mevrouw Buitenweg. Naar aanleiding van de berichtgeving stelt zij deze vragen. Dat kan ik mij heel goed voorstellen. Misschien eerst gewoon even de situatie zoals ik die nu ken. Denemarken heeft zelf aangekondigd onafhankelijk onderzoek in te stellen. Het feit dat Nederland in de berichtgeving wordt genoemd als een van de landen, heeft er bij ons toe geleid dat de AIVD natuurlijk bij de collega-dienst navraag doet om de feiten te leren kennen en precies te weten te komen hoe de vork in de steel steekt. Afhankelijk van die feiten kunnen er natuurlijk nog vervolgacties komen. Een deel van de vragen van mevrouw Buitenweg kan ik nu dus nog niet beantwoorden, omdat ik die feiten nog niet heb. Ik wil ook vooraf onderstrepen het is vanzelfsprekend, maar ik doe het toch, ter geruststelling van mevrouw Buitenweg dat wij natuurlijk binnen het kader van de wet werken. Dat geldt voor het werk van de diensten, maar het geldt ook voor de samenwerking van onze diensten met andere diensten. Dat geldt eigenlijk altijd. Die wet is natuurlijk aangepast: er is een nieuwe Wiv. Die is dus anders dan in het jaar waar mevrouw Buitenweg het over heeft. Maar dat is helemaal geborgd doordat wij altijd kijken wat de wenselijke samenwerking is die wij met een andere dienst willen. Hoe leggen we die vast? Dat gebeurt in de zogenaamde wegingsnotitie. Welke risico's zien we? Welke mitigerende maatregelen zijn er in dat geval nodig? En dat kunnen we ook heroverwegen. Dat wilde ik even vooraf zeggen. Dan even ingaand op de vragen van mevrouw Buitenweg. Zijn wij wel of niet verrast? Kijk, wij volgen natuurlijk ook de media. Er was al eerder wat berichtgeving over de Deense dienst. Dat was dus niet een verrassing, maar dit nieuwe bericht geeft in ieder geval aanleiding om navraag te doen. Ik heb geen contact gehad met mijn Deense ambtgenoot, maar er is dus wel contact tussen de diensten. Eerst komt de informatie van de Denen, en dan pas komt er een weging of er al dan niet nog contact zou moeten zijn met de Amerikanen. Over het programma dat mevrouw Buitenweg noemt, kan ik nu niets zeggen. Mij zegt het hier eerlijk gezegd ook helemaal niks, maar dit gaat waarschijnlijk vrij diep de operatie in, dus ik betwijfel of ik daar een antwoord op zou kunnen geven. En we leren altijd lessen uit het verleden, maar sindsdien is de wet ook behoorlijk gewijzigd.",-0.5000000000000004,0.8660254037844384,0.7818314824680298,0.6234898018587336,0,1,0,0,0,2020,10,5.455321115357702,7.775695749915245,1,140,4.948759890378168,Other,False,False,False,False,True,False,False,False,False,False,False,2,0,0,0.0,test,0.9982,positive,0.9991,0.0009,1,1,1,1,0,1
009710e2-1754-49c0-82ea-60c9cd4cce37,6a2023e6-6cbb-4ff8-95b6-80e6543f6ce9,"25e vergadering, dinsdag 17 november 2020",2020-11-17,202a4a38-3730-46d3-b99b-dafe07137596,Vragenuur,Vragenuur,Vragenuur,5d41bb8f-274a-45b1-9068-04e921f39d2a,Ollongren,,minister van Binnenlandse Zaken en Koninkrijksrelaties,2020-11-17 14:26:56,2020-11-17 14:30:49,0,"Dank, voorzitter. Dank aan mevrouw Buitenweg. Naar aanleiding van de berichtgeving stelt zij deze vragen. Dat kan ik mij heel goed voorstellen. Misschien eerst gewoon even de situatie zoals ik die nu ken. Denemarken heeft zelf aangekondigd onafhankelijk onderzoek in te stellen. Het feit dat Nederland in de berichtgeving wordt genoemd als een van de landen, heeft er bij ons toe geleid dat de AIVD natuurlijk bij de collega-dienst navraag doet om de feiten te leren kennen en precies te weten te komen hoe de vork in de steel steekt. Afhankelijk van die feiten kunnen er natuurlijk nog vervolgacties komen. Een deel van de vragen van mevrouw Buitenweg kan ik nu dus nog niet beantwoorden, omdat ik die feiten nog niet heb. Ik wil ook vooraf onderstrepen — het is vanzelfsprekend, maar ik doe het toch, ter geruststelling van mevrouw Buitenweg — dat wij natuurlijk binnen het kader van de wet werken. Dat geldt voor het werk van de diensten, maar het geldt ook voor de samenwerking van onze diensten met andere diensten. Dat geldt eigenlijk altijd. Die wet is natuurlijk aangepast: er is een nieuwe Wiv. Die is dus anders dan in het jaar waar mevrouw Buitenweg het over heeft. Maar dat is helemaal geborgd doordat wij altijd kijken wat de wenselijke samenwerking is die wij met een andere dienst willen. Hoe leggen we die vast? Dat gebeurt in de zogenaamde wegingsnotitie. Welke risico's zien we? Welke mitigerende maatregelen zijn er in dat geval nodig? En dat kunnen we ook heroverwegen. Dat wilde ik even vooraf zeggen. Dan even ingaand op de vragen van mevrouw Buitenweg. Zijn wij wel of niet verrast? Kijk, wij volgen natuurlijk ook de media. Er was al eerder wat berichtgeving over de Deense dienst. Dat was dus niet een verrassing, maar dit nieuwe bericht geeft in ieder geval aanleiding om navraag te doen. Ik heb geen contact gehad met mijn Deense ambtgenoot, maar er is dus wel contact tussen de diensten. Eerst komt de informatie van de Denen, en dan pas komt er een weging of er al dan niet nog contact zou moeten zijn met de Amerikanen. Over het programma dat mevrouw Buitenweg noemt, kan ik nu niets zeggen. Mij zegt het hier eerlijk gezegd ook helemaal niks, maar dit gaat waarschijnlijk vrij diep de operatie in, dus ik betwijfel of ik daar een antwoord op zou kunnen geven. En we leren altijd lessen uit het verleden, maar sindsdien is de wet ook behoorlijk gewijzigd.",verslagen_xml\a79650fe-7374-411e-bd1a-00b29ac3afc5.xml,2020-11-17,22e0b641-74cc-4a9b-aa76-7a4244e7868d,Stemmingen,Stemmingen,2020-11-17 14:00:00,2020-11-17 14:00:00,2020-11-17 14:45:00,Uitgevoerd,2020-2021,Tweede Kamer,1616.0,27d09ee9-ec13-4699-b8fb-0b254094ade5,7b93e38b-e60c-4944-8331-85f9efe57093,Stemmen - verworpen,0,233.0,14,1,11,0,afternoon,-0.4999999999999997,-0.8660254037844388,2381,596,"Dank, voorzitter. Dank aan mevrouw Buitenweg. Naar aanleiding van de berichtgeving stelt zij deze vragen. Dat kan ik mij heel goed voorstellen. Misschien eerst gewoon even de situatie zoals ik die nu ken. Denemarken heeft zelf aangekondigd onafhankelijk onderzoek in te stellen. Het feit dat Nederland in de berichtgeving wordt genoemd als een van de landen, heeft er bij ons toe geleid dat de AIVD natuurlijk bij de collega-dienst navraag doet om de feiten te leren kennen en precies te weten te komen hoe de vork in de steel steekt. Afhankelijk van die feiten kunnen er natuurlijk nog vervolgacties komen. Een deel van de vragen van mevrouw Buitenweg kan ik nu dus nog niet beantwoorden, omdat ik die feiten nog niet heb. Ik wil ook vooraf onderstrepen het is vanzelfsprekend, maar ik doe het toch, ter geruststelling van mevrouw Buitenweg dat wij natuurlijk binnen het kader van de wet werken. Dat geldt voor het werk van de diensten, maar het geldt ook voor de samenwerking van onze diensten met andere diensten. Dat geldt eigenlijk altijd. Die wet is natuurlijk aangepast: er is een nieuwe Wiv. Die is dus anders dan in het jaar waar mevrouw Buitenweg het over heeft. Maar dat is helemaal geborgd doordat wij altijd kijken wat de wenselijke samenwerking is die wij met een andere dienst willen. Hoe leggen we die vast? Dat gebeurt in de zogenaamde wegingsnotitie. Welke risico's zien we? Welke mitigerende maatregelen zijn er in dat geval nodig? En dat kunnen we ook heroverwegen. Dat wilde ik even vooraf zeggen. Dan even ingaand op de vragen van mevrouw Buitenweg. Zijn wij wel of niet verrast? Kijk, wij volgen natuurlijk ook de media. Er was al eerder wat berichtgeving over de Deense dienst. Dat was dus niet een verrassing, maar dit nieuwe bericht geeft in ieder geval aanleiding om navraag te doen. Ik heb geen contact gehad met mijn Deense ambtgenoot, maar er is dus wel contact tussen de diensten. Eerst komt de informatie van de Denen, en dan pas komt er een weging of er al dan niet nog contact zou moeten zijn met de Amerikanen. Over het programma dat mevrouw Buitenweg noemt, kan ik nu niets zeggen. Mij zegt het hier eerlijk gezegd ook helemaal niks, maar dit gaat waarschijnlijk vrij diep de operatie in, dus ik betwijfel of ik daar een antwoord op zou kunnen geven. En we leren altijd lessen uit het verleden, maar sindsdien is de wet ook behoorlijk gewijzigd.",-0.5000000000000004,0.8660254037844384,0.7818314824680298,0.6234898018587336,0,1,0,0,0,2020,10,5.455321115357702,7.775695749915245,1,140,4.948759890378168,Other,False,False,False,False,True,False,False,False,False,False,False,2,0,0,0.0,test,0.9982,positive,0.9991,0.0009,1,1,1,1,0,1
009710e2-1754-49c0-82ea-60c9cd4cce37,6a2023e6-6cbb-4ff8-95b6-80e6543f6ce9,"25e vergadering, dinsdag 17 november 2020",2020-11-17,202a4a38-3730-46d3-b99b-dafe07137596,Vragenuur,Vragenuur,Vragenuur,5d41bb8f-274a-45b1-9068-04e921f39d2a,Ollongren,,minister van Binnenlandse Zaken en Koninkrijksrelaties,2020-11-17 14:26:56,2020-11-17 14:30:49,0,"Dank, voorzitter. Dank aan mevrouw Buitenweg. Naar aanleiding van de berichtgeving stelt zij deze vragen. Dat kan ik mij heel goed voorstellen. Misschien eerst gewoon even de situatie zoals ik die nu ken. Denemarken heeft zelf aangekondigd onafhankelijk onderzoek in te stellen. Het feit dat Nederland in de berichtgeving wordt genoemd als een van de landen, heeft er bij ons toe geleid dat de AIVD natuurlijk bij de collega-dienst navraag doet om de feiten te leren kennen en precies te weten te komen hoe de vork in de steel steekt. Afhankelijk van die feiten kunnen er natuurlijk nog vervolgacties komen. Een deel van de vragen van mevrouw Buitenweg kan ik nu dus nog niet beantwoorden, omdat ik die feiten nog niet heb. Ik wil ook vooraf onderstrepen — het is vanzelfsprekend, maar ik doe het toch, ter geruststelling van mevrouw Buitenweg — dat wij natuurlijk binnen het kader van de wet werken. Dat geldt voor het werk van de diensten, maar het geldt ook voor de samenwerking van onze diensten met andere diensten. Dat geldt eigenlijk altijd. Die wet is natuurlijk aangepast: er is een nieuwe Wiv. Die is dus anders dan in het jaar waar mevrouw Buitenweg het over heeft. Maar dat is helemaal geborgd doordat wij altijd kijken wat de wenselijke samenwerking is die wij met een andere dienst willen. Hoe leggen we die vast? Dat gebeurt in de zogenaamde wegingsnotitie. Welke risico's zien we? Welke mitigerende maatregelen zijn er in dat geval nodig? En dat kunnen we ook heroverwegen. Dat wilde ik even vooraf zeggen. Dan even ingaand op de vragen van mevrouw Buitenweg. Zijn wij wel of niet verrast? Kijk, wij volgen natuurlijk ook de media. Er was al eerder wat berichtgeving over de Deense dienst. Dat was dus niet een verrassing, maar dit nieuwe bericht geeft in ieder geval aanleiding om navraag te doen. Ik heb geen contact gehad met mijn Deense ambtgenoot, maar er is dus wel contact tussen de diensten. Eerst komt de informatie van de Denen, en dan pas komt er een weging of er al dan niet nog contact zou moeten zijn met de Amerikanen. Over het programma dat mevrouw Buitenweg noemt, kan ik nu niets zeggen. Mij zegt het hier eerlijk gezegd ook helemaal niks, maar dit gaat waarschijnlijk vrij diep de operatie in, dus ik betwijfel of ik daar een antwoord op zou kunnen geven. En we leren altijd lessen uit het verleden, maar sindsdien is de wet ook behoorlijk gewijzigd.",verslagen_xml\a79650fe-7374-411e-bd1a-00b29ac3afc5.xml,2020-11-17,22e0b641-74cc-4a9b-aa76-7a4244e7868d,Stemmingen,Stemmingen,2020-11-17 14:00:00,2020-11-17 14:00:00,2020-11-17 14:45:00,Uitgevoerd,2020-2021,Tweede Kamer,1616.0,27d09ee9-ec13-4699-b8fb-0b254094ade5,68a36ae4-3c9b-417f-adb0-8d4344d2e779,Stemmen - aangenomen,1,233.0,14,1,11,0,afternoon,-0.4999999999999997,-0.8660254037844388,2381,596,"Dank, voorzitter. Dank aan mevrouw Buitenweg. Naar aanleiding van de berichtgeving stelt zij deze vragen. Dat kan ik mij heel goed voorstellen. Misschien eerst gewoon even de situatie zoals ik die nu ken. Denemarken heeft zelf aangekondigd onafhankelijk onderzoek in te stellen. Het feit dat Nederland in de berichtgeving wordt genoemd als een van de landen, heeft er bij ons toe geleid dat de AIVD natuurlijk bij de collega-dienst navraag doet om de feiten te leren kennen en precies te weten te komen hoe de vork in de steel steekt. Afhankelijk van die feiten kunnen er natuurlijk nog vervolgacties komen. Een deel van de vragen van mevrouw Buitenweg kan ik nu dus nog niet beantwoorden, omdat ik die feiten nog niet heb. Ik wil ook vooraf onderstrepen het is vanzelfsprekend, maar ik doe het toch, ter geruststelling van mevrouw Buitenweg dat wij natuurlijk binnen het kader van de wet werken. Dat geldt voor het werk van de diensten, maar het geldt ook voor de samenwerking van onze diensten met andere diensten. Dat geldt eigenlijk altijd. Die wet is natuurlijk aangepast: er is een nieuwe Wiv. Die is dus anders dan in het jaar waar mevrouw Buitenweg het over heeft. Maar dat is helemaal geborgd doordat wij altijd kijken wat de wenselijke samenwerking is die wij met een andere dienst willen. Hoe leggen we die vast? Dat gebeurt in de zogenaamde wegingsnotitie. Welke risico's zien we? Welke mitigerende maatregelen zijn er in dat geval nodig? En dat kunnen we ook heroverwegen. Dat wilde ik even vooraf zeggen. Dan even ingaand op de vragen van mevrouw Buitenweg. Zijn wij wel of niet verrast? Kijk, wij volgen natuurlijk ook de media. Er was al eerder wat berichtgeving over de Deense dienst. Dat was dus niet een verrassing, maar dit nieuwe bericht geeft in ieder geval aanleiding om navraag te doen. Ik heb geen contact gehad met mijn Deense ambtgenoot, maar er is dus wel contact tussen de diensten. Eerst komt de informatie van de Denen, en dan pas komt er een weging of er al dan niet nog contact zou moeten zijn met de Amerikanen. Over het programma dat mevrouw Buitenweg noemt, kan ik nu niets zeggen. Mij zegt het hier eerlijk gezegd ook helemaal niks, maar dit gaat waarschijnlijk vrij diep de operatie in, dus ik betwijfel of ik daar een antwoord op zou kunnen geven. En we leren altijd lessen uit het verleden, maar sindsdien is de wet ook behoorlijk gewijzigd.",-0.5000000000000004,0.8660254037844384,0.7818314824680298,0.6234898018587336,0,1,0,0,0,2020,10,5.455321115357702,7.775695749915245,1,140,4.948759890378168,Other,False,False,False,False,True,False,False,False,False,False,False,2,0,0,0.0,test,0.9982,positive,0.9991,0.0009,1,1,1,1,0,1
009710e2-1754-49c0-82ea-60c9cd4cce37,6a2023e6-6cbb-4ff8-95b6-80e6543f6ce9,"25e vergadering, dinsdag 17 november 2020",2020-11-17,202a4a38-3730-46d3-b99b-dafe07137596,Vragenuur,Vragenuur,Vragenuur,5d41bb8f-274a-45b1-9068-04e921f39d2a,Ollongren,,minister van Binnenlandse Zaken en Koninkrijksrelaties,2020-11-17 14:26:56,2020-11-17 14:30:49,0,"Dank, voorzitter. Dank aan mevrouw Buitenweg. Naar aanleiding van de berichtgeving stelt zij deze vragen. Dat kan ik mij heel goed voorstellen. Misschien eerst gewoon even de situatie zoals ik die nu ken. Denemarken heeft zelf aangekondigd onafhankelijk onderzoek in te stellen. Het feit dat Nederland in de berichtgeving wordt genoemd als een van de landen, heeft er bij ons toe geleid dat de AIVD natuurlijk bij de collega-dienst navraag doet om de feiten te leren kennen en precies te weten te komen hoe de vork in de steel steekt. Afhankelijk van die feiten kunnen er natuurlijk nog vervolgacties komen. Een deel van de vragen van mevrouw Buitenweg kan ik nu dus nog niet beantwoorden, omdat ik die feiten nog niet heb. Ik wil ook vooraf onderstrepen — het is vanzelfsprekend, maar ik doe het toch, ter geruststelling van mevrouw Buitenweg — dat wij natuurlijk binnen het kader van de wet werken. Dat geldt voor het werk van de diensten, maar het geldt ook voor de samenwerking van onze diensten met andere diensten. Dat geldt eigenlijk altijd. Die wet is natuurlijk aangepast: er is een nieuwe Wiv. Die is dus anders dan in het jaar waar mevrouw Buitenweg het over heeft. Maar dat is helemaal geborgd doordat wij altijd kijken wat de wenselijke samenwerking is die wij met een andere dienst willen. Hoe leggen we die vast? Dat gebeurt in de zogenaamde wegingsnotitie. Welke risico's zien we? Welke mitigerende maatregelen zijn er in dat geval nodig? En dat kunnen we ook heroverwegen. Dat wilde ik even vooraf zeggen. Dan even ingaand op de vragen van mevrouw Buitenweg. Zijn wij wel of niet verrast? Kijk, wij volgen natuurlijk ook de media. Er was al eerder wat berichtgeving over de Deense dienst. Dat was dus niet een verrassing, maar dit nieuwe bericht geeft in ieder geval aanleiding om navraag te doen. Ik heb geen contact gehad met mijn Deense ambtgenoot, maar er is dus wel contact tussen de diensten. Eerst komt de informatie van de Denen, en dan pas komt er een weging of er al dan niet nog contact zou moeten zijn met de Amerikanen. Over het programma dat mevrouw Buitenweg noemt, kan ik nu niets zeggen. Mij zegt het hier eerlijk gezegd ook helemaal niks, maar dit gaat waarschijnlijk vrij diep de operatie in, dus ik betwijfel of ik daar een antwoord op zou kunnen geven. En we leren altijd lessen uit het verleden, maar sindsdien is de wet ook behoorlijk gewijzigd.",verslagen_xml\a79650fe-7374-411e-bd1a-00b29ac3afc5.xml,2020-11-17,22e0b641-74cc-4a9b-aa76-7a4244e7868d,Stemmingen,Stemmingen,2020-11-17 14:00:00,2020-11-17 14:00:00,2020-11-17 14:45:00,Uitgevoerd,2020-2021,Tweede Kamer,1616.0,27d09ee9-ec13-4699-b8fb-0b254094ade5,554cb071-f70d-4016-973a-9c3ef383751f,Stemmen - aangenomen,1,233.0,14,1,11,0,afternoon,-0.4999999999999997,-0.8660254037844388,2381,596,"Dank, voorzitter. Dank aan mevrouw Buitenweg. Naar aanleiding van de berichtgeving stelt zij deze vragen. Dat kan ik mij heel goed voorstellen. Misschien eerst gewoon even de situatie zoals ik die nu ken. Denemarken heeft zelf aangekondigd onafhankelijk onderzoek in te stellen. Het feit dat Nederland in de berichtgeving wordt genoemd als een van de landen, heeft er bij ons toe geleid dat de AIVD natuurlijk bij de collega-dienst navraag doet om de feiten te leren kennen en precies te weten te komen hoe de vork in de steel steekt. Afhankelijk van die feiten kunnen er natuurlijk nog vervolgacties komen. Een deel van de vragen van mevrouw Buitenweg kan ik nu dus nog niet beantwoorden, omdat ik die feiten nog niet heb. Ik wil ook vooraf onderstrepen het is vanzelfsprekend, maar ik doe het toch, ter geruststelling van mevrouw Buitenweg dat wij natuurlijk binnen het kader van de wet werken. Dat geldt voor het werk van de diensten, maar het geldt ook voor de samenwerking van onze diensten met andere diensten. Dat geldt eigenlijk altijd. Die wet is natuurlijk aangepast: er is een nieuwe Wiv. Die is dus anders dan in het jaar waar mevrouw Buitenweg het over heeft. Maar dat is helemaal geborgd doordat wij altijd kijken wat de wenselijke samenwerking is die wij met een andere dienst willen. Hoe leggen we die vast? Dat gebeurt in de zogenaamde wegingsnotitie. Welke risico's zien we? Welke mitigerende maatregelen zijn er in dat geval nodig? En dat kunnen we ook heroverwegen. Dat wilde ik even vooraf zeggen. Dan even ingaand op de vragen van mevrouw Buitenweg. Zijn wij wel of niet verrast? Kijk, wij volgen natuurlijk ook de media. Er was al eerder wat berichtgeving over de Deense dienst. Dat was dus niet een verrassing, maar dit nieuwe bericht geeft in ieder geval aanleiding om navraag te doen. Ik heb geen contact gehad met mijn Deense ambtgenoot, maar er is dus wel contact tussen de diensten. Eerst komt de informatie van de Denen, en dan pas komt er een weging of er al dan niet nog contact zou moeten zijn met de Amerikanen. Over het programma dat mevrouw Buitenweg noemt, kan ik nu niets zeggen. Mij zegt het hier eerlijk gezegd ook helemaal niks, maar dit gaat waarschijnlijk vrij diep de operatie in, dus ik betwijfel of ik daar een antwoord op zou kunnen geven. En we leren altijd lessen uit het verleden, maar sindsdien is de wet ook behoorlijk gewijzigd.",-0.5000000000000004,0.8660254037844384,0.7818314824680298,0.6234898018587336,0,1,0,0,0,2020,10,5.455321115357702,7.775695749915245,1,140,4.948759890378168,Other,False,False,False,False,True,False,False,False,False,False,False,2,0,0,0.0,test,0.9982,positive,0.9991,0.0009,1,1,1,1,0,1
009710e2-1754-49c0-82ea-60c9cd4cce37,6a2023e6-6cbb-4ff8-95b6-80e6543f6ce9,"25e vergadering, dinsdag 17 november 2020",2020-11-17,202a4a38-3730-46d3-b99b-dafe07137596,Vragenuur,Vragenuur,Vragenuur,5d41bb8f-274a-45b1-9068-04e921f39d2a,Ollongren,,minister van Binnenlandse Zaken en Koninkrijksrelaties,2020-11-17 14:26:56,2020-11-17 14:30:49,0,"Dank, voorzitter. Dank aan mevrouw Buitenweg. Naar aanleiding van de berichtgeving stelt zij deze vragen. Dat kan ik mij heel goed voorstellen. Misschien eerst gewoon even de situatie zoals ik die nu ken. Denemarken heeft zelf aangekondigd onafhankelijk onderzoek in te stellen. Het feit dat Nederland in de berichtgeving wordt genoemd als een van de landen, heeft er bij ons toe geleid dat de AIVD natuurlijk bij de collega-dienst navraag doet om de feiten te leren kennen en precies te weten te komen hoe de vork in de steel steekt. Afhankelijk van die feiten kunnen er natuurlijk nog vervolgacties komen. Een deel van de vragen van mevrouw Buitenweg kan ik nu dus nog niet beantwoorden, omdat ik die feiten nog niet heb. Ik wil ook vooraf onderstrepen — het is vanzelfsprekend, maar ik doe het toch, ter geruststelling van mevrouw Buitenweg — dat wij natuurlijk binnen het kader van de wet werken. Dat geldt voor het werk van de diensten, maar het geldt ook voor de samenwerking van onze diensten met andere diensten. Dat geldt eigenlijk altijd. Die wet is natuurlijk aangepast: er is een nieuwe Wiv. Die is dus anders dan in het jaar waar mevrouw Buitenweg het over heeft. Maar dat is helemaal geborgd doordat wij altijd kijken wat de wenselijke samenwerking is die wij met een andere dienst willen. Hoe leggen we die vast? Dat gebeurt in de zogenaamde wegingsnotitie. Welke risico's zien we? Welke mitigerende maatregelen zijn er in dat geval nodig? En dat kunnen we ook heroverwegen. Dat wilde ik even vooraf zeggen. Dan even ingaand op de vragen van mevrouw Buitenweg. Zijn wij wel of niet verrast? Kijk, wij volgen natuurlijk ook de media. Er was al eerder wat berichtgeving over de Deense dienst. Dat was dus niet een verrassing, maar dit nieuwe bericht geeft in ieder geval aanleiding om navraag te doen. Ik heb geen contact gehad met mijn Deense ambtgenoot, maar er is dus wel contact tussen de diensten. Eerst komt de informatie van de Denen, en dan pas komt er een weging of er al dan niet nog contact zou moeten zijn met de Amerikanen. Over het programma dat mevrouw Buitenweg noemt, kan ik nu niets zeggen. Mij zegt het hier eerlijk gezegd ook helemaal niks, maar dit gaat waarschijnlijk vrij diep de operatie in, dus ik betwijfel of ik daar een antwoord op zou kunnen geven. En we leren altijd lessen uit het verleden, maar sindsdien is de wet ook behoorlijk gewijzigd.",verslagen_xml\a79650fe-7374-411e-bd1a-00b29ac3afc5.xml,2020-11-17,22e0b641-74cc-4a9b-aa76-7a4244e7868d,Stemmingen,Stemmingen,2020-11-17 14:00:00,2020-11-17 14:00:00,2020-11-17 14:45:00,Uitgevoerd,2020-2021,Tweede Kamer,1616.0,27d09ee9-ec13-4699-b8fb-0b254094ade5,a3eb265e-9a4e-4608-87aa-a6aae8fe5082,Stemmen - aangenomen,1,233.0,14,1,11,0,afternoon,-0.4999999999999997,-0.8660254037844388,2381,596,"Dank, voorzitter. Dank aan mevrouw Buitenweg. Naar aanleiding van de berichtgeving stelt zij deze vragen. Dat kan ik mij heel goed voorstellen. Misschien eerst gewoon even de situatie zoals ik die nu ken. Denemarken heeft zelf aangekondigd onafhankelijk onderzoek in te stellen. Het feit dat Nederland in de berichtgeving wordt genoemd als een van de landen, heeft er bij ons toe geleid dat de AIVD natuurlijk bij de collega-dienst navraag doet om de feiten te leren kennen en precies te weten te komen hoe de vork in de steel steekt. Afhankelijk van die feiten kunnen er natuurlijk nog vervolgacties komen. Een deel van de vragen van mevrouw Buitenweg kan ik nu dus nog niet beantwoorden, omdat ik die feiten nog niet heb. Ik wil ook vooraf onderstrepen het is vanzelfsprekend, maar ik doe het toch, ter geruststelling van mevrouw Buitenweg dat wij natuurlijk binnen het kader van de wet werken. Dat geldt voor het werk van de diensten, maar het geldt ook voor de samenwerking van onze diensten met andere diensten. Dat geldt eigenlijk altijd. Die wet is natuurlijk aangepast: er is een nieuwe Wiv. Die is dus anders dan in het jaar waar mevrouw Buitenweg het over heeft. Maar dat is helemaal geborgd doordat wij altijd kijken wat de wenselijke samenwerking is die wij met een andere dienst willen. Hoe leggen we die vast? Dat gebeurt in de zogenaamde wegingsnotitie. Welke risico's zien we? Welke mitigerende maatregelen zijn er in dat geval nodig? En dat kunnen we ook heroverwegen. Dat wilde ik even vooraf zeggen. Dan even ingaand op de vragen van mevrouw Buitenweg. Zijn wij wel of niet verrast? Kijk, wij volgen natuurlijk ook de media. Er was al eerder wat berichtgeving over de Deense dienst. Dat was dus niet een verrassing, maar dit nieuwe bericht geeft in ieder geval aanleiding om navraag te doen. Ik heb geen contact gehad met mijn Deense ambtgenoot, maar er is dus wel contact tussen de diensten. Eerst komt de informatie van de Denen, en dan pas komt er een weging of er al dan niet nog contact zou moeten zijn met de Amerikanen. Over het programma dat mevrouw Buitenweg noemt, kan ik nu niets zeggen. Mij zegt het hier eerlijk gezegd ook helemaal niks, maar dit gaat waarschijnlijk vrij diep de operatie in, dus ik betwijfel of ik daar een antwoord op zou kunnen geven. En we leren altijd lessen uit het verleden, maar sindsdien is de wet ook behoorlijk gewijzigd.",-0.5000000000000004,0.8660254037844384,0.7818314824680298,0.6234898018587336,0,1,0,0,0,2020,10,5.455321115357702,7.775695749915245,1,140,4.948759890378168,Other,False,False,False,False,True,False,False,False,False,False,False,2,0,0,0.0,test,0.9982,positive,0.9991,0.0009,1,1,1,1,0,1
009710e2-1754-49c0-82ea-60c9cd4cce37,6a2023e6-6cbb-4ff8-95b6-80e6543f6ce9,"25e vergadering, dinsdag 17 november 2020",2020-11-17,202a4a38-3730-46d3-b99b-dafe07137596,Vragenuur,Vragenuur,Vragenuur,5d41bb8f-274a-45b1-9068-04e921f39d2a,Ollongren,,minister van Binnenlandse Zaken en Koninkrijksrelaties,2020-11-17 14:26:56,2020-11-17 14:30:49,0,"Dank, voorzitter. Dank aan mevrouw Buitenweg. Naar aanleiding van de berichtgeving stelt zij deze vragen. Dat kan ik mij heel goed voorstellen. Misschien eerst gewoon even de situatie zoals ik die nu ken. Denemarken heeft zelf aangekondigd onafhankelijk onderzoek in te stellen. Het feit dat Nederland in de berichtgeving wordt genoemd als een van de landen, heeft er bij ons toe geleid dat de AIVD natuurlijk bij de collega-dienst navraag doet om de feiten te leren kennen en precies te weten te komen hoe de vork in de steel steekt. Afhankelijk van die feiten kunnen er natuurlijk nog vervolgacties komen. Een deel van de vragen van mevrouw Buitenweg kan ik nu dus nog niet beantwoorden, omdat ik die feiten nog niet heb. Ik wil ook vooraf onderstrepen — het is vanzelfsprekend, maar ik doe het toch, ter geruststelling van mevrouw Buitenweg — dat wij natuurlijk binnen het kader van de wet werken. Dat geldt voor het werk van de diensten, maar het geldt ook voor de samenwerking van onze diensten met andere diensten. Dat geldt eigenlijk altijd. Die wet is natuurlijk aangepast: er is een nieuwe Wiv. Die is dus anders dan in het jaar waar mevrouw Buitenweg het over heeft. Maar dat is helemaal geborgd doordat wij altijd kijken wat de wenselijke samenwerking is die wij met een andere dienst willen. Hoe leggen we die vast? Dat gebeurt in de zogenaamde wegingsnotitie. Welke risico's zien we? Welke mitigerende maatregelen zijn er in dat geval nodig? En dat kunnen we ook heroverwegen. Dat wilde ik even vooraf zeggen. Dan even ingaand op de vragen van mevrouw Buitenweg. Zijn wij wel of niet verrast? Kijk, wij volgen natuurlijk ook de media. Er was al eerder wat berichtgeving over de Deense dienst. Dat was dus niet een verrassing, maar dit nieuwe bericht geeft in ieder geval aanleiding om navraag te doen. Ik heb geen contact gehad met mijn Deense ambtgenoot, maar er is dus wel contact tussen de diensten. Eerst komt de informatie van de Denen, en dan pas komt er een weging of er al dan niet nog contact zou moeten zijn met de Amerikanen. Over het programma dat mevrouw Buitenweg noemt, kan ik nu niets zeggen. Mij zegt het hier eerlijk gezegd ook helemaal niks, maar dit gaat waarschijnlijk vrij diep de operatie in, dus ik betwijfel of ik daar een antwoord op zou kunnen geven. En we leren altijd lessen uit het verleden, maar sindsdien is de wet ook behoorlijk gewijzigd.",verslagen_xml\a79650fe-7374-411e-bd1a-00b29ac3afc5.xml,2020-11-17,22e0b641-74cc-4a9b-aa76-7a4244e7868d,Stemmingen,Stemmingen,2020-11-17 14:00:00,2020-11-17 14:00:00,2020-11-17 14:45:00,Uitgevoerd,2020-2021,Tweede Kamer,1616.0,27d09ee9-ec13-4699-b8fb-0b254094ade5,d07e77e3-97d0-4301-b354-ba46c971f7b7,Stemmen - verworpen,0,233.0,14,1,11,0,afternoon,-0.4999999999999997,-0.8660254037844388,2381,596,"Dank, voorzitter. Dank aan mevrouw Buitenweg. Naar aanleiding van de berichtgeving stelt zij deze vragen. Dat kan ik mij heel goed voorstellen. Misschien eerst gewoon even de situatie zoals ik die nu ken. Denemarken heeft zelf aangekondigd onafhankelijk onderzoek in te stellen. Het feit dat Nederland in de berichtgeving wordt genoemd als een van de landen, heeft er bij ons toe geleid dat de AIVD natuurlijk bij de collega-dienst navraag doet om de feiten te leren kennen en precies te weten te komen hoe de vork in de steel steekt. Afhankelijk van die feiten kunnen er natuurlijk nog vervolgacties komen. Een deel van de vragen van mevrouw Buitenweg kan ik nu dus nog niet beantwoorden, omdat ik die feiten nog niet heb. Ik wil ook vooraf onderstrepen het is vanzelfsprekend, maar ik doe het toch, ter geruststelling van mevrouw Buitenweg dat wij natuurlijk binnen het kader van de wet werken. Dat geldt voor het werk van de diensten, maar het geldt ook voor de samenwerking van onze diensten met andere diensten. Dat geldt eigenlijk altijd. Die wet is natuurlijk aangepast: er is een nieuwe Wiv. Die is dus anders dan in het jaar waar mevrouw Buitenweg het over heeft. Maar dat is helemaal geborgd doordat wij altijd kijken wat de wenselijke samenwerking is die wij met een andere dienst willen. Hoe leggen we die vast? Dat gebeurt in de zogenaamde wegingsnotitie. Welke risico's zien we? Welke mitigerende maatregelen zijn er in dat geval nodig? En dat kunnen we ook heroverwegen. Dat wilde ik even vooraf zeggen. Dan even ingaand op de vragen van mevrouw Buitenweg. Zijn wij wel of niet verrast? Kijk, wij volgen natuurlijk ook de media. Er was al eerder wat berichtgeving over de Deense dienst. Dat was dus niet een verrassing, maar dit nieuwe bericht geeft in ieder geval aanleiding om navraag te doen. Ik heb geen contact gehad met mijn Deense ambtgenoot, maar er is dus wel contact tussen de diensten. Eerst komt de informatie van de Denen, en dan pas komt er een weging of er al dan niet nog contact zou moeten zijn met de Amerikanen. Over het programma dat mevrouw Buitenweg noemt, kan ik nu niets zeggen. Mij zegt het hier eerlijk gezegd ook helemaal niks, maar dit gaat waarschijnlijk vrij diep de operatie in, dus ik betwijfel of ik daar een antwoord op zou kunnen geven. En we leren altijd lessen uit het verleden, maar sindsdien is de wet ook behoorlijk gewijzigd.",-0.5000000000000004,0.8660254037844384,0.7818314824680298,0.6234898018587336,0,1,0,0,0,2020,10,5.455321115357702,7.775695749915245,1,140,4.948759890378168,Other,False,False,False,False,True,False,False,False,False,False,False,2,0,0,0.0,test,0.9982,positive,0.9991,0.0009,1,1,1,1,0,1
009710e2-1754-49c0-82ea-60c9cd4cce37,6a2023e6-6cbb-4ff8-95b6-80e6543f6ce9,"25e vergadering, dinsdag 17 november 2020",2020-11-17,202a4a38-3730-46d3-b99b-dafe07137596,Vragenuur,Vragenuur,Vragenuur,5d41bb8f-274a-45b1-9068-04e921f39d2a,Ollongren,,minister van Binnenlandse Zaken en Koninkrijksrelaties,2020-11-17 14:26:56,2020-11-17 14:30:49,0,"Dank, voorzitter. Dank aan mevrouw Buitenweg. Naar aanleiding van de berichtgeving stelt zij deze vragen. Dat kan ik mij heel goed voorstellen. Misschien eerst gewoon even de situatie zoals ik die nu ken. Denemarken heeft zelf aangekondigd onafhankelijk onderzoek in te stellen. Het feit dat Nederland in de berichtgeving wordt genoemd als een van de landen, heeft er bij ons toe geleid dat de AIVD natuurlijk bij de collega-dienst navraag doet om de feiten te leren kennen en precies te weten te komen hoe de vork in de steel steekt. Afhankelijk van die feiten kunnen er natuurlijk nog vervolgacties komen. Een deel van de vragen van mevrouw Buitenweg kan ik nu dus nog niet beantwoorden, omdat ik die feiten nog niet heb. Ik wil ook vooraf onderstrepen — het is vanzelfsprekend, maar ik doe het toch, ter geruststelling van mevrouw Buitenweg — dat wij natuurlijk binnen het kader van de wet werken. Dat geldt voor het werk van de diensten, maar het geldt ook voor de samenwerking van onze diensten met andere diensten. Dat geldt eigenlijk altijd. Die wet is natuurlijk aangepast: er is een nieuwe Wiv. Die is dus anders dan in het jaar waar mevrouw Buitenweg het over heeft. Maar dat is helemaal geborgd doordat wij altijd kijken wat de wenselijke samenwerking is die wij met een andere dienst willen. Hoe leggen we die vast? Dat gebeurt in de zogenaamde wegingsnotitie. Welke risico's zien we? Welke mitigerende maatregelen zijn er in dat geval nodig? En dat kunnen we ook heroverwegen. Dat wilde ik even vooraf zeggen. Dan even ingaand op de vragen van mevrouw Buitenweg. Zijn wij wel of niet verrast? Kijk, wij volgen natuurlijk ook de media. Er was al eerder wat berichtgeving over de Deense dienst. Dat was dus niet een verrassing, maar dit nieuwe bericht geeft in ieder geval aanleiding om navraag te doen. Ik heb geen contact gehad met mijn Deense ambtgenoot, maar er is dus wel contact tussen de diensten. Eerst komt de informatie van de Denen, en dan pas komt er een weging of er al dan niet nog contact zou moeten zijn met de Amerikanen. Over het programma dat mevrouw Buitenweg noemt, kan ik nu niets zeggen. Mij zegt het hier eerlijk gezegd ook helemaal niks, maar dit gaat waarschijnlijk vrij diep de operatie in, dus ik betwijfel of ik daar een antwoord op zou kunnen geven. En we leren altijd lessen uit het verleden, maar sindsdien is de wet ook behoorlijk gewijzigd.",verslagen_xml\a79650fe-7374-411e-bd1a-00b29ac3afc5.xml,2020-11-17,22e0b641-74cc-4a9b-aa76-7a4244e7868d,Stemmingen,Stemmingen,2020-11-17 14:00:00,2020-11-17 14:00:00,2020-11-17 14:45:00,Uitgevoerd,2020-2021,Tweede Kamer,1616.0,27d09ee9-ec13-4699-b8fb-0b254094ade5,f216a345-9831-49b9-8336-c9ec9f9973d8,Stemmen - aangenomen,1,233.0,14,1,11,0,afternoon,-0.4999999999999997,-0.8660254037844388,2381,596,"Dank, voorzitter. Dank aan mevrouw Buitenweg. Naar aanleiding van de berichtgeving stelt zij deze vragen. Dat kan ik mij heel goed voorstellen. Misschien eerst gewoon even de situatie zoals ik die nu ken. Denemarken heeft zelf aangekondigd onafhankelijk onderzoek in te stellen. Het feit dat Nederland in de berichtgeving wordt genoemd als een van de landen, heeft er bij ons toe geleid dat de AIVD natuurlijk bij de collega-dienst navraag doet om de feiten te leren kennen en precies te weten te komen hoe de vork in de steel steekt. Afhankelijk van die feiten kunnen er natuurlijk nog vervolgacties komen. Een deel van de vragen van mevrouw Buitenweg kan ik nu dus nog niet beantwoorden, omdat ik die feiten nog niet heb. Ik wil ook vooraf onderstrepen het is vanzelfsprekend, maar ik doe het toch, ter geruststelling van mevrouw Buitenweg dat wij natuurlijk binnen het kader van de wet werken. Dat geldt voor het werk van de diensten, maar het geldt ook voor de samenwerking van onze diensten met andere diensten. Dat geldt eigenlijk altijd. Die wet is natuurlijk aangepast: er is een nieuwe Wiv. Die is dus anders dan in het jaar waar mevrouw Buitenweg het over heeft. Maar dat is helemaal geborgd doordat wij altijd kijken wat de wenselijke samenwerking is die wij met een andere dienst willen. Hoe leggen we die vast? Dat gebeurt in de zogenaamde wegingsnotitie. Welke risico's zien we? Welke mitigerende maatregelen zijn er in dat geval nodig? En dat kunnen we ook heroverwegen. Dat wilde ik even vooraf zeggen. Dan even ingaand op de vragen van mevrouw Buitenweg. Zijn wij wel of niet verrast? Kijk, wij volgen natuurlijk ook de media. Er was al eerder wat berichtgeving over de Deense dienst. Dat was dus niet een verrassing, maar dit nieuwe bericht geeft in ieder geval aanleiding om navraag te doen. Ik heb geen contact gehad met mijn Deense ambtgenoot, maar er is dus wel contact tussen de diensten. Eerst komt de informatie van de Denen, en dan pas komt er een weging of er al dan niet nog contact zou moeten zijn met de Amerikanen. Over het programma dat mevrouw Buitenweg noemt, kan ik nu niets zeggen. Mij zegt het hier eerlijk gezegd ook helemaal niks, maar dit gaat waarschijnlijk vrij diep de operatie in, dus ik betwijfel of ik daar een antwoord op zou kunnen geven. En we leren altijd lessen uit het verleden, maar sindsdien is de wet ook behoorlijk gewijzigd.",-0.5000000000000004,0.8660254037844384,0.7818314824680298,0.6234898018587336,0,1,0,0,0,2020,10,5.455321115357702,7.775695749915245,1,140,4.948759890378168,Other,False,False,False,False,True,False,False,False,False,False,False,2,0,0,0.0,test,0.9982,positive,0.9991,0.0009,1,1,1,1,0,1
009710e2-1754-49c0-82ea-60c9cd4cce37,6a2023e6-6cbb-4ff8-95b6-80e6543f6ce9,"25e vergadering, dinsdag 17 november 2020",2020-11-17,202a4a38-3730-46d3-b99b-dafe07137596,Vragenuur,Vragenuur,Vragenuur,5d41bb8f-274a-45b1-9068-04e921f39d2a,Ollongren,,minister van Binnenlandse Zaken en Koninkrijksrelaties,2020-11-17 14:26:56,2020-11-17 14:30:49,0,"Dank, voorzitter. Dank aan mevrouw Buitenweg. Naar aanleiding van de berichtgeving stelt zij deze vragen. Dat kan ik mij heel goed voorstellen. Misschien eerst gewoon even de situatie zoals ik die nu ken. Denemarken heeft zelf aangekondigd onafhankelijk onderzoek in te stellen. Het feit dat Nederland in de berichtgeving wordt genoemd als een van de landen, heeft er bij ons toe geleid dat de AIVD natuurlijk bij de collega-dienst navraag doet om de feiten te leren kennen en precies te weten te komen hoe de vork in de steel steekt. Afhankelijk van die feiten kunnen er natuurlijk nog vervolgacties komen. Een deel van de vragen van mevrouw Buitenweg kan ik nu dus nog niet beantwoorden, omdat ik die feiten nog niet heb. Ik wil ook vooraf onderstrepen — het is vanzelfsprekend, maar ik doe het toch, ter geruststelling van mevrouw Buitenweg — dat wij natuurlijk binnen het kader van de wet werken. Dat geldt voor het werk van de diensten, maar het geldt ook voor de samenwerking van onze diensten met andere diensten. Dat geldt eigenlijk altijd. Die wet is natuurlijk aangepast: er is een nieuwe Wiv. Die is dus anders dan in het jaar waar mevrouw Buitenweg het over heeft. Maar dat is helemaal geborgd doordat wij altijd kijken wat de wenselijke samenwerking is die wij met een andere dienst willen. Hoe leggen we die vast? Dat gebeurt in de zogenaamde wegingsnotitie. Welke risico's zien we? Welke mitigerende maatregelen zijn er in dat geval nodig? En dat kunnen we ook heroverwegen. Dat wilde ik even vooraf zeggen. Dan even ingaand op de vragen van mevrouw Buitenweg. Zijn wij wel of niet verrast? Kijk, wij volgen natuurlijk ook de media. Er was al eerder wat berichtgeving over de Deense dienst. Dat was dus niet een verrassing, maar dit nieuwe bericht geeft in ieder geval aanleiding om navraag te doen. Ik heb geen contact gehad met mijn Deense ambtgenoot, maar er is dus wel contact tussen de diensten. Eerst komt de informatie van de Denen, en dan pas komt er een weging of er al dan niet nog contact zou moeten zijn met de Amerikanen. Over het programma dat mevrouw Buitenweg noemt, kan ik nu niets zeggen. Mij zegt het hier eerlijk gezegd ook helemaal niks, maar dit gaat waarschijnlijk vrij diep de operatie in, dus ik betwijfel of ik daar een antwoord op zou kunnen geven. En we leren altijd lessen uit het verleden, maar sindsdien is de wet ook behoorlijk gewijzigd.",verslagen_xml\a79650fe-7374-411e-bd1a-00b29ac3afc5.xml,2020-11-17,22e0b641-74cc-4a9b-aa76-7a4244e7868d,Stemmingen,Stemmingen,2020-11-17 14:00:00,2020-11-17 14:00:00,2020-11-17 14:45:00,Uitgevoerd,2020-2021,Tweede Kamer,1616.0,27d09ee9-ec13-4699-b8fb-0b254094ade5,9d59563f-0106-432d-aa7a-d4853342e3b0,Stemmen - aangenomen,1,233.0,14,1,11,0,afternoon,-0.4999999999999997,-0.8660254037844388,2381,596,"Dank, voorzitter. Dank aan mevrouw Buitenweg. Naar aanleiding van de berichtgeving stelt zij deze vragen. Dat kan ik mij heel goed voorstellen. Misschien eerst gewoon even de situatie zoals ik die nu ken. Denemarken heeft zelf aangekondigd onafhankelijk onderzoek in te stellen. Het feit dat Nederland in de berichtgeving wordt genoemd als een van de landen, heeft er bij ons toe geleid dat de AIVD natuurlijk bij de collega-dienst navraag doet om de feiten te leren kennen en precies te weten te komen hoe de vork in de steel steekt. Afhankelijk van die feiten kunnen er natuurlijk nog vervolgacties komen. Een deel van de vragen van mevrouw Buitenweg kan ik nu dus nog niet beantwoorden, omdat ik die feiten nog niet heb. Ik wil ook vooraf onderstrepen het is vanzelfsprekend, maar ik doe het toch, ter geruststelling van mevrouw Buitenweg dat wij natuurlijk binnen het kader van de wet werken. Dat geldt voor het werk van de diensten, maar het geldt ook voor de samenwerking van onze diensten met andere diensten. Dat geldt eigenlijk altijd. Die wet is natuurlijk aangepast: er is een nieuwe Wiv. Die is dus anders dan in het jaar waar mevrouw Buitenweg het over heeft. Maar dat is helemaal geborgd doordat wij altijd kijken wat de wenselijke samenwerking is die wij met een andere dienst willen. Hoe leggen we die vast? Dat gebeurt in de zogenaamde wegingsnotitie. Welke risico's zien we? Welke mitigerende maatregelen zijn er in dat geval nodig? En dat kunnen we ook heroverwegen. Dat wilde ik even vooraf zeggen. Dan even ingaand op de vragen van mevrouw Buitenweg. Zijn wij wel of niet verrast? Kijk, wij volgen natuurlijk ook de media. Er was al eerder wat berichtgeving over de Deense dienst. Dat was dus niet een verrassing, maar dit nieuwe bericht geeft in ieder geval aanleiding om navraag te doen. Ik heb geen contact gehad met mijn Deense ambtgenoot, maar er is dus wel contact tussen de diensten. Eerst komt de informatie van de Denen, en dan pas komt er een weging of er al dan niet nog contact zou moeten zijn met de Amerikanen. Over het programma dat mevrouw Buitenweg noemt, kan ik nu niets zeggen. Mij zegt het hier eerlijk gezegd ook helemaal niks, maar dit gaat waarschijnlijk vrij diep de operatie in, dus ik betwijfel of ik daar een antwoord op zou kunnen geven. En we leren altijd lessen uit het verleden, maar sindsdien is de wet ook behoorlijk gewijzigd.",-0.5000000000000004,0.8660254037844384,0.7818314824680298,0.6234898018587336,0,1,0,0,0,2020,10,5.455321115357702,7.775695749915245,1,140,4.948759890378168,Other,False,False,False,False,True,False,False,False,False,False,False,2,0,0,0.0,test,0.9982,positive,0.9991,0.0009,1,1,1,1,0,1
009710e2-1754-49c0-82ea-60c9cd4cce37,6a2023e6-6cbb-4ff8-95b6-80e6543f6ce9,"25e vergadering, dinsdag 17 november 2020",2020-11-17,202a4a38-3730-46d3-b99b-dafe07137596,Vragenuur,Vragenuur,Vragenuur,5d41bb8f-274a-45b1-9068-04e921f39d2a,Ollongren,,minister van Binnenlandse Zaken en Koninkrijksrelaties,2020-11-17 14:26:56,2020-11-17 14:30:49,0,"Dank, voorzitter. Dank aan mevrouw Buitenweg. Naar aanleiding van de berichtgeving stelt zij deze vragen. Dat kan ik mij heel goed voorstellen. Misschien eerst gewoon even de situatie zoals ik die nu ken. Denemarken heeft zelf aangekondigd onafhankelijk onderzoek in te stellen. Het feit dat Nederland in de berichtgeving wordt genoemd als een van de landen, heeft er bij ons toe geleid dat de AIVD natuurlijk bij de collega-dienst navraag doet om de feiten te leren kennen en precies te weten te komen hoe de vork in de steel steekt. Afhankelijk van die feiten kunnen er natuurlijk nog vervolgacties komen. Een deel van de vragen van mevrouw Buitenweg kan ik nu dus nog niet beantwoorden, omdat ik die feiten nog niet heb. Ik wil ook vooraf onderstrepen — het is vanzelfsprekend, maar ik doe het toch, ter geruststelling van mevrouw Buitenweg — dat wij natuurlijk binnen het kader van de wet werken. Dat geldt voor het werk van de diensten, maar het geldt ook voor de samenwerking van onze diensten met andere diensten. Dat geldt eigenlijk altijd. Die wet is natuurlijk aangepast: er is een nieuwe Wiv. Die is dus anders dan in het jaar waar mevrouw Buitenweg het over heeft. Maar dat is helemaal geborgd doordat wij altijd kijken wat de wenselijke samenwerking is die wij met een andere dienst willen. Hoe leggen we die vast? Dat gebeurt in de zogenaamde wegingsnotitie. Welke risico's zien we? Welke mitigerende maatregelen zijn er in dat geval nodig? En dat kunnen we ook heroverwegen. Dat wilde ik even vooraf zeggen. Dan even ingaand op de vragen van mevrouw Buitenweg. Zijn wij wel of niet verrast? Kijk, wij volgen natuurlijk ook de media. Er was al eerder wat berichtgeving over de Deense dienst. Dat was dus niet een verrassing, maar dit nieuwe bericht geeft in ieder geval aanleiding om navraag te doen. Ik heb geen contact gehad met mijn Deense ambtgenoot, maar er is dus wel contact tussen de diensten. Eerst komt de informatie van de Denen, en dan pas komt er een weging of er al dan niet nog contact zou moeten zijn met de Amerikanen. Over het programma dat mevrouw Buitenweg noemt, kan ik nu niets zeggen. Mij zegt het hier eerlijk gezegd ook helemaal niks, maar dit gaat waarschijnlijk vrij diep de operatie in, dus ik betwijfel of ik daar een antwoord op zou kunnen geven. En we leren altijd lessen uit het verleden, maar sindsdien is de wet ook behoorlijk gewijzigd.",verslagen_xml\a79650fe-7374-411e-bd1a-00b29ac3afc5.xml,2020-11-17,22e0b641-74cc-4a9b-aa76-7a4244e7868d,Stemmingen,Stemmingen,2020-11-17 14:00:00,2020-11-17 14:00:00,2020-11-17 14:45:00,Uitgevoerd,2020-2021,Tweede Kamer,1616.0,27d09ee9-ec13-4699-b8fb-0b254094ade5,6256951d-4ac1-4db6-b870-ddc9f79fe1f7,Stemmen - verworpen,0,233.0,14,1,11,0,afternoon,-0.4999999999999997,-0.8660254037844388,2381,596,"Dank, voorzitter. Dank aan mevrouw Buitenweg. Naar aanleiding van de berichtgeving stelt zij deze vragen. Dat kan ik mij heel goed voorstellen. Misschien eerst gewoon even de situatie zoals ik die nu ken. Denemarken heeft zelf aangekondigd onafhankelijk onderzoek in te stellen. Het feit dat Nederland in de berichtgeving wordt genoemd als een van de landen, heeft er bij ons toe geleid dat de AIVD natuurlijk bij de collega-dienst navraag doet om de feiten te leren kennen en precies te weten te komen hoe de vork in de steel steekt. Afhankelijk van die feiten kunnen er natuurlijk nog vervolgacties komen. Een deel van de vragen van mevrouw Buitenweg kan ik nu dus nog niet beantwoorden, omdat ik die feiten nog niet heb. Ik wil ook vooraf onderstrepen het is vanzelfsprekend, maar ik doe het toch, ter geruststelling van mevrouw Buitenweg dat wij natuurlijk binnen het kader van de wet werken. Dat geldt voor het werk van de diensten, maar het geldt ook voor de samenwerking van onze diensten met andere diensten. Dat geldt eigenlijk altijd. Die wet is natuurlijk aangepast: er is een nieuwe Wiv. Die is dus anders dan in het jaar waar mevrouw Buitenweg het over heeft. Maar dat is helemaal geborgd doordat wij altijd kijken wat de wenselijke samenwerking is die wij met een andere dienst willen. Hoe leggen we die vast? Dat gebeurt in de zogenaamde wegingsnotitie. Welke risico's zien we? Welke mitigerende maatregelen zijn er in dat geval nodig? En dat kunnen we ook heroverwegen. Dat wilde ik even vooraf zeggen. Dan even ingaand op de vragen van mevrouw Buitenweg. Zijn wij wel of niet verrast? Kijk, wij volgen natuurlijk ook de media. Er was al eerder wat berichtgeving over de Deense dienst. Dat was dus niet een verrassing, maar dit nieuwe bericht geeft in ieder geval aanleiding om navraag te doen. Ik heb geen contact gehad met mijn Deense ambtgenoot, maar er is dus wel contact tussen de diensten. Eerst komt de informatie van de Denen, en dan pas komt er een weging of er al dan niet nog contact zou moeten zijn met de Amerikanen. Over het programma dat mevrouw Buitenweg noemt, kan ik nu niets zeggen. Mij zegt het hier eerlijk gezegd ook helemaal niks, maar dit gaat waarschijnlijk vrij diep de operatie in, dus ik betwijfel of ik daar een antwoord op zou kunnen geven. En we leren altijd lessen uit het verleden, maar sindsdien is de wet ook behoorlijk gewijzigd.",-0.5000000000000004,0.8660254037844384,0.7818314824680298,0.6234898018587336,0,1,0,0,0,2020,10,5.455321115357702,7.775695749915245,1,140,4.948759890378168,Other,False,False,False,False,True,False,False,False,False,False,False,2,0,0,0.0,test,0.9982,positive,0.9991,0.0009,1,1,1,1,0,1
009710e2-1754-49c0-82ea-60c9cd4cce37,6a2023e6-6cbb-4ff8-95b6-80e6543f6ce9,"25e vergadering, dinsdag 17 november 2020",2020-11-17,202a4a38-3730-46d3-b99b-dafe07137596,Vragenuur,Vragenuur,Vragenuur,5d41bb8f-274a-45b1-9068-04e921f39d2a,Ollongren,,minister van Binnenlandse Zaken en Koninkrijksrelaties,2020-11-17 14:26:56,2020-11-17 14:30:49,0,"Dank, voorzitter. Dank aan mevrouw Buitenweg. Naar aanleiding van de berichtgeving stelt zij deze vragen. Dat kan ik mij heel goed voorstellen. Misschien eerst gewoon even de situatie zoals ik die nu ken. Denemarken heeft zelf aangekondigd onafhankelijk onderzoek in te stellen. Het feit dat Nederland in de berichtgeving wordt genoemd als een van de landen, heeft er bij ons toe geleid dat de AIVD natuurlijk bij de collega-dienst navraag doet om de feiten te leren kennen en precies te weten te komen hoe de vork in de steel steekt. Afhankelijk van die feiten kunnen er natuurlijk nog vervolgacties komen. Een deel van de vragen van mevrouw Buitenweg kan ik nu dus nog niet beantwoorden, omdat ik die feiten nog niet heb. Ik wil ook vooraf onderstrepen — het is vanzelfsprekend, maar ik doe het toch, ter geruststelling van mevrouw Buitenweg — dat wij natuurlijk binnen het kader van de wet werken. Dat geldt voor het werk van de diensten, maar het geldt ook voor de samenwerking van onze diensten met andere diensten. Dat geldt eigenlijk altijd. Die wet is natuurlijk aangepast: er is een nieuwe Wiv. Die is dus anders dan in het jaar waar mevrouw Buitenweg het over heeft. Maar dat is helemaal geborgd doordat wij altijd kijken wat de wenselijke samenwerking is die wij met een andere dienst willen. Hoe leggen we die vast? Dat gebeurt in de zogenaamde wegingsnotitie. Welke risico's zien we? Welke mitigerende maatregelen zijn er in dat geval nodig? En dat kunnen we ook heroverwegen. Dat wilde ik even vooraf zeggen. Dan even ingaand op de vragen van mevrouw Buitenweg. Zijn wij wel of niet verrast? Kijk, wij volgen natuurlijk ook de media. Er was al eerder wat berichtgeving over de Deense dienst. Dat was dus niet een verrassing, maar dit nieuwe bericht geeft in ieder geval aanleiding om navraag te doen. Ik heb geen contact gehad met mijn Deense ambtgenoot, maar er is dus wel contact tussen de diensten. Eerst komt de informatie van de Denen, en dan pas komt er een weging of er al dan niet nog contact zou moeten zijn met de Amerikanen. Over het programma dat mevrouw Buitenweg noemt, kan ik nu niets zeggen. Mij zegt het hier eerlijk gezegd ook helemaal niks, maar dit gaat waarschijnlijk vrij diep de operatie in, dus ik betwijfel of ik daar een antwoord op zou kunnen geven. En we leren altijd lessen uit het verleden, maar sindsdien is de wet ook behoorlijk gewijzigd.",verslagen_xml\a79650fe-7374-411e-bd1a-00b29ac3afc5.xml,2020-11-17,22e0b641-74cc-4a9b-aa76-7a4244e7868d,Stemmingen,Stemmingen,2020-11-17 14:00:00,2020-11-17 14:00:00,2020-11-17 14:45:00,Uitgevoerd,2020-2021,Tweede Kamer,1616.0,27d09ee9-ec13-4699-b8fb-0b254094ade5,41906e70-c6fb-45a5-82be-ddd1f562524c,Stemmen - verworpen,0,233.0,14,1,11,0,afternoon,-0.4999999999999997,-0.8660254037844388,2381,596,"Dank, voorzitter. Dank aan mevrouw Buitenweg. Naar aanleiding van de berichtgeving stelt zij deze vragen. Dat kan ik mij heel goed voorstellen. Misschien eerst gewoon even de situatie zoals ik die nu ken. Denemarken heeft zelf aangekondigd onafhankelijk onderzoek in te stellen. Het feit dat Nederland in de berichtgeving wordt genoemd als een van de landen, heeft er bij ons toe geleid dat de AIVD natuurlijk bij de collega-dienst navraag doet om de feiten te leren kennen en precies te weten te komen hoe de vork in de steel steekt. Afhankelijk van die feiten kunnen er natuurlijk nog vervolgacties komen. Een deel van de vragen van mevrouw Buitenweg kan ik nu dus nog niet beantwoorden, omdat ik die feiten nog niet heb. Ik wil ook vooraf onderstrepen het is vanzelfsprekend, maar ik doe het toch, ter geruststelling van mevrouw Buitenweg dat wij natuurlijk binnen het kader van de wet werken. Dat geldt voor het werk van de diensten, maar het geldt ook voor de samenwerking van onze diensten met andere diensten. Dat geldt eigenlijk altijd. Die wet is natuurlijk aangepast: er is een nieuwe Wiv. Die is dus anders dan in het jaar waar mevrouw Buitenweg het over heeft. Maar dat is helemaal geborgd doordat wij altijd kijken wat de wenselijke samenwerking is die wij met een andere dienst willen. Hoe leggen we die vast? Dat gebeurt in de zogenaamde wegingsnotitie. Welke risico's zien we? Welke mitigerende maatregelen zijn er in dat geval nodig? En dat kunnen we ook heroverwegen. Dat wilde ik even vooraf zeggen. Dan even ingaand op de vragen van mevrouw Buitenweg. Zijn wij wel of niet verrast? Kijk, wij volgen natuurlijk ook de media. Er was al eerder wat berichtgeving over de Deense dienst. Dat was dus niet een verrassing, maar dit nieuwe bericht geeft in ieder geval aanleiding om navraag te doen. Ik heb geen contact gehad met mijn Deense ambtgenoot, maar er is dus wel contact tussen de diensten. Eerst komt de informatie van de Denen, en dan pas komt er een weging of er al dan niet nog contact zou moeten zijn met de Amerikanen. Over het programma dat mevrouw Buitenweg noemt, kan ik nu niets zeggen. Mij zegt het hier eerlijk gezegd ook helemaal niks, maar dit gaat waarschijnlijk vrij diep de operatie in, dus ik betwijfel of ik daar een antwoord op zou kunnen geven. En we leren altijd lessen uit het verleden, maar sindsdien is de wet ook behoorlijk gewijzigd.",-0.5000000000000004,0.8660254037844384,0.7818314824680298,0.6234898018587336,0,1,0,0,0,2020,10,5.455321115357702,7.775695749915245,1,140,4.948759890378168,Other,False,False,False,False,True,False,False,False,False,False,False,2,0,0,0.0,test,0.9982,positive,0.9991,0.0009,1,1,1,1,0,1
009710e2-1754-49c0-82ea-60c9cd4cce37,6a2023e6-6cbb-4ff8-95b6-80e6543f6ce9,"25e vergadering, dinsdag 17 november 2020",2020-11-17,202a4a38-3730-46d3-b99b-dafe07137596,Vragenuur,Vragenuur,Vragenuur,5d41bb8f-274a-45b1-9068-04e921f39d2a,Ollongren,,minister van Binnenlandse Zaken en Koninkrijksrelaties,2020-11-17 14:26:56,2020-11-17 14:30:49,0,"Dank, voorzitter. Dank aan mevrouw Buitenweg. Naar aanleiding van de berichtgeving stelt zij deze vragen. Dat kan ik mij heel goed voorstellen. Misschien eerst gewoon even de situatie zoals ik die nu ken. Denemarken heeft zelf aangekondigd onafhankelijk onderzoek in te stellen. Het feit dat Nederland in de berichtgeving wordt genoemd als een van de landen, heeft er bij ons toe geleid dat de AIVD natuurlijk bij de collega-dienst navraag doet om de feiten te leren kennen en precies te weten te komen hoe de vork in de steel steekt. Afhankelijk van die feiten kunnen er natuurlijk nog vervolgacties komen. Een deel van de vragen van mevrouw Buitenweg kan ik nu dus nog niet beantwoorden, omdat ik die feiten nog niet heb. Ik wil ook vooraf onderstrepen — het is vanzelfsprekend, maar ik doe het toch, ter geruststelling van mevrouw Buitenweg — dat wij natuurlijk binnen het kader van de wet werken. Dat geldt voor het werk van de diensten, maar het geldt ook voor de samenwerking van onze diensten met andere diensten. Dat geldt eigenlijk altijd. Die wet is natuurlijk aangepast: er is een nieuwe Wiv. Die is dus anders dan in het jaar waar mevrouw Buitenweg het over heeft. Maar dat is helemaal geborgd doordat wij altijd kijken wat de wenselijke samenwerking is die wij met een andere dienst willen. Hoe leggen we die vast? Dat gebeurt in de zogenaamde wegingsnotitie. Welke risico's zien we? Welke mitigerende maatregelen zijn er in dat geval nodig? En dat kunnen we ook heroverwegen. Dat wilde ik even vooraf zeggen. Dan even ingaand op de vragen van mevrouw Buitenweg. Zijn wij wel of niet verrast? Kijk, wij volgen natuurlijk ook de media. Er was al eerder wat berichtgeving over de Deense dienst. Dat was dus niet een verrassing, maar dit nieuwe bericht geeft in ieder geval aanleiding om navraag te doen. Ik heb geen contact gehad met mijn Deense ambtgenoot, maar er is dus wel contact tussen de diensten. Eerst komt de informatie van de Denen, en dan pas komt er een weging of er al dan niet nog contact zou moeten zijn met de Amerikanen. Over het programma dat mevrouw Buitenweg noemt, kan ik nu niets zeggen. Mij zegt het hier eerlijk gezegd ook helemaal niks, maar dit gaat waarschijnlijk vrij diep de operatie in, dus ik betwijfel of ik daar een antwoord op zou kunnen geven. En we leren altijd lessen uit het verleden, maar sindsdien is de wet ook behoorlijk gewijzigd.",verslagen_xml\a79650fe-7374-411e-bd1a-00b29ac3afc5.xml,2020-11-17,22e0b641-74cc-4a9b-aa76-7a4244e7868d,Stemmingen,Stemmingen,2020-11-17 14:00:00,2020-11-17 14:00:00,2020-11-17 14:45:00,Uitgevoerd,2020-2021,Tweede Kamer,1616.0,27d09ee9-ec13-4699-b8fb-0b254094ade5,75b568e8-e815-4b8a-88a9-ec726696079b,Stemmen - verworpen,0,233.0,14,1,11,0,afternoon,-0.4999999999999997,-0.8660254037844388,2381,596,"Dank, voorzitter. Dank aan mevrouw Buitenweg. Naar aanleiding van de berichtgeving stelt zij deze vragen. Dat kan ik mij heel goed voorstellen. Misschien eerst gewoon even de situatie zoals ik die nu ken. Denemarken heeft zelf aangekondigd onafhankelijk onderzoek in te stellen. Het feit dat Nederland in de berichtgeving wordt genoemd als een van de landen, heeft er bij ons toe geleid dat de AIVD natuurlijk bij de collega-dienst navraag doet om de feiten te leren kennen en precies te weten te komen hoe de vork in de steel steekt. Afhankelijk van die feiten kunnen er natuurlijk nog vervolgacties komen. Een deel van de vragen van mevrouw Buitenweg kan ik nu dus nog niet beantwoorden, omdat ik die feiten nog niet heb. Ik wil ook vooraf onderstrepen het is vanzelfsprekend, maar ik doe het toch, ter geruststelling van mevrouw Buitenweg dat wij natuurlijk binnen het kader van de wet werken. Dat geldt voor het werk van de diensten, maar het geldt ook voor de samenwerking van onze diensten met andere diensten. Dat geldt eigenlijk altijd. Die wet is natuurlijk aangepast: er is een nieuwe Wiv. Die is dus anders dan in het jaar waar mevrouw Buitenweg het over heeft. Maar dat is helemaal geborgd doordat wij altijd kijken wat de wenselijke samenwerking is die wij met een andere dienst willen. Hoe leggen we die vast? Dat gebeurt in de zogenaamde wegingsnotitie. Welke risico's zien we? Welke mitigerende maatregelen zijn er in dat geval nodig? En dat kunnen we ook heroverwegen. Dat wilde ik even vooraf zeggen. Dan even ingaand op de vragen van mevrouw Buitenweg. Zijn wij wel of niet verrast? Kijk, wij volgen natuurlijk ook de media. Er was al eerder wat berichtgeving over de Deense dienst. Dat was dus niet een verrassing, maar dit nieuwe bericht geeft in ieder geval aanleiding om navraag te doen. Ik heb geen contact gehad met mijn Deense ambtgenoot, maar er is dus wel contact tussen de diensten. Eerst komt de informatie van de Denen, en dan pas komt er een weging of er al dan niet nog contact zou moeten zijn met de Amerikanen. Over het programma dat mevrouw Buitenweg noemt, kan ik nu niets zeggen. Mij zegt het hier eerlijk gezegd ook helemaal niks, maar dit gaat waarschijnlijk vrij diep de operatie in, dus ik betwijfel of ik daar een antwoord op zou kunnen geven. En we leren altijd lessen uit het verleden, maar sindsdien is de wet ook behoorlijk gewijzigd.",-0.5000000000000004,0.8660254037844384,0.7818314824680298,0.6234898018587336,0,1,0,0,0,2020,10,5.455321115357702,7.775695749915245,1,140,4.948759890378168,Other,False,False,False,False,True,False,False,False,False,False,False,2,0,0,0.0,test,0.9982,positive,0.9991,0.0009,1,1,1,1,0,1
009710e2-1754-49c0-82ea-60c9cd4cce37,6a2023e6-6cbb-4ff8-95b6-80e6543f6ce9,"25e vergadering, dinsdag 17 november 2020",2020-11-17,202a4a38-3730-46d3-b99b-dafe07137596,Vragenuur,Vragenuur,Vragenuur,5d41bb8f-274a-45b1-9068-04e921f39d2a,Ollongren,,minister van Binnenlandse Zaken en Koninkrijksrelaties,2020-11-17 14:26:56,2020-11-17 14:30:49,0,"Dank, voorzitter. Dank aan mevrouw Buitenweg. Naar aanleiding van de berichtgeving stelt zij deze vragen. Dat kan ik mij heel goed voorstellen. Misschien eerst gewoon even de situatie zoals ik die nu ken. Denemarken heeft zelf aangekondigd onafhankelijk onderzoek in te stellen. Het feit dat Nederland in de berichtgeving wordt genoemd als een van de landen, heeft er bij ons toe geleid dat de AIVD natuurlijk bij de collega-dienst navraag doet om de feiten te leren kennen en precies te weten te komen hoe de vork in de steel steekt. Afhankelijk van die feiten kunnen er natuurlijk nog vervolgacties komen. Een deel van de vragen van mevrouw Buitenweg kan ik nu dus nog niet beantwoorden, omdat ik die feiten nog niet heb. Ik wil ook vooraf onderstrepen — het is vanzelfsprekend, maar ik doe het toch, ter geruststelling van mevrouw Buitenweg — dat wij natuurlijk binnen het kader van de wet werken. Dat geldt voor het werk van de diensten, maar het geldt ook voor de samenwerking van onze diensten met andere diensten. Dat geldt eigenlijk altijd. Die wet is natuurlijk aangepast: er is een nieuwe Wiv. Die is dus anders dan in het jaar waar mevrouw Buitenweg het over heeft. Maar dat is helemaal geborgd doordat wij altijd kijken wat de wenselijke samenwerking is die wij met een andere dienst willen. Hoe leggen we die vast? Dat gebeurt in de zogenaamde wegingsnotitie. Welke risico's zien we? Welke mitigerende maatregelen zijn er in dat geval nodig? En dat kunnen we ook heroverwegen. Dat wilde ik even vooraf zeggen. Dan even ingaand op de vragen van mevrouw Buitenweg. Zijn wij wel of niet verrast? Kijk, wij volgen natuurlijk ook de media. Er was al eerder wat berichtgeving over de Deense dienst. Dat was dus niet een verrassing, maar dit nieuwe bericht geeft in ieder geval aanleiding om navraag te doen. Ik heb geen contact gehad met mijn Deense ambtgenoot, maar er is dus wel contact tussen de diensten. Eerst komt de informatie van de Denen, en dan pas komt er een weging of er al dan niet nog contact zou moeten zijn met de Amerikanen. Over het programma dat mevrouw Buitenweg noemt, kan ik nu niets zeggen. Mij zegt het hier eerlijk gezegd ook helemaal niks, maar dit gaat waarschijnlijk vrij diep de operatie in, dus ik betwijfel of ik daar een antwoord op zou kunnen geven. En we leren altijd lessen uit het verleden, maar sindsdien is de wet ook behoorlijk gewijzigd.",verslagen_xml\a79650fe-7374-411e-bd1a-00b29ac3afc5.xml,2020-11-17,22e0b641-74cc-4a9b-aa76-7a4244e7868d,Stemmingen,Stemmingen,2020-11-17 14:00:00,2020-11-17 14:00:00,2020-11-17 14:45:00,Uitgevoerd,2020-2021,Tweede Kamer,1616.0,27d09ee9-ec13-4699-b8fb-0b254094ade5,1cd5a1a6-d324-4728-baca-ee0149ce49be,Stemmen - verworpen,0,233.0,14,1,11,0,afternoon,-0.4999999999999997,-0.8660254037844388,2381,596,"Dank, voorzitter. Dank aan mevrouw Buitenweg. Naar aanleiding van de berichtgeving stelt zij deze vragen. Dat kan ik mij heel goed voorstellen. Misschien eerst gewoon even de situatie zoals ik die nu ken. Denemarken heeft zelf aangekondigd onafhankelijk onderzoek in te stellen. Het feit dat Nederland in de berichtgeving wordt genoemd als een van de landen, heeft er bij ons toe geleid dat de AIVD natuurlijk bij de collega-dienst navraag doet om de feiten te leren kennen en precies te weten te komen hoe de vork in de steel steekt. Afhankelijk van die feiten kunnen er natuurlijk nog vervolgacties komen. Een deel van de vragen van mevrouw Buitenweg kan ik nu dus nog niet beantwoorden, omdat ik die feiten nog niet heb. Ik wil ook vooraf onderstrepen het is vanzelfsprekend, maar ik doe het toch, ter geruststelling van mevrouw Buitenweg dat wij natuurlijk binnen het kader van de wet werken. Dat geldt voor het werk van de diensten, maar het geldt ook voor de samenwerking van onze diensten met andere diensten. Dat geldt eigenlijk altijd. Die wet is natuurlijk aangepast: er is een nieuwe Wiv. Die is dus anders dan in het jaar waar mevrouw Buitenweg het over heeft. Maar dat is helemaal geborgd doordat wij altijd kijken wat de wenselijke samenwerking is die wij met een andere dienst willen. Hoe leggen we die vast? Dat gebeurt in de zogenaamde wegingsnotitie. Welke risico's zien we? Welke mitigerende maatregelen zijn er in dat geval nodig? En dat kunnen we ook heroverwegen. Dat wilde ik even vooraf zeggen. Dan even ingaand op de vragen van mevrouw Buitenweg. Zijn wij wel of niet verrast? Kijk, wij volgen natuurlijk ook de media. Er was al eerder wat berichtgeving over de Deense dienst. Dat was dus niet een verrassing, maar dit nieuwe bericht geeft in ieder geval aanleiding om navraag te doen. Ik heb geen contact gehad met mijn Deense ambtgenoot, maar er is dus wel contact tussen de diensten. Eerst komt de informatie van de Denen, en dan pas komt er een weging of er al dan niet nog contact zou moeten zijn met de Amerikanen. Over het programma dat mevrouw Buitenweg noemt, kan ik nu niets zeggen. Mij zegt het hier eerlijk gezegd ook helemaal niks, maar dit gaat waarschijnlijk vrij diep de operatie in, dus ik betwijfel of ik daar een antwoord op zou kunnen geven. En we leren altijd lessen uit het verleden, maar sindsdien is de wet ook behoorlijk gewijzigd.",-0.5000000000000004,0.8660254037844384,0.7818314824680298,0.6234898018587336,0,1,0,0,0,2020,10,5.455321115357702,7.775695749915245,1,140,4.948759890378168,Other,False,False,False,False,True,False,False,False,False,False,False,2,0,0,0.0,test,0.9982,positive,0.9991,0.0009,1,1,1,1,0,1
009710e2-1754-49c0-82ea-60c9cd4cce37,6a2023e6-6cbb-4ff8-95b6-80e6543f6ce9,"25e vergadering, dinsdag 17 november 2020",2020-11-17,202a4a38-3730-46d3-b99b-dafe07137596,Vragenuur,Vragenuur,Vragenuur,5d41bb8f-274a-45b1-9068-04e921f39d2a,Ollongren,,minister van Binnenlandse Zaken en Koninkrijksrelaties,2020-11-17 14:26:56,2020-11-17 14:30:49,0,"Dank, voorzitter. Dank aan mevrouw Buitenweg. Naar aanleiding van de berichtgeving stelt zij deze vragen. Dat kan ik mij heel goed voorstellen. Misschien eerst gewoon even de situatie zoals ik die nu ken. Denemarken heeft zelf aangekondigd onafhankelijk onderzoek in te stellen. Het feit dat Nederland in de berichtgeving wordt genoemd als een van de landen, heeft er bij ons toe geleid dat de AIVD natuurlijk bij de collega-dienst navraag doet om de feiten te leren kennen en precies te weten te komen hoe de vork in de steel steekt. Afhankelijk van die feiten kunnen er natuurlijk nog vervolgacties komen. Een deel van de vragen van mevrouw Buitenweg kan ik nu dus nog niet beantwoorden, omdat ik die feiten nog niet heb. Ik wil ook vooraf onderstrepen — het is vanzelfsprekend, maar ik doe het toch, ter geruststelling van mevrouw Buitenweg — dat wij natuurlijk binnen het kader van de wet werken. Dat geldt voor het werk van de diensten, maar het geldt ook voor de samenwerking van onze diensten met andere diensten. Dat geldt eigenlijk altijd. Die wet is natuurlijk aangepast: er is een nieuwe Wiv. Die is dus anders dan in het jaar waar mevrouw Buitenweg het over heeft. Maar dat is helemaal geborgd doordat wij altijd kijken wat de wenselijke samenwerking is die wij met een andere dienst willen. Hoe leggen we die vast? Dat gebeurt in de zogenaamde wegingsnotitie. Welke risico's zien we? Welke mitigerende maatregelen zijn er in dat geval nodig? En dat kunnen we ook heroverwegen. Dat wilde ik even vooraf zeggen. Dan even ingaand op de vragen van mevrouw Buitenweg. Zijn wij wel of niet verrast? Kijk, wij volgen natuurlijk ook de media. Er was al eerder wat berichtgeving over de Deense dienst. Dat was dus niet een verrassing, maar dit nieuwe bericht geeft in ieder geval aanleiding om navraag te doen. Ik heb geen contact gehad met mijn Deense ambtgenoot, maar er is dus wel contact tussen de diensten. Eerst komt de informatie van de Denen, en dan pas komt er een weging of er al dan niet nog contact zou moeten zijn met de Amerikanen. Over het programma dat mevrouw Buitenweg noemt, kan ik nu niets zeggen. Mij zegt het hier eerlijk gezegd ook helemaal niks, maar dit gaat waarschijnlijk vrij diep de operatie in, dus ik betwijfel of ik daar een antwoord op zou kunnen geven. En we leren altijd lessen uit het verleden, maar sindsdien is de wet ook behoorlijk gewijzigd.",verslagen_xml\a79650fe-7374-411e-bd1a-00b29ac3afc5.xml,2020-11-17,22e0b641-74cc-4a9b-aa76-7a4244e7868d,Stemmingen,Stemmingen,2020-11-17 14:00:00,2020-11-17 14:00:00,2020-11-17 14:45:00,Uitgevoerd,2020-2021,Tweede Kamer,1616.0,27d09ee9-ec13-4699-b8fb-0b254094ade5,6aeb728c-5c96-449d-bfae-f52b2b253c65,Stemmen - verworpen,0,233.0,14,1,11,0,afternoon,-0.4999999999999997,-0.8660254037844388,2381,596,"Dank, voorzitter. Dank aan mevrouw Buitenweg. Naar aanleiding van de berichtgeving stelt zij deze vragen. Dat kan ik mij heel goed voorstellen. Misschien eerst gewoon even de situatie zoals ik die nu ken. Denemarken heeft zelf aangekondigd onafhankelijk onderzoek in te stellen. Het feit dat Nederland in de berichtgeving wordt genoemd als een van de landen, heeft er bij ons toe geleid dat de AIVD natuurlijk bij de collega-dienst navraag doet om de feiten te leren kennen en precies te weten te komen hoe de vork in de steel steekt. Afhankelijk van die feiten kunnen er natuurlijk nog vervolgacties komen. Een deel van de vragen van mevrouw Buitenweg kan ik nu dus nog niet beantwoorden, omdat ik die feiten nog niet heb. Ik wil ook vooraf onderstrepen het is vanzelfsprekend, maar ik doe het toch, ter geruststelling van mevrouw Buitenweg dat wij natuurlijk binnen het kader van de wet werken. Dat geldt voor het werk van de diensten, maar het geldt ook voor de samenwerking van onze diensten met andere diensten. Dat geldt eigenlijk altijd. Die wet is natuurlijk aangepast: er is een nieuwe Wiv. Die is dus anders dan in het jaar waar mevrouw Buitenweg het over heeft. Maar dat is helemaal geborgd doordat wij altijd kijken wat de wenselijke samenwerking is die wij met een andere dienst willen. Hoe leggen we die vast? Dat gebeurt in de zogenaamde wegingsnotitie. Welke risico's zien we? Welke mitigerende maatregelen zijn er in dat geval nodig? En dat kunnen we ook heroverwegen. Dat wilde ik even vooraf zeggen. Dan even ingaand op de vragen van mevrouw Buitenweg. Zijn wij wel of niet verrast? Kijk, wij volgen natuurlijk ook de media. Er was al eerder wat berichtgeving over de Deense dienst. Dat was dus niet een verrassing, maar dit nieuwe bericht geeft in ieder geval aanleiding om navraag te doen. Ik heb geen contact gehad met mijn Deense ambtgenoot, maar er is dus wel contact tussen de diensten. Eerst komt de informatie van de Denen, en dan pas komt er een weging of er al dan niet nog contact zou moeten zijn met de Amerikanen. Over het programma dat mevrouw Buitenweg noemt, kan ik nu niets zeggen. Mij zegt het hier eerlijk gezegd ook helemaal niks, maar dit gaat waarschijnlijk vrij diep de operatie in, dus ik betwijfel of ik daar een antwoord op zou kunnen geven. En we leren altijd lessen uit het verleden, maar sindsdien is de wet ook behoorlijk gewijzigd.",-0.5000000000000004,0.8660254037844384,0.7818314824680298,0.6234898018587336,0,1,0,0,0,2020,10,5.455321115357702,7.775695749915245,1,140,4.948759890378168,Other,False,False,False,False,True,False,False,False,False,False,False,2,0,0,0.0,test,0.9982,positive,0.9991,0.0009,1,1,1,1,0,1
009710e2-1754-49c0-82ea-60c9cd4cce37,6a2023e6-6cbb-4ff8-95b6-80e6543f6ce9,"25e vergadering, dinsdag 17 november 2020",2020-11-17,202a4a38-3730-46d3-b99b-dafe07137596,Vragenuur,Vragenuur,Vragenuur,5d41bb8f-274a-45b1-9068-04e921f39d2a,Ollongren,,minister van Binnenlandse Zaken en Koninkrijksrelaties,2020-11-17 14:26:56,2020-11-17 14:30:49,0,"Dank, voorzitter. Dank aan mevrouw Buitenweg. Naar aanleiding van de berichtgeving stelt zij deze vragen. Dat kan ik mij heel goed voorstellen. Misschien eerst gewoon even de situatie zoals ik die nu ken. Denemarken heeft zelf aangekondigd onafhankelijk onderzoek in te stellen. Het feit dat Nederland in de berichtgeving wordt genoemd als een van de landen, heeft er bij ons toe geleid dat de AIVD natuurlijk bij de collega-dienst navraag doet om de feiten te leren kennen en precies te weten te komen hoe de vork in de steel steekt. Afhankelijk van die feiten kunnen er natuurlijk nog vervolgacties komen. Een deel van de vragen van mevrouw Buitenweg kan ik nu dus nog niet beantwoorden, omdat ik die feiten nog niet heb. Ik wil ook vooraf onderstrepen — het is vanzelfsprekend, maar ik doe het toch, ter geruststelling van mevrouw Buitenweg — dat wij natuurlijk binnen het kader van de wet werken. Dat geldt voor het werk van de diensten, maar het geldt ook voor de samenwerking van onze diensten met andere diensten. Dat geldt eigenlijk altijd. Die wet is natuurlijk aangepast: er is een nieuwe Wiv. Die is dus anders dan in het jaar waar mevrouw Buitenweg het over heeft. Maar dat is helemaal geborgd doordat wij altijd kijken wat de wenselijke samenwerking is die wij met een andere dienst willen. Hoe leggen we die vast? Dat gebeurt in de zogenaamde wegingsnotitie. Welke risico's zien we? Welke mitigerende maatregelen zijn er in dat geval nodig? En dat kunnen we ook heroverwegen. Dat wilde ik even vooraf zeggen. Dan even ingaand op de vragen van mevrouw Buitenweg. Zijn wij wel of niet verrast? Kijk, wij volgen natuurlijk ook de media. Er was al eerder wat berichtgeving over de Deense dienst. Dat was dus niet een verrassing, maar dit nieuwe bericht geeft in ieder geval aanleiding om navraag te doen. Ik heb geen contact gehad met mijn Deense ambtgenoot, maar er is dus wel contact tussen de diensten. Eerst komt de informatie van de Denen, en dan pas komt er een weging of er al dan niet nog contact zou moeten zijn met de Amerikanen. Over het programma dat mevrouw Buitenweg noemt, kan ik nu niets zeggen. Mij zegt het hier eerlijk gezegd ook helemaal niks, maar dit gaat waarschijnlijk vrij diep de operatie in, dus ik betwijfel of ik daar een antwoord op zou kunnen geven. En we leren altijd lessen uit het verleden, maar sindsdien is de wet ook behoorlijk gewijzigd.",verslagen_xml\a79650fe-7374-411e-bd1a-00b29ac3afc5.xml,2020-11-17,22e0b641-74cc-4a9b-aa76-7a4244e7868d,Stemmingen,Stemmingen,2020-11-17 14:00:00,2020-11-17 14:00:00,2020-11-17 14:45:00,Uitgevoerd,2020-2021,Tweede Kamer,1616.0,27d09ee9-ec13-4699-b8fb-0b254094ade5,79640ab9-f1c0-4d88-bc80-f9dc333a4db8,Stemmen - verworpen,0,233.0,14,1,11,0,afternoon,-0.4999999999999997,-0.8660254037844388,2381,596,"Dank, voorzitter. Dank aan mevrouw Buitenweg. Naar aanleiding van de berichtgeving stelt zij deze vragen. Dat kan ik mij heel goed voorstellen. Misschien eerst gewoon even de situatie zoals ik die nu ken. Denemarken heeft zelf aangekondigd onafhankelijk onderzoek in te stellen. Het feit dat Nederland in de berichtgeving wordt genoemd als een van de landen, heeft er bij ons toe geleid dat de AIVD natuurlijk bij de collega-dienst navraag doet om de feiten te leren kennen en precies te weten te komen hoe de vork in de steel steekt. Afhankelijk van die feiten kunnen er natuurlijk nog vervolgacties komen. Een deel van de vragen van mevrouw Buitenweg kan ik nu dus nog niet beantwoorden, omdat ik die feiten nog niet heb. Ik wil ook vooraf onderstrepen het is vanzelfsprekend, maar ik doe het toch, ter geruststelling van mevrouw Buitenweg dat wij natuurlijk binnen het kader van de wet werken. Dat geldt voor het werk van de diensten, maar het geldt ook voor de samenwerking van onze diensten met andere diensten. Dat geldt eigenlijk altijd. Die wet is natuurlijk aangepast: er is een nieuwe Wiv. Die is dus anders dan in het jaar waar mevrouw Buitenweg het over heeft. Maar dat is helemaal geborgd doordat wij altijd kijken wat de wenselijke samenwerking is die wij met een andere dienst willen. Hoe leggen we die vast? Dat gebeurt in de zogenaamde wegingsnotitie. Welke risico's zien we? Welke mitigerende maatregelen zijn er in dat geval nodig? En dat kunnen we ook heroverwegen. Dat wilde ik even vooraf zeggen. Dan even ingaand op de vragen van mevrouw Buitenweg. Zijn wij wel of niet verrast? Kijk, wij volgen natuurlijk ook de media. Er was al eerder wat berichtgeving over de Deense dienst. Dat was dus niet een verrassing, maar dit nieuwe bericht geeft in ieder geval aanleiding om navraag te doen. Ik heb geen contact gehad met mijn Deense ambtgenoot, maar er is dus wel contact tussen de diensten. Eerst komt de informatie van de Denen, en dan pas komt er een weging of er al dan niet nog contact zou moeten zijn met de Amerikanen. Over het programma dat mevrouw Buitenweg noemt, kan ik nu niets zeggen. Mij zegt het hier eerlijk gezegd ook helemaal niks, maar dit gaat waarschijnlijk vrij diep de operatie in, dus ik betwijfel of ik daar een antwoord op zou kunnen geven. En we leren altijd lessen uit het verleden, maar sindsdien is de wet ook behoorlijk gewijzigd.",-0.5000000000000004,0.8660254037844384,0.7818314824680298,0.6234898018587336,0,1,0,0,0,2020,10,5.455321115357702,7.775695749915245,1,140,4.948759890378168,Other,False,False,False,False,True,False,False,False,False,False,False,2,0,0,0.0,test,0.9982,positive,0.9991,0.0009,1,1,1,1,0,1
009710e2-1754-49c0-82ea-60c9cd4cce37,6a2023e6-6cbb-4ff8-95b6-80e6543f6ce9,"25e vergadering, dinsdag 17 november 2020",2020-11-17,202a4a38-3730-46d3-b99b-dafe07137596,Vragenuur,Vragenuur,Vragenuur,5d41bb8f-274a-45b1-9068-04e921f39d2a,Ollongren,,minister van Binnenlandse Zaken en Koninkrijksrelaties,2020-11-17 14:26:56,2020-11-17 14:30:49,0,"Dank, voorzitter. Dank aan mevrouw Buitenweg. Naar aanleiding van de berichtgeving stelt zij deze vragen. Dat kan ik mij heel goed voorstellen. Misschien eerst gewoon even de situatie zoals ik die nu ken. Denemarken heeft zelf aangekondigd onafhankelijk onderzoek in te stellen. Het feit dat Nederland in de berichtgeving wordt genoemd als een van de landen, heeft er bij ons toe geleid dat de AIVD natuurlijk bij de collega-dienst navraag doet om de feiten te leren kennen en precies te weten te komen hoe de vork in de steel steekt. Afhankelijk van die feiten kunnen er natuurlijk nog vervolgacties komen. Een deel van de vragen van mevrouw Buitenweg kan ik nu dus nog niet beantwoorden, omdat ik die feiten nog niet heb. Ik wil ook vooraf onderstrepen — het is vanzelfsprekend, maar ik doe het toch, ter geruststelling van mevrouw Buitenweg — dat wij natuurlijk binnen het kader van de wet werken. Dat geldt voor het werk van de diensten, maar het geldt ook voor de samenwerking van onze diensten met andere diensten. Dat geldt eigenlijk altijd. Die wet is natuurlijk aangepast: er is een nieuwe Wiv. Die is dus anders dan in het jaar waar mevrouw Buitenweg het over heeft. Maar dat is helemaal geborgd doordat wij altijd kijken wat de wenselijke samenwerking is die wij met een andere dienst willen. Hoe leggen we die vast? Dat gebeurt in de zogenaamde wegingsnotitie. Welke risico's zien we? Welke mitigerende maatregelen zijn er in dat geval nodig? En dat kunnen we ook heroverwegen. Dat wilde ik even vooraf zeggen. Dan even ingaand op de vragen van mevrouw Buitenweg. Zijn wij wel of niet verrast? Kijk, wij volgen natuurlijk ook de media. Er was al eerder wat berichtgeving over de Deense dienst. Dat was dus niet een verrassing, maar dit nieuwe bericht geeft in ieder geval aanleiding om navraag te doen. Ik heb geen contact gehad met mijn Deense ambtgenoot, maar er is dus wel contact tussen de diensten. Eerst komt de informatie van de Denen, en dan pas komt er een weging of er al dan niet nog contact zou moeten zijn met de Amerikanen. Over het programma dat mevrouw Buitenweg noemt, kan ik nu niets zeggen. Mij zegt het hier eerlijk gezegd ook helemaal niks, maar dit gaat waarschijnlijk vrij diep de operatie in, dus ik betwijfel of ik daar een antwoord op zou kunnen geven. En we leren altijd lessen uit het verleden, maar sindsdien is de wet ook behoorlijk gewijzigd.",verslagen_xml\a79650fe-7374-411e-bd1a-00b29ac3afc5.xml,2020-11-17,22e0b641-74cc-4a9b-aa76-7a4244e7868d,Stemmingen,Stemmingen,2020-11-17 14:00:00,2020-11-17 14:00:00,2020-11-17 14:45:00,Uitgevoerd,2020-2021,Tweede Kamer,1616.0,27d09ee9-ec13-4699-b8fb-0b254094ade5,d4e2f684-6e8d-481f-8aa9-fcdc40deaa33,Stemmen - aangenomen,1,233.0,14,1,11,0,afternoon,-0.4999999999999997,-0.8660254037844388,2381,596,"Dank, voorzitter. Dank aan mevrouw Buitenweg. Naar aanleiding van de berichtgeving stelt zij deze vragen. Dat kan ik mij heel goed voorstellen. Misschien eerst gewoon even de situatie zoals ik die nu ken. Denemarken heeft zelf aangekondigd onafhankelijk onderzoek in te stellen. Het feit dat Nederland in de berichtgeving wordt genoemd als een van de landen, heeft er bij ons toe geleid dat de AIVD natuurlijk bij de collega-dienst navraag doet om de feiten te leren kennen en precies te weten te komen hoe de vork in de steel steekt. Afhankelijk van die feiten kunnen er natuurlijk nog vervolgacties komen. Een deel van de vragen van mevrouw Buitenweg kan ik nu dus nog niet beantwoorden, omdat ik die feiten nog niet heb. Ik wil ook vooraf onderstrepen het is vanzelfsprekend, maar ik doe het toch, ter geruststelling van mevrouw Buitenweg dat wij natuurlijk binnen het kader van de wet werken. Dat geldt voor het werk van de diensten, maar het geldt ook voor de samenwerking van onze diensten met andere diensten. Dat geldt eigenlijk altijd. Die wet is natuurlijk aangepast: er is een nieuwe Wiv. Die is dus anders dan in het jaar waar mevrouw Buitenweg het over heeft. Maar dat is helemaal geborgd doordat wij altijd kijken wat de wenselijke samenwerking is die wij met een andere dienst willen. Hoe leggen we die vast? Dat gebeurt in de zogenaamde wegingsnotitie. Welke risico's zien we? Welke mitigerende maatregelen zijn er in dat geval nodig? En dat kunnen we ook heroverwegen. Dat wilde ik even vooraf zeggen. Dan even ingaand op de vragen van mevrouw Buitenweg. Zijn wij wel of niet verrast? Kijk, wij volgen natuurlijk ook de media. Er was al eerder wat berichtgeving over de Deense dienst. Dat was dus niet een verrassing, maar dit nieuwe bericht geeft in ieder geval aanleiding om navraag te doen. Ik heb geen contact gehad met mijn Deense ambtgenoot, maar er is dus wel contact tussen de diensten. Eerst komt de informatie van de Denen, en dan pas komt er een weging of er al dan niet nog contact zou moeten zijn met de Amerikanen. Over het programma dat mevrouw Buitenweg noemt, kan ik nu niets zeggen. Mij zegt het hier eerlijk gezegd ook helemaal niks, maar dit gaat waarschijnlijk vrij diep de operatie in, dus ik betwijfel of ik daar een antwoord op zou kunnen geven. En we leren altijd lessen uit het verleden, maar sindsdien is de wet ook behoorlijk gewijzigd.",-0.5000000000000004,0.8660254037844384,0.7818314824680298,0.6234898018587336,0,1,0,0,0,2020,10,5.455321115357702,7.775695749915245,1,140,4.948759890378168,Other,False,False,False,False,True,False,False,False,False,False,False,2,0,0,0.0,test,0.9982,positive,0.9991,0.0009,1,1,1,1,0,1
009710e2-1754-49c0-82ea-60c9cd4cce37,6a2023e6-6cbb-4ff8-95b6-80e6543f6ce9,"25e vergadering, dinsdag 17 november 2020",2020-11-17,202a4a38-3730-46d3-b99b-dafe07137596,Vragenuur,Vragenuur,Vragenuur,5d41bb8f-274a-45b1-9068-04e921f39d2a,Ollongren,,minister van Binnenlandse Zaken en Koninkrijksrelaties,2020-11-17 14:26:56,2020-11-17 14:30:49,0,"Dank, voorzitter. Dank aan mevrouw Buitenweg. Naar aanleiding van de berichtgeving stelt zij deze vragen. Dat kan ik mij heel goed voorstellen. Misschien eerst gewoon even de situatie zoals ik die nu ken. Denemarken heeft zelf aangekondigd onafhankelijk onderzoek in te stellen. Het feit dat Nederland in de berichtgeving wordt genoemd als een van de landen, heeft er bij ons toe geleid dat de AIVD natuurlijk bij de collega-dienst navraag doet om de feiten te leren kennen en precies te weten te komen hoe de vork in de steel steekt. Afhankelijk van die feiten kunnen er natuurlijk nog vervolgacties komen. Een deel van de vragen van mevrouw Buitenweg kan ik nu dus nog niet beantwoorden, omdat ik die feiten nog niet heb. Ik wil ook vooraf onderstrepen — het is vanzelfsprekend, maar ik doe het toch, ter geruststelling van mevrouw Buitenweg — dat wij natuurlijk binnen het kader van de wet werken. Dat geldt voor het werk van de diensten, maar het geldt ook voor de samenwerking van onze diensten met andere diensten. Dat geldt eigenlijk altijd. Die wet is natuurlijk aangepast: er is een nieuwe Wiv. Die is dus anders dan in het jaar waar mevrouw Buitenweg het over heeft. Maar dat is helemaal geborgd doordat wij altijd kijken wat de wenselijke samenwerking is die wij met een andere dienst willen. Hoe leggen we die vast? Dat gebeurt in de zogenaamde wegingsnotitie. Welke risico's zien we? Welke mitigerende maatregelen zijn er in dat geval nodig? En dat kunnen we ook heroverwegen. Dat wilde ik even vooraf zeggen. Dan even ingaand op de vragen van mevrouw Buitenweg. Zijn wij wel of niet verrast? Kijk, wij volgen natuurlijk ook de media. Er was al eerder wat berichtgeving over de Deense dienst. Dat was dus niet een verrassing, maar dit nieuwe bericht geeft in ieder geval aanleiding om navraag te doen. Ik heb geen contact gehad met mijn Deense ambtgenoot, maar er is dus wel contact tussen de diensten. Eerst komt de informatie van de Denen, en dan pas komt er een weging of er al dan niet nog contact zou moeten zijn met de Amerikanen. Over het programma dat mevrouw Buitenweg noemt, kan ik nu niets zeggen. Mij zegt het hier eerlijk gezegd ook helemaal niks, maar dit gaat waarschijnlijk vrij diep de operatie in, dus ik betwijfel of ik daar een antwoord op zou kunnen geven. En we leren altijd lessen uit het verleden, maar sindsdien is de wet ook behoorlijk gewijzigd.",verslagen_xml\a79650fe-7374-411e-bd1a-00b29ac3afc5.xml,2020-11-17,22e0b641-74cc-4a9b-aa76-7a4244e7868d,Stemmingen,Stemmingen,2020-11-17 14:00:00,2020-11-17 14:00:00,2020-11-17 14:45:00,Uitgevoerd,2020-2021,Tweede Kamer,1616.0,17eed891-219e-4ba4-8cc9-0de02cc1a96f,49bd21bd-0c1f-443a-a9e3-9bec642067f6,Stemmen - aangenomen,1,233.0,14,1,11,0,afternoon,-0.4999999999999997,-0.8660254037844388,2381,596,"Dank, voorzitter. Dank aan mevrouw Buitenweg. Naar aanleiding van de berichtgeving stelt zij deze vragen. Dat kan ik mij heel goed voorstellen. Misschien eerst gewoon even de situatie zoals ik die nu ken. Denemarken heeft zelf aangekondigd onafhankelijk onderzoek in te stellen. Het feit dat Nederland in de berichtgeving wordt genoemd als een van de landen, heeft er bij ons toe geleid dat de AIVD natuurlijk bij de collega-dienst navraag doet om de feiten te leren kennen en precies te weten te komen hoe de vork in de steel steekt. Afhankelijk van die feiten kunnen er natuurlijk nog vervolgacties komen. Een deel van de vragen van mevrouw Buitenweg kan ik nu dus nog niet beantwoorden, omdat ik die feiten nog niet heb. Ik wil ook vooraf onderstrepen het is vanzelfsprekend, maar ik doe het toch, ter geruststelling van mevrouw Buitenweg dat wij natuurlijk binnen het kader van de wet werken. Dat geldt voor het werk van de diensten, maar het geldt ook voor de samenwerking van onze diensten met andere diensten. Dat geldt eigenlijk altijd. Die wet is natuurlijk aangepast: er is een nieuwe Wiv. Die is dus anders dan in het jaar waar mevrouw Buitenweg het over heeft. Maar dat is helemaal geborgd doordat wij altijd kijken wat de wenselijke samenwerking is die wij met een andere dienst willen. Hoe leggen we die vast? Dat gebeurt in de zogenaamde wegingsnotitie. Welke risico's zien we? Welke mitigerende maatregelen zijn er in dat geval nodig? En dat kunnen we ook heroverwegen. Dat wilde ik even vooraf zeggen. Dan even ingaand op de vragen van mevrouw Buitenweg. Zijn wij wel of niet verrast? Kijk, wij volgen natuurlijk ook de media. Er was al eerder wat berichtgeving over de Deense dienst. Dat was dus niet een verrassing, maar dit nieuwe bericht geeft in ieder geval aanleiding om navraag te doen. Ik heb geen contact gehad met mijn Deense ambtgenoot, maar er is dus wel contact tussen de diensten. Eerst komt de informatie van de Denen, en dan pas komt er een weging of er al dan niet nog contact zou moeten zijn met de Amerikanen. Over het programma dat mevrouw Buitenweg noemt, kan ik nu niets zeggen. Mij zegt het hier eerlijk gezegd ook helemaal niks, maar dit gaat waarschijnlijk vrij diep de operatie in, dus ik betwijfel of ik daar een antwoord op zou kunnen geven. En we leren altijd lessen uit het verleden, maar sindsdien is de wet ook behoorlijk gewijzigd.",-0.5000000000000004,0.8660254037844384,0.7818314824680298,0.6234898018587336,0,1,0,0,0,2020,10,5.455321115357702,7.775695749915245,1,140,4.948759890378168,Other,False,False,False,False,True,False,False,False,False,False,False,2,0,0,0.0,test,0.9982,positive,0.9991,0.0009,1,1,1,1,0,1
009710e2-1754-49c0-82ea-60c9cd4cce37,6a2023e6-6cbb-4ff8-95b6-80e6543f6ce9,"25e vergadering, dinsdag 17 november 2020",2020-11-17,202a4a38-3730-46d3-b99b-dafe07137596,Vragenuur,Vragenuur,Vragenuur,5d41bb8f-274a-45b1-9068-04e921f39d2a,Ollongren,,minister van Binnenlandse Zaken en Koninkrijksrelaties,2020-11-17 14:26:56,2020-11-17 14:30:49,0,"Dank, voorzitter. Dank aan mevrouw Buitenweg. Naar aanleiding van de berichtgeving stelt zij deze vragen. Dat kan ik mij heel goed voorstellen. Misschien eerst gewoon even de situatie zoals ik die nu ken. Denemarken heeft zelf aangekondigd onafhankelijk onderzoek in te stellen. Het feit dat Nederland in de berichtgeving wordt genoemd als een van de landen, heeft er bij ons toe geleid dat de AIVD natuurlijk bij de collega-dienst navraag doet om de feiten te leren kennen en precies te weten te komen hoe de vork in de steel steekt. Afhankelijk van die feiten kunnen er natuurlijk nog vervolgacties komen. Een deel van de vragen van mevrouw Buitenweg kan ik nu dus nog niet beantwoorden, omdat ik die feiten nog niet heb. Ik wil ook vooraf onderstrepen — het is vanzelfsprekend, maar ik doe het toch, ter geruststelling van mevrouw Buitenweg — dat wij natuurlijk binnen het kader van de wet werken. Dat geldt voor het werk van de diensten, maar het geldt ook voor de samenwerking van onze diensten met andere diensten. Dat geldt eigenlijk altijd. Die wet is natuurlijk aangepast: er is een nieuwe Wiv. Die is dus anders dan in het jaar waar mevrouw Buitenweg het over heeft. Maar dat is helemaal geborgd doordat wij altijd kijken wat de wenselijke samenwerking is die wij met een andere dienst willen. Hoe leggen we die vast? Dat gebeurt in de zogenaamde wegingsnotitie. Welke risico's zien we? Welke mitigerende maatregelen zijn er in dat geval nodig? En dat kunnen we ook heroverwegen. Dat wilde ik even vooraf zeggen. Dan even ingaand op de vragen van mevrouw Buitenweg. Zijn wij wel of niet verrast? Kijk, wij volgen natuurlijk ook de media. Er was al eerder wat berichtgeving over de Deense dienst. Dat was dus niet een verrassing, maar dit nieuwe bericht geeft in ieder geval aanleiding om navraag te doen. Ik heb geen contact gehad met mijn Deense ambtgenoot, maar er is dus wel contact tussen de diensten. Eerst komt de informatie van de Denen, en dan pas komt er een weging of er al dan niet nog contact zou moeten zijn met de Amerikanen. Over het programma dat mevrouw Buitenweg noemt, kan ik nu niets zeggen. Mij zegt het hier eerlijk gezegd ook helemaal niks, maar dit gaat waarschijnlijk vrij diep de operatie in, dus ik betwijfel of ik daar een antwoord op zou kunnen geven. En we leren altijd lessen uit het verleden, maar sindsdien is de wet ook behoorlijk gewijzigd.",verslagen_xml\a79650fe-7374-411e-bd1a-00b29ac3afc5.xml,2020-11-17,22e0b641-74cc-4a9b-aa76-7a4244e7868d,Stemmingen,Stemmingen,2020-11-17 14:00:00,2020-11-17 14:00:00,2020-11-17 14:45:00,Uitgevoerd,2020-2021,Tweede Kamer,1616.0,b68c78c7-71fc-45c7-8ad6-20bc799accfd,994d6315-301d-45cc-a3d5-e467344527b7,Stemmen - verworpen,0,233.0,14,1,11,0,afternoon,-0.4999999999999997,-0.8660254037844388,2381,596,"Dank, voorzitter. Dank aan mevrouw Buitenweg. Naar aanleiding van de berichtgeving stelt zij deze vragen. Dat kan ik mij heel goed voorstellen. Misschien eerst gewoon even de situatie zoals ik die nu ken. Denemarken heeft zelf aangekondigd onafhankelijk onderzoek in te stellen. Het feit dat Nederland in de berichtgeving wordt genoemd als een van de landen, heeft er bij ons toe geleid dat de AIVD natuurlijk bij de collega-dienst navraag doet om de feiten te leren kennen en precies te weten te komen hoe de vork in de steel steekt. Afhankelijk van die feiten kunnen er natuurlijk nog vervolgacties komen. Een deel van de vragen van mevrouw Buitenweg kan ik nu dus nog niet beantwoorden, omdat ik die feiten nog niet heb. Ik wil ook vooraf onderstrepen het is vanzelfsprekend, maar ik doe het toch, ter geruststelling van mevrouw Buitenweg dat wij natuurlijk binnen het kader van de wet werken. Dat geldt voor het werk van de diensten, maar het geldt ook voor de samenwerking van onze diensten met andere diensten. Dat geldt eigenlijk altijd. Die wet is natuurlijk aangepast: er is een nieuwe Wiv. Die is dus anders dan in het jaar waar mevrouw Buitenweg het over heeft. Maar dat is helemaal geborgd doordat wij altijd kijken wat de wenselijke samenwerking is die wij met een andere dienst willen. Hoe leggen we die vast? Dat gebeurt in de zogenaamde wegingsnotitie. Welke risico's zien we? Welke mitigerende maatregelen zijn er in dat geval nodig? En dat kunnen we ook heroverwegen. Dat wilde ik even vooraf zeggen. Dan even ingaand op de vragen van mevrouw Buitenweg. Zijn wij wel of niet verrast? Kijk, wij volgen natuurlijk ook de media. Er was al eerder wat berichtgeving over de Deense dienst. Dat was dus niet een verrassing, maar dit nieuwe bericht geeft in ieder geval aanleiding om navraag te doen. Ik heb geen contact gehad met mijn Deense ambtgenoot, maar er is dus wel contact tussen de diensten. Eerst komt de informatie van de Denen, en dan pas komt er een weging of er al dan niet nog contact zou moeten zijn met de Amerikanen. Over het programma dat mevrouw Buitenweg noemt, kan ik nu niets zeggen. Mij zegt het hier eerlijk gezegd ook helemaal niks, maar dit gaat waarschijnlijk vrij diep de operatie in, dus ik betwijfel of ik daar een antwoord op zou kunnen geven. En we leren altijd lessen uit het verleden, maar sindsdien is de wet ook behoorlijk gewijzigd.",-0.5000000000000004,0.8660254037844384,0.7818314824680298,0.6234898018587336,0,1,0,0,0,2020,10,5.455321115357702,7.775695749915245,1,140,4.948759890378168,Other,False,False,False,False,True,False,False,False,False,False,False,2,0,0,0.0,test,0.9982,positive,0.9991,0.0009,1,1,1,1,0,1
009710e2-1754-49c0-82ea-60c9cd4cce37,6a2023e6-6cbb-4ff8-95b6-80e6543f6ce9,"25e vergadering, dinsdag 17 november 2020",2020-11-17,202a4a38-3730-46d3-b99b-dafe07137596,Vragenuur,Vragenuur,Vragenuur,5d41bb8f-274a-45b1-9068-04e921f39d2a,Ollongren,,minister van Binnenlandse Zaken en Koninkrijksrelaties,2020-11-17 14:26:56,2020-11-17 14:30:49,0,"Dank, voorzitter. Dank aan mevrouw Buitenweg. Naar aanleiding van de berichtgeving stelt zij deze vragen. Dat kan ik mij heel goed voorstellen. Misschien eerst gewoon even de situatie zoals ik die nu ken. Denemarken heeft zelf aangekondigd onafhankelijk onderzoek in te stellen. Het feit dat Nederland in de berichtgeving wordt genoemd als een van de landen, heeft er bij ons toe geleid dat de AIVD natuurlijk bij de collega-dienst navraag doet om de feiten te leren kennen en precies te weten te komen hoe de vork in de steel steekt. Afhankelijk van die feiten kunnen er natuurlijk nog vervolgacties komen. Een deel van de vragen van mevrouw Buitenweg kan ik nu dus nog niet beantwoorden, omdat ik die feiten nog niet heb. Ik wil ook vooraf onderstrepen — het is vanzelfsprekend, maar ik doe het toch, ter geruststelling van mevrouw Buitenweg — dat wij natuurlijk binnen het kader van de wet werken. Dat geldt voor het werk van de diensten, maar het geldt ook voor de samenwerking van onze diensten met andere diensten. Dat geldt eigenlijk altijd. Die wet is natuurlijk aangepast: er is een nieuwe Wiv. Die is dus anders dan in het jaar waar mevrouw Buitenweg het over heeft. Maar dat is helemaal geborgd doordat wij altijd kijken wat de wenselijke samenwerking is die wij met een andere dienst willen. Hoe leggen we die vast? Dat gebeurt in de zogenaamde wegingsnotitie. Welke risico's zien we? Welke mitigerende maatregelen zijn er in dat geval nodig? En dat kunnen we ook heroverwegen. Dat wilde ik even vooraf zeggen. Dan even ingaand op de vragen van mevrouw Buitenweg. Zijn wij wel of niet verrast? Kijk, wij volgen natuurlijk ook de media. Er was al eerder wat berichtgeving over de Deense dienst. Dat was dus niet een verrassing, maar dit nieuwe bericht geeft in ieder geval aanleiding om navraag te doen. Ik heb geen contact gehad met mijn Deense ambtgenoot, maar er is dus wel contact tussen de diensten. Eerst komt de informatie van de Denen, en dan pas komt er een weging of er al dan niet nog contact zou moeten zijn met de Amerikanen. Over het programma dat mevrouw Buitenweg noemt, kan ik nu niets zeggen. Mij zegt het hier eerlijk gezegd ook helemaal niks, maar dit gaat waarschijnlijk vrij diep de operatie in, dus ik betwijfel of ik daar een antwoord op zou kunnen geven. En we leren altijd lessen uit het verleden, maar sindsdien is de wet ook behoorlijk gewijzigd.",verslagen_xml\a79650fe-7374-411e-bd1a-00b29ac3afc5.xml,2020-11-17,22e0b641-74cc-4a9b-aa76-7a4244e7868d,Stemmingen,Stemmingen,2020-11-17 14:00:00,2020-11-17 14:00:00,2020-11-17 14:45:00,Uitgevoerd,2020-2021,Tweede Kamer,1616.0,9c39ca75-e20d-46d5-9e96-22cf67300f36,4f77f488-83e7-4237-a8d9-f9ceac2f65cc,Stemmen - verworpen,0,233.0,14,1,11,0,afternoon,-0.4999999999999997,-0.8660254037844388,2381,596,"Dank, voorzitter. Dank aan mevrouw Buitenweg. Naar aanleiding van de berichtgeving stelt zij deze vragen. Dat kan ik mij heel goed voorstellen. Misschien eerst gewoon even de situatie zoals ik die nu ken. Denemarken heeft zelf aangekondigd onafhankelijk onderzoek in te stellen. Het feit dat Nederland in de berichtgeving wordt genoemd als een van de landen, heeft er bij ons toe geleid dat de AIVD natuurlijk bij de collega-dienst navraag doet om de feiten te leren kennen en precies te weten te komen hoe de vork in de steel steekt. Afhankelijk van die feiten kunnen er natuurlijk nog vervolgacties komen. Een deel van de vragen van mevrouw Buitenweg kan ik nu dus nog niet beantwoorden, omdat ik die feiten nog niet heb. Ik wil ook vooraf onderstrepen het is vanzelfsprekend, maar ik doe het toch, ter geruststelling van mevrouw Buitenweg dat wij natuurlijk binnen het kader van de wet werken. Dat geldt voor het werk van de diensten, maar het geldt ook voor de samenwerking van onze diensten met andere diensten. Dat geldt eigenlijk altijd. Die wet is natuurlijk aangepast: er is een nieuwe Wiv. Die is dus anders dan in het jaar waar mevrouw Buitenweg het over heeft. Maar dat is helemaal geborgd doordat wij altijd kijken wat de wenselijke samenwerking is die wij met een andere dienst willen. Hoe leggen we die vast? Dat gebeurt in de zogenaamde wegingsnotitie. Welke risico's zien we? Welke mitigerende maatregelen zijn er in dat geval nodig? En dat kunnen we ook heroverwegen. Dat wilde ik even vooraf zeggen. Dan even ingaand op de vragen van mevrouw Buitenweg. Zijn wij wel of niet verrast? Kijk, wij volgen natuurlijk ook de media. Er was al eerder wat berichtgeving over de Deense dienst. Dat was dus niet een verrassing, maar dit nieuwe bericht geeft in ieder geval aanleiding om navraag te doen. Ik heb geen contact gehad met mijn Deense ambtgenoot, maar er is dus wel contact tussen de diensten. Eerst komt de informatie van de Denen, en dan pas komt er een weging of er al dan niet nog contact zou moeten zijn met de Amerikanen. Over het programma dat mevrouw Buitenweg noemt, kan ik nu niets zeggen. Mij zegt het hier eerlijk gezegd ook helemaal niks, maar dit gaat waarschijnlijk vrij diep de operatie in, dus ik betwijfel of ik daar een antwoord op zou kunnen geven. En we leren altijd lessen uit het verleden, maar sindsdien is de wet ook behoorlijk gewijzigd.",-0.5000000000000004,0.8660254037844384,0.7818314824680298,0.6234898018587336,0,1,0,0,0,2020,10,5.455321115357702,7.775695749915245,1,140,4.948759890378168,Other,False,False,False,False,True,False,False,False,False,False,False,2,0,0,0.0,test,0.9982,positive,0.9991,0.0009,1,1,1,1,0,1
009710e2-1754-49c0-82ea-60c9cd4cce37,6a2023e6-6cbb-4ff8-95b6-80e6543f6ce9,"25e vergadering, dinsdag 17 november 2020",2020-11-17,202a4a38-3730-46d3-b99b-dafe07137596,Vragenuur,Vragenuur,Vragenuur,5d41bb8f-274a-45b1-9068-04e921f39d2a,Ollongren,,minister van Binnenlandse Zaken en Koninkrijksrelaties,2020-11-17 14:26:56,2020-11-17 14:30:49,0,"Dank, voorzitter. Dank aan mevrouw Buitenweg. Naar aanleiding van de berichtgeving stelt zij deze vragen. Dat kan ik mij heel goed voorstellen. Misschien eerst gewoon even de situatie zoals ik die nu ken. Denemarken heeft zelf aangekondigd onafhankelijk onderzoek in te stellen. Het feit dat Nederland in de berichtgeving wordt genoemd als een van de landen, heeft er bij ons toe geleid dat de AIVD natuurlijk bij de collega-dienst navraag doet om de feiten te leren kennen en precies te weten te komen hoe de vork in de steel steekt. Afhankelijk van die feiten kunnen er natuurlijk nog vervolgacties komen. Een deel van de vragen van mevrouw Buitenweg kan ik nu dus nog niet beantwoorden, omdat ik die feiten nog niet heb. Ik wil ook vooraf onderstrepen — het is vanzelfsprekend, maar ik doe het toch, ter geruststelling van mevrouw Buitenweg — dat wij natuurlijk binnen het kader van de wet werken. Dat geldt voor het werk van de diensten, maar het geldt ook voor de samenwerking van onze diensten met andere diensten. Dat geldt eigenlijk altijd. Die wet is natuurlijk aangepast: er is een nieuwe Wiv. Die is dus anders dan in het jaar waar mevrouw Buitenweg het over heeft. Maar dat is helemaal geborgd doordat wij altijd kijken wat de wenselijke samenwerking is die wij met een andere dienst willen. Hoe leggen we die vast? Dat gebeurt in de zogenaamde wegingsnotitie. Welke risico's zien we? Welke mitigerende maatregelen zijn er in dat geval nodig? En dat kunnen we ook heroverwegen. Dat wilde ik even vooraf zeggen. Dan even ingaand op de vragen van mevrouw Buitenweg. Zijn wij wel of niet verrast? Kijk, wij volgen natuurlijk ook de media. Er was al eerder wat berichtgeving over de Deense dienst. Dat was dus niet een verrassing, maar dit nieuwe bericht geeft in ieder geval aanleiding om navraag te doen. Ik heb geen contact gehad met mijn Deense ambtgenoot, maar er is dus wel contact tussen de diensten. Eerst komt de informatie van de Denen, en dan pas komt er een weging of er al dan niet nog contact zou moeten zijn met de Amerikanen. Over het programma dat mevrouw Buitenweg noemt, kan ik nu niets zeggen. Mij zegt het hier eerlijk gezegd ook helemaal niks, maar dit gaat waarschijnlijk vrij diep de operatie in, dus ik betwijfel of ik daar een antwoord op zou kunnen geven. En we leren altijd lessen uit het verleden, maar sindsdien is de wet ook behoorlijk gewijzigd.",verslagen_xml\a79650fe-7374-411e-bd1a-00b29ac3afc5.xml,2020-11-17,22e0b641-74cc-4a9b-aa76-7a4244e7868d,Stemmingen,Stemmingen,2020-11-17 14:00:00,2020-11-17 14:00:00,2020-11-17 14:45:00,Uitgevoerd,2020-2021,Tweede Kamer,1616.0,d3b1499e-a5e8-4511-ba6e-4a4abbdaa6c5,e20ec15b-f7a7-40c0-abf7-06ae06723fa8,Stemmen - aangenomen,1,233.0,14,1,11,0,afternoon,-0.4999999999999997,-0.8660254037844388,2381,596,"Dank, voorzitter. Dank aan mevrouw Buitenweg. Naar aanleiding van de berichtgeving stelt zij deze vragen. Dat kan ik mij heel goed voorstellen. Misschien eerst gewoon even de situatie zoals ik die nu ken. Denemarken heeft zelf aangekondigd onafhankelijk onderzoek in te stellen. Het feit dat Nederland in de berichtgeving wordt genoemd als een van de landen, heeft er bij ons toe geleid dat de AIVD natuurlijk bij de collega-dienst navraag doet om de feiten te leren kennen en precies te weten te komen hoe de vork in de steel steekt. Afhankelijk van die feiten kunnen er natuurlijk nog vervolgacties komen. Een deel van de vragen van mevrouw Buitenweg kan ik nu dus nog niet beantwoorden, omdat ik die feiten nog niet heb. Ik wil ook vooraf onderstrepen het is vanzelfsprekend, maar ik doe het toch, ter geruststelling van mevrouw Buitenweg dat wij natuurlijk binnen het kader van de wet werken. Dat geldt voor het werk van de diensten, maar het geldt ook voor de samenwerking van onze diensten met andere diensten. Dat geldt eigenlijk altijd. Die wet is natuurlijk aangepast: er is een nieuwe Wiv. Die is dus anders dan in het jaar waar mevrouw Buitenweg het over heeft. Maar dat is helemaal geborgd doordat wij altijd kijken wat de wenselijke samenwerking is die wij met een andere dienst willen. Hoe leggen we die vast? Dat gebeurt in de zogenaamde wegingsnotitie. Welke risico's zien we? Welke mitigerende maatregelen zijn er in dat geval nodig? En dat kunnen we ook heroverwegen. Dat wilde ik even vooraf zeggen. Dan even ingaand op de vragen van mevrouw Buitenweg. Zijn wij wel of niet verrast? Kijk, wij volgen natuurlijk ook de media. Er was al eerder wat berichtgeving over de Deense dienst. Dat was dus niet een verrassing, maar dit nieuwe bericht geeft in ieder geval aanleiding om navraag te doen. Ik heb geen contact gehad met mijn Deense ambtgenoot, maar er is dus wel contact tussen de diensten. Eerst komt de informatie van de Denen, en dan pas komt er een weging of er al dan niet nog contact zou moeten zijn met de Amerikanen. Over het programma dat mevrouw Buitenweg noemt, kan ik nu niets zeggen. Mij zegt het hier eerlijk gezegd ook helemaal niks, maar dit gaat waarschijnlijk vrij diep de operatie in, dus ik betwijfel of ik daar een antwoord op zou kunnen geven. En we leren altijd lessen uit het verleden, maar sindsdien is de wet ook behoorlijk gewijzigd.",-0.5000000000000004,0.8660254037844384,0.7818314824680298,0.6234898018587336,0,1,0,0,0,2020,10,5.455321115357702,7.775695749915245,1,140,4.948759890378168,Other,False,False,False,False,True,False,False,False,False,False,False,2,0,0,0.0,test,0.9982,positive,0.9991,0.0009,1,1,1,1,0,1
009710e2-1754-49c0-82ea-60c9cd4cce37,6a2023e6-6cbb-4ff8-95b6-80e6543f6ce9,"25e vergadering, dinsdag 17 november 2020",2020-11-17,202a4a38-3730-46d3-b99b-dafe07137596,Vragenuur,Vragenuur,Vragenuur,5d41bb8f-274a-45b1-9068-04e921f39d2a,Ollongren,,minister van Binnenlandse Zaken en Koninkrijksrelaties,2020-11-17 14:26:56,2020-11-17 14:30:49,0,"Dank, voorzitter. Dank aan mevrouw Buitenweg. Naar aanleiding van de berichtgeving stelt zij deze vragen. Dat kan ik mij heel goed voorstellen. Misschien eerst gewoon even de situatie zoals ik die nu ken. Denemarken heeft zelf aangekondigd onafhankelijk onderzoek in te stellen. Het feit dat Nederland in de berichtgeving wordt genoemd als een van de landen, heeft er bij ons toe geleid dat de AIVD natuurlijk bij de collega-dienst navraag doet om de feiten te leren kennen en precies te weten te komen hoe de vork in de steel steekt. Afhankelijk van die feiten kunnen er natuurlijk nog vervolgacties komen. Een deel van de vragen van mevrouw Buitenweg kan ik nu dus nog niet beantwoorden, omdat ik die feiten nog niet heb. Ik wil ook vooraf onderstrepen — het is vanzelfsprekend, maar ik doe het toch, ter geruststelling van mevrouw Buitenweg — dat wij natuurlijk binnen het kader van de wet werken. Dat geldt voor het werk van de diensten, maar het geldt ook voor de samenwerking van onze diensten met andere diensten. Dat geldt eigenlijk altijd. Die wet is natuurlijk aangepast: er is een nieuwe Wiv. Die is dus anders dan in het jaar waar mevrouw Buitenweg het over heeft. Maar dat is helemaal geborgd doordat wij altijd kijken wat de wenselijke samenwerking is die wij met een andere dienst willen. Hoe leggen we die vast? Dat gebeurt in de zogenaamde wegingsnotitie. Welke risico's zien we? Welke mitigerende maatregelen zijn er in dat geval nodig? En dat kunnen we ook heroverwegen. Dat wilde ik even vooraf zeggen. Dan even ingaand op de vragen van mevrouw Buitenweg. Zijn wij wel of niet verrast? Kijk, wij volgen natuurlijk ook de media. Er was al eerder wat berichtgeving over de Deense dienst. Dat was dus niet een verrassing, maar dit nieuwe bericht geeft in ieder geval aanleiding om navraag te doen. Ik heb geen contact gehad met mijn Deense ambtgenoot, maar er is dus wel contact tussen de diensten. Eerst komt de informatie van de Denen, en dan pas komt er een weging of er al dan niet nog contact zou moeten zijn met de Amerikanen. Over het programma dat mevrouw Buitenweg noemt, kan ik nu niets zeggen. Mij zegt het hier eerlijk gezegd ook helemaal niks, maar dit gaat waarschijnlijk vrij diep de operatie in, dus ik betwijfel of ik daar een antwoord op zou kunnen geven. En we leren altijd lessen uit het verleden, maar sindsdien is de wet ook behoorlijk gewijzigd.",verslagen_xml\a79650fe-7374-411e-bd1a-00b29ac3afc5.xml,2020-11-17,22e0b641-74cc-4a9b-aa76-7a4244e7868d,Stemmingen,Stemmingen,2020-11-17 14:00:00,2020-11-17 14:00:00,2020-11-17 14:45:00,Uitgevoerd,2020-2021,Tweede Kamer,1616.0,d3b1499e-a5e8-4511-ba6e-4a4abbdaa6c5,30b2505a-dcf1-4120-a6ae-1625c5433892,Stemmen - aangenomen,1,233.0,14,1,11,0,afternoon,-0.4999999999999997,-0.8660254037844388,2381,596,"Dank, voorzitter. Dank aan mevrouw Buitenweg. Naar aanleiding van de berichtgeving stelt zij deze vragen. Dat kan ik mij heel goed voorstellen. Misschien eerst gewoon even de situatie zoals ik die nu ken. Denemarken heeft zelf aangekondigd onafhankelijk onderzoek in te stellen. Het feit dat Nederland in de berichtgeving wordt genoemd als een van de landen, heeft er bij ons toe geleid dat de AIVD natuurlijk bij de collega-dienst navraag doet om de feiten te leren kennen en precies te weten te komen hoe de vork in de steel steekt. Afhankelijk van die feiten kunnen er natuurlijk nog vervolgacties komen. Een deel van de vragen van mevrouw Buitenweg kan ik nu dus nog niet beantwoorden, omdat ik die feiten nog niet heb. Ik wil ook vooraf onderstrepen het is vanzelfsprekend, maar ik doe het toch, ter geruststelling van mevrouw Buitenweg dat wij natuurlijk binnen het kader van de wet werken. Dat geldt voor het werk van de diensten, maar het geldt ook voor de samenwerking van onze diensten met andere diensten. Dat geldt eigenlijk altijd. Die wet is natuurlijk aangepast: er is een nieuwe Wiv. Die is dus anders dan in het jaar waar mevrouw Buitenweg het over heeft. Maar dat is helemaal geborgd doordat wij altijd kijken wat de wenselijke samenwerking is die wij met een andere dienst willen. Hoe leggen we die vast? Dat gebeurt in de zogenaamde wegingsnotitie. Welke risico's zien we? Welke mitigerende maatregelen zijn er in dat geval nodig? En dat kunnen we ook heroverwegen. Dat wilde ik even vooraf zeggen. Dan even ingaand op de vragen van mevrouw Buitenweg. Zijn wij wel of niet verrast? Kijk, wij volgen natuurlijk ook de media. Er was al eerder wat berichtgeving over de Deense dienst. Dat was dus niet een verrassing, maar dit nieuwe bericht geeft in ieder geval aanleiding om navraag te doen. Ik heb geen contact gehad met mijn Deense ambtgenoot, maar er is dus wel contact tussen de diensten. Eerst komt de informatie van de Denen, en dan pas komt er een weging of er al dan niet nog contact zou moeten zijn met de Amerikanen. Over het programma dat mevrouw Buitenweg noemt, kan ik nu niets zeggen. Mij zegt het hier eerlijk gezegd ook helemaal niks, maar dit gaat waarschijnlijk vrij diep de operatie in, dus ik betwijfel of ik daar een antwoord op zou kunnen geven. En we leren altijd lessen uit het verleden, maar sindsdien is de wet ook behoorlijk gewijzigd.",-0.5000000000000004,0.8660254037844384,0.7818314824680298,0.6234898018587336,0,1,0,0,0,2020,10,5.455321115357702,7.775695749915245,1,140,4.948759890378168,Other,False,False,False,False,True,False,False,False,False,False,False,2,0,0,0.0,test,0.9982,positive,0.9991,0.0009,1,1,1,1,0,1
009710e2-1754-49c0-82ea-60c9cd4cce37,6a2023e6-6cbb-4ff8-95b6-80e6543f6ce9,"25e vergadering, dinsdag 17 november 2020",2020-11-17,202a4a38-3730-46d3-b99b-dafe07137596,Vragenuur,Vragenuur,Vragenuur,5d41bb8f-274a-45b1-9068-04e921f39d2a,Ollongren,,minister van Binnenlandse Zaken en Koninkrijksrelaties,2020-11-17 14:26:56,2020-11-17 14:30:49,0,"Dank, voorzitter. Dank aan mevrouw Buitenweg. Naar aanleiding van de berichtgeving stelt zij deze vragen. Dat kan ik mij heel goed voorstellen. Misschien eerst gewoon even de situatie zoals ik die nu ken. Denemarken heeft zelf aangekondigd onafhankelijk onderzoek in te stellen. Het feit dat Nederland in de berichtgeving wordt genoemd als een van de landen, heeft er bij ons toe geleid dat de AIVD natuurlijk bij de collega-dienst navraag doet om de feiten te leren kennen en precies te weten te komen hoe de vork in de steel steekt. Afhankelijk van die feiten kunnen er natuurlijk nog vervolgacties komen. Een deel van de vragen van mevrouw Buitenweg kan ik nu dus nog niet beantwoorden, omdat ik die feiten nog niet heb. Ik wil ook vooraf onderstrepen — het is vanzelfsprekend, maar ik doe het toch, ter geruststelling van mevrouw Buitenweg — dat wij natuurlijk binnen het kader van de wet werken. Dat geldt voor het werk van de diensten, maar het geldt ook voor de samenwerking van onze diensten met andere diensten. Dat geldt eigenlijk altijd. Die wet is natuurlijk aangepast: er is een nieuwe Wiv. Die is dus anders dan in het jaar waar mevrouw Buitenweg het over heeft. Maar dat is helemaal geborgd doordat wij altijd kijken wat de wenselijke samenwerking is die wij met een andere dienst willen. Hoe leggen we die vast? Dat gebeurt in de zogenaamde wegingsnotitie. Welke risico's zien we? Welke mitigerende maatregelen zijn er in dat geval nodig? En dat kunnen we ook heroverwegen. Dat wilde ik even vooraf zeggen. Dan even ingaand op de vragen van mevrouw Buitenweg. Zijn wij wel of niet verrast? Kijk, wij volgen natuurlijk ook de media. Er was al eerder wat berichtgeving over de Deense dienst. Dat was dus niet een verrassing, maar dit nieuwe bericht geeft in ieder geval aanleiding om navraag te doen. Ik heb geen contact gehad met mijn Deense ambtgenoot, maar er is dus wel contact tussen de diensten. Eerst komt de informatie van de Denen, en dan pas komt er een weging of er al dan niet nog contact zou moeten zijn met de Amerikanen. Over het programma dat mevrouw Buitenweg noemt, kan ik nu niets zeggen. Mij zegt het hier eerlijk gezegd ook helemaal niks, maar dit gaat waarschijnlijk vrij diep de operatie in, dus ik betwijfel of ik daar een antwoord op zou kunnen geven. En we leren altijd lessen uit het verleden, maar sindsdien is de wet ook behoorlijk gewijzigd.",verslagen_xml\a79650fe-7374-411e-bd1a-00b29ac3afc5.xml,2020-11-17,22e0b641-74cc-4a9b-aa76-7a4244e7868d,Stemmingen,Stemmingen,2020-11-17 14:00:00,2020-11-17 14:00:00,2020-11-17 14:45:00,Uitgevoerd,2020-2021,Tweede Kamer,1616.0,d3b1499e-a5e8-4511-ba6e-4a4abbdaa6c5,98308903-6d3b-4140-b28c-ae43522d041a,Stemmen - aangenomen,1,233.0,14,1,11,0,afternoon,-0.4999999999999997,-0.8660254037844388,2381,596,"Dank, voorzitter. Dank aan mevrouw Buitenweg. Naar aanleiding van de berichtgeving stelt zij deze vragen. Dat kan ik mij heel goed voorstellen. Misschien eerst gewoon even de situatie zoals ik die nu ken. Denemarken heeft zelf aangekondigd onafhankelijk onderzoek in te stellen. Het feit dat Nederland in de berichtgeving wordt genoemd als een van de landen, heeft er bij ons toe geleid dat de AIVD natuurlijk bij de collega-dienst navraag doet om de feiten te leren kennen en precies te weten te komen hoe de vork in de steel steekt. Afhankelijk van die feiten kunnen er natuurlijk nog vervolgacties komen. Een deel van de vragen van mevrouw Buitenweg kan ik nu dus nog niet beantwoorden, omdat ik die feiten nog niet heb. Ik wil ook vooraf onderstrepen het is vanzelfsprekend, maar ik doe het toch, ter geruststelling van mevrouw Buitenweg dat wij natuurlijk binnen het kader van de wet werken. Dat geldt voor het werk van de diensten, maar het geldt ook voor de samenwerking van onze diensten met andere diensten. Dat geldt eigenlijk altijd. Die wet is natuurlijk aangepast: er is een nieuwe Wiv. Die is dus anders dan in het jaar waar mevrouw Buitenweg het over heeft. Maar dat is helemaal geborgd doordat wij altijd kijken wat de wenselijke samenwerking is die wij met een andere dienst willen. Hoe leggen we die vast? Dat gebeurt in de zogenaamde wegingsnotitie. Welke risico's zien we? Welke mitigerende maatregelen zijn er in dat geval nodig? En dat kunnen we ook heroverwegen. Dat wilde ik even vooraf zeggen. Dan even ingaand op de vragen van mevrouw Buitenweg. Zijn wij wel of niet verrast? Kijk, wij volgen natuurlijk ook de media. Er was al eerder wat berichtgeving over de Deense dienst. Dat was dus niet een verrassing, maar dit nieuwe bericht geeft in ieder geval aanleiding om navraag te doen. Ik heb geen contact gehad met mijn Deense ambtgenoot, maar er is dus wel contact tussen de diensten. Eerst komt de informatie van de Denen, en dan pas komt er een weging of er al dan niet nog contact zou moeten zijn met de Amerikanen. Over het programma dat mevrouw Buitenweg noemt, kan ik nu niets zeggen. Mij zegt het hier eerlijk gezegd ook helemaal niks, maar dit gaat waarschijnlijk vrij diep de operatie in, dus ik betwijfel of ik daar een antwoord op zou kunnen geven. En we leren altijd lessen uit het verleden, maar sindsdien is de wet ook behoorlijk gewijzigd.",-0.5000000000000004,0.8660254037844384,0.7818314824680298,0.6234898018587336,0,1,0,0,0,2020,10,5.455321115357702,7.775695749915245,1,140,4.948759890378168,Other,False,False,False,False,True,False,False,False,False,False,False,2,0,0,0.0,test,0.9982,positive,0.9991,0.0009,1,1,1,1,0,1
009710e2-1754-49c0-82ea-60c9cd4cce37,6a2023e6-6cbb-4ff8-95b6-80e6543f6ce9,"25e vergadering, dinsdag 17 november 2020",2020-11-17,202a4a38-3730-46d3-b99b-dafe07137596,Vragenuur,Vragenuur,Vragenuur,5d41bb8f-274a-45b1-9068-04e921f39d2a,Ollongren,,minister van Binnenlandse Zaken en Koninkrijksrelaties,2020-11-17 14:26:56,2020-11-17 14:30:49,0,"Dank, voorzitter. Dank aan mevrouw Buitenweg. Naar aanleiding van de berichtgeving stelt zij deze vragen. Dat kan ik mij heel goed voorstellen. Misschien eerst gewoon even de situatie zoals ik die nu ken. Denemarken heeft zelf aangekondigd onafhankelijk onderzoek in te stellen. Het feit dat Nederland in de berichtgeving wordt genoemd als een van de landen, heeft er bij ons toe geleid dat de AIVD natuurlijk bij de collega-dienst navraag doet om de feiten te leren kennen en precies te weten te komen hoe de vork in de steel steekt. Afhankelijk van die feiten kunnen er natuurlijk nog vervolgacties komen. Een deel van de vragen van mevrouw Buitenweg kan ik nu dus nog niet beantwoorden, omdat ik die feiten nog niet heb. Ik wil ook vooraf onderstrepen — het is vanzelfsprekend, maar ik doe het toch, ter geruststelling van mevrouw Buitenweg — dat wij natuurlijk binnen het kader van de wet werken. Dat geldt voor het werk van de diensten, maar het geldt ook voor de samenwerking van onze diensten met andere diensten. Dat geldt eigenlijk altijd. Die wet is natuurlijk aangepast: er is een nieuwe Wiv. Die is dus anders dan in het jaar waar mevrouw Buitenweg het over heeft. Maar dat is helemaal geborgd doordat wij altijd kijken wat de wenselijke samenwerking is die wij met een andere dienst willen. Hoe leggen we die vast? Dat gebeurt in de zogenaamde wegingsnotitie. Welke risico's zien we? Welke mitigerende maatregelen zijn er in dat geval nodig? En dat kunnen we ook heroverwegen. Dat wilde ik even vooraf zeggen. Dan even ingaand op de vragen van mevrouw Buitenweg. Zijn wij wel of niet verrast? Kijk, wij volgen natuurlijk ook de media. Er was al eerder wat berichtgeving over de Deense dienst. Dat was dus niet een verrassing, maar dit nieuwe bericht geeft in ieder geval aanleiding om navraag te doen. Ik heb geen contact gehad met mijn Deense ambtgenoot, maar er is dus wel contact tussen de diensten. Eerst komt de informatie van de Denen, en dan pas komt er een weging of er al dan niet nog contact zou moeten zijn met de Amerikanen. Over het programma dat mevrouw Buitenweg noemt, kan ik nu niets zeggen. Mij zegt het hier eerlijk gezegd ook helemaal niks, maar dit gaat waarschijnlijk vrij diep de operatie in, dus ik betwijfel of ik daar een antwoord op zou kunnen geven. En we leren altijd lessen uit het verleden, maar sindsdien is de wet ook behoorlijk gewijzigd.",verslagen_xml\a79650fe-7374-411e-bd1a-00b29ac3afc5.xml,2020-11-17,22e0b641-74cc-4a9b-aa76-7a4244e7868d,Stemmingen,Stemmingen,2020-11-17 14:00:00,2020-11-17 14:00:00,2020-11-17 14:45:00,Uitgevoerd,2020-2021,Tweede Kamer,1616.0,d3b1499e-a5e8-4511-ba6e-4a4abbdaa6c5,bfaee311-e787-422b-b2ad-bba71e9cbe54,Stemmen - aangenomen,1,233.0,14,1,11,0,afternoon,-0.4999999999999997,-0.8660254037844388,2381,596,"Dank, voorzitter. Dank aan mevrouw Buitenweg. Naar aanleiding van de berichtgeving stelt zij deze vragen. Dat kan ik mij heel goed voorstellen. Misschien eerst gewoon even de situatie zoals ik die nu ken. Denemarken heeft zelf aangekondigd onafhankelijk onderzoek in te stellen. Het feit dat Nederland in de berichtgeving wordt genoemd als een van de landen, heeft er bij ons toe geleid dat de AIVD natuurlijk bij de collega-dienst navraag doet om de feiten te leren kennen en precies te weten te komen hoe de vork in de steel steekt. Afhankelijk van die feiten kunnen er natuurlijk nog vervolgacties komen. Een deel van de vragen van mevrouw Buitenweg kan ik nu dus nog niet beantwoorden, omdat ik die feiten nog niet heb. Ik wil ook vooraf onderstrepen het is vanzelfsprekend, maar ik doe het toch, ter geruststelling van mevrouw Buitenweg dat wij natuurlijk binnen het kader van de wet werken. Dat geldt voor het werk van de diensten, maar het geldt ook voor de samenwerking van onze diensten met andere diensten. Dat geldt eigenlijk altijd. Die wet is natuurlijk aangepast: er is een nieuwe Wiv. Die is dus anders dan in het jaar waar mevrouw Buitenweg het over heeft. Maar dat is helemaal geborgd doordat wij altijd kijken wat de wenselijke samenwerking is die wij met een andere dienst willen. Hoe leggen we die vast? Dat gebeurt in de zogenaamde wegingsnotitie. Welke risico's zien we? Welke mitigerende maatregelen zijn er in dat geval nodig? En dat kunnen we ook heroverwegen. Dat wilde ik even vooraf zeggen. Dan even ingaand op de vragen van mevrouw Buitenweg. Zijn wij wel of niet verrast? Kijk, wij volgen natuurlijk ook de media. Er was al eerder wat berichtgeving over de Deense dienst. Dat was dus niet een verrassing, maar dit nieuwe bericht geeft in ieder geval aanleiding om navraag te doen. Ik heb geen contact gehad met mijn Deense ambtgenoot, maar er is dus wel contact tussen de diensten. Eerst komt de informatie van de Denen, en dan pas komt er een weging of er al dan niet nog contact zou moeten zijn met de Amerikanen. Over het programma dat mevrouw Buitenweg noemt, kan ik nu niets zeggen. Mij zegt het hier eerlijk gezegd ook helemaal niks, maar dit gaat waarschijnlijk vrij diep de operatie in, dus ik betwijfel of ik daar een antwoord op zou kunnen geven. En we leren altijd lessen uit het verleden, maar sindsdien is de wet ook behoorlijk gewijzigd.",-0.5000000000000004,0.8660254037844384,0.7818314824680298,0.6234898018587336,0,1,0,0,0,2020,10,5.455321115357702,7.775695749915245,1,140,4.948759890378168,Other,False,False,False,False,True,False,False,False,False,False,False,2,0,0,0.0,test,0.9982,positive,0.9991,0.0009,1,1,1,1,0,1
009710e2-1754-49c0-82ea-60c9cd4cce37,6a2023e6-6cbb-4ff8-95b6-80e6543f6ce9,"25e vergadering, dinsdag 17 november 2020",2020-11-17,202a4a38-3730-46d3-b99b-dafe07137596,Vragenuur,Vragenuur,Vragenuur,5d41bb8f-274a-45b1-9068-04e921f39d2a,Ollongren,,minister van Binnenlandse Zaken en Koninkrijksrelaties,2020-11-17 14:26:56,2020-11-17 14:30:49,0,"Dank, voorzitter. Dank aan mevrouw Buitenweg. Naar aanleiding van de berichtgeving stelt zij deze vragen. Dat kan ik mij heel goed voorstellen. Misschien eerst gewoon even de situatie zoals ik die nu ken. Denemarken heeft zelf aangekondigd onafhankelijk onderzoek in te stellen. Het feit dat Nederland in de berichtgeving wordt genoemd als een van de landen, heeft er bij ons toe geleid dat de AIVD natuurlijk bij de collega-dienst navraag doet om de feiten te leren kennen en precies te weten te komen hoe de vork in de steel steekt. Afhankelijk van die feiten kunnen er natuurlijk nog vervolgacties komen. Een deel van de vragen van mevrouw Buitenweg kan ik nu dus nog niet beantwoorden, omdat ik die feiten nog niet heb. Ik wil ook vooraf onderstrepen — het is vanzelfsprekend, maar ik doe het toch, ter geruststelling van mevrouw Buitenweg — dat wij natuurlijk binnen het kader van de wet werken. Dat geldt voor het werk van de diensten, maar het geldt ook voor de samenwerking van onze diensten met andere diensten. Dat geldt eigenlijk altijd. Die wet is natuurlijk aangepast: er is een nieuwe Wiv. Die is dus anders dan in het jaar waar mevrouw Buitenweg het over heeft. Maar dat is helemaal geborgd doordat wij altijd kijken wat de wenselijke samenwerking is die wij met een andere dienst willen. Hoe leggen we die vast? Dat gebeurt in de zogenaamde wegingsnotitie. Welke risico's zien we? Welke mitigerende maatregelen zijn er in dat geval nodig? En dat kunnen we ook heroverwegen. Dat wilde ik even vooraf zeggen. Dan even ingaand op de vragen van mevrouw Buitenweg. Zijn wij wel of niet verrast? Kijk, wij volgen natuurlijk ook de media. Er was al eerder wat berichtgeving over de Deense dienst. Dat was dus niet een verrassing, maar dit nieuwe bericht geeft in ieder geval aanleiding om navraag te doen. Ik heb geen contact gehad met mijn Deense ambtgenoot, maar er is dus wel contact tussen de diensten. Eerst komt de informatie van de Denen, en dan pas komt er een weging of er al dan niet nog contact zou moeten zijn met de Amerikanen. Over het programma dat mevrouw Buitenweg noemt, kan ik nu niets zeggen. Mij zegt het hier eerlijk gezegd ook helemaal niks, maar dit gaat waarschijnlijk vrij diep de operatie in, dus ik betwijfel of ik daar een antwoord op zou kunnen geven. En we leren altijd lessen uit het verleden, maar sindsdien is de wet ook behoorlijk gewijzigd.",verslagen_xml\a79650fe-7374-411e-bd1a-00b29ac3afc5.xml,2020-11-17,22e0b641-74cc-4a9b-aa76-7a4244e7868d,Stemmingen,Stemmingen,2020-11-17 14:00:00,2020-11-17 14:00:00,2020-11-17 14:45:00,Uitgevoerd,2020-2021,Tweede Kamer,1616.0,c3fd2c86-8076-4aec-84f5-6157f434b733,a1f68115-daab-4ed8-8d2d-12a6cd5eec0d,Stemmen - verworpen,0,233.0,14,1,11,0,afternoon,-0.4999999999999997,-0.8660254037844388,2381,596,"Dank, voorzitter. Dank aan mevrouw Buitenweg. Naar aanleiding van de berichtgeving stelt zij deze vragen. Dat kan ik mij heel goed voorstellen. Misschien eerst gewoon even de situatie zoals ik die nu ken. Denemarken heeft zelf aangekondigd onafhankelijk onderzoek in te stellen. Het feit dat Nederland in de berichtgeving wordt genoemd als een van de landen, heeft er bij ons toe geleid dat de AIVD natuurlijk bij de collega-dienst navraag doet om de feiten te leren kennen en precies te weten te komen hoe de vork in de steel steekt. Afhankelijk van die feiten kunnen er natuurlijk nog vervolgacties komen. Een deel van de vragen van mevrouw Buitenweg kan ik nu dus nog niet beantwoorden, omdat ik die feiten nog niet heb. Ik wil ook vooraf onderstrepen het is vanzelfsprekend, maar ik doe het toch, ter geruststelling van mevrouw Buitenweg dat wij natuurlijk binnen het kader van de wet werken. Dat geldt voor het werk van de diensten, maar het geldt ook voor de samenwerking van onze diensten met andere diensten. Dat geldt eigenlijk altijd. Die wet is natuurlijk aangepast: er is een nieuwe Wiv. Die is dus anders dan in het jaar waar mevrouw Buitenweg het over heeft. Maar dat is helemaal geborgd doordat wij altijd kijken wat de wenselijke samenwerking is die wij met een andere dienst willen. Hoe leggen we die vast? Dat gebeurt in de zogenaamde wegingsnotitie. Welke risico's zien we? Welke mitigerende maatregelen zijn er in dat geval nodig? En dat kunnen we ook heroverwegen. Dat wilde ik even vooraf zeggen. Dan even ingaand op de vragen van mevrouw Buitenweg. Zijn wij wel of niet verrast? Kijk, wij volgen natuurlijk ook de media. Er was al eerder wat berichtgeving over de Deense dienst. Dat was dus niet een verrassing, maar dit nieuwe bericht geeft in ieder geval aanleiding om navraag te doen. Ik heb geen contact gehad met mijn Deense ambtgenoot, maar er is dus wel contact tussen de diensten. Eerst komt de informatie van de Denen, en dan pas komt er een weging of er al dan niet nog contact zou moeten zijn met de Amerikanen. Over het programma dat mevrouw Buitenweg noemt, kan ik nu niets zeggen. Mij zegt het hier eerlijk gezegd ook helemaal niks, maar dit gaat waarschijnlijk vrij diep de operatie in, dus ik betwijfel of ik daar een antwoord op zou kunnen geven. En we leren altijd lessen uit het verleden, maar sindsdien is de wet ook behoorlijk gewijzigd.",-0.5000000000000004,0.8660254037844384,0.7818314824680298,0.6234898018587336,0,1,0,0,0,2020,10,5.455321115357702,7.775695749915245,1,140,4.948759890378168,Other,False,False,False,False,True,False,False,False,False,False,False,2,0,0,0.0,test,0.9982,positive,0.9991,0.0009,1,1,1,1,0,1
009710e2-1754-49c0-82ea-60c9cd4cce37,6a2023e6-6cbb-4ff8-95b6-80e6543f6ce9,"25e vergadering, dinsdag 17 november 2020",2020-11-17,202a4a38-3730-46d3-b99b-dafe07137596,Vragenuur,Vragenuur,Vragenuur,5d41bb8f-274a-45b1-9068-04e921f39d2a,Ollongren,,minister van Binnenlandse Zaken en Koninkrijksrelaties,2020-11-17 14:26:56,2020-11-17 14:30:49,0,"Dank, voorzitter. Dank aan mevrouw Buitenweg. Naar aanleiding van de berichtgeving stelt zij deze vragen. Dat kan ik mij heel goed voorstellen. Misschien eerst gewoon even de situatie zoals ik die nu ken. Denemarken heeft zelf aangekondigd onafhankelijk onderzoek in te stellen. Het feit dat Nederland in de berichtgeving wordt genoemd als een van de landen, heeft er bij ons toe geleid dat de AIVD natuurlijk bij de collega-dienst navraag doet om de feiten te leren kennen en precies te weten te komen hoe de vork in de steel steekt. Afhankelijk van die feiten kunnen er natuurlijk nog vervolgacties komen. Een deel van de vragen van mevrouw Buitenweg kan ik nu dus nog niet beantwoorden, omdat ik die feiten nog niet heb. Ik wil ook vooraf onderstrepen — het is vanzelfsprekend, maar ik doe het toch, ter geruststelling van mevrouw Buitenweg — dat wij natuurlijk binnen het kader van de wet werken. Dat geldt voor het werk van de diensten, maar het geldt ook voor de samenwerking van onze diensten met andere diensten. Dat geldt eigenlijk altijd. Die wet is natuurlijk aangepast: er is een nieuwe Wiv. Die is dus anders dan in het jaar waar mevrouw Buitenweg het over heeft. Maar dat is helemaal geborgd doordat wij altijd kijken wat de wenselijke samenwerking is die wij met een andere dienst willen. Hoe leggen we die vast? Dat gebeurt in de zogenaamde wegingsnotitie. Welke risico's zien we? Welke mitigerende maatregelen zijn er in dat geval nodig? En dat kunnen we ook heroverwegen. Dat wilde ik even vooraf zeggen. Dan even ingaand op de vragen van mevrouw Buitenweg. Zijn wij wel of niet verrast? Kijk, wij volgen natuurlijk ook de media. Er was al eerder wat berichtgeving over de Deense dienst. Dat was dus niet een verrassing, maar dit nieuwe bericht geeft in ieder geval aanleiding om navraag te doen. Ik heb geen contact gehad met mijn Deense ambtgenoot, maar er is dus wel contact tussen de diensten. Eerst komt de informatie van de Denen, en dan pas komt er een weging of er al dan niet nog contact zou moeten zijn met de Amerikanen. Over het programma dat mevrouw Buitenweg noemt, kan ik nu niets zeggen. Mij zegt het hier eerlijk gezegd ook helemaal niks, maar dit gaat waarschijnlijk vrij diep de operatie in, dus ik betwijfel of ik daar een antwoord op zou kunnen geven. En we leren altijd lessen uit het verleden, maar sindsdien is de wet ook behoorlijk gewijzigd.",verslagen_xml\a79650fe-7374-411e-bd1a-00b29ac3afc5.xml,2020-11-17,22e0b641-74cc-4a9b-aa76-7a4244e7868d,Stemmingen,Stemmingen,2020-11-17 14:00:00,2020-11-17 14:00:00,2020-11-17 14:45:00,Uitgevoerd,2020-2021,Tweede Kamer,1616.0,c3fd2c86-8076-4aec-84f5-6157f434b733,6bbbad68-1f63-4165-9435-2be6f791fc31,Stemmen - verworpen,0,233.0,14,1,11,0,afternoon,-0.4999999999999997,-0.8660254037844388,2381,596,"Dank, voorzitter. Dank aan mevrouw Buitenweg. Naar aanleiding van de berichtgeving stelt zij deze vragen. Dat kan ik mij heel goed voorstellen. Misschien eerst gewoon even de situatie zoals ik die nu ken. Denemarken heeft zelf aangekondigd onafhankelijk onderzoek in te stellen. Het feit dat Nederland in de berichtgeving wordt genoemd als een van de landen, heeft er bij ons toe geleid dat de AIVD natuurlijk bij de collega-dienst navraag doet om de feiten te leren kennen en precies te weten te komen hoe de vork in de steel steekt. Afhankelijk van die feiten kunnen er natuurlijk nog vervolgacties komen. Een deel van de vragen van mevrouw Buitenweg kan ik nu dus nog niet beantwoorden, omdat ik die feiten nog niet heb. Ik wil ook vooraf onderstrepen het is vanzelfsprekend, maar ik doe het toch, ter geruststelling van mevrouw Buitenweg dat wij natuurlijk binnen het kader van de wet werken. Dat geldt voor het werk van de diensten, maar het geldt ook voor de samenwerking van onze diensten met andere diensten. Dat geldt eigenlijk altijd. Die wet is natuurlijk aangepast: er is een nieuwe Wiv. Die is dus anders dan in het jaar waar mevrouw Buitenweg het over heeft. Maar dat is helemaal geborgd doordat wij altijd kijken wat de wenselijke samenwerking is die wij met een andere dienst willen. Hoe leggen we die vast? Dat gebeurt in de zogenaamde wegingsnotitie. Welke risico's zien we? Welke mitigerende maatregelen zijn er in dat geval nodig? En dat kunnen we ook heroverwegen. Dat wilde ik even vooraf zeggen. Dan even ingaand op de vragen van mevrouw Buitenweg. Zijn wij wel of niet verrast? Kijk, wij volgen natuurlijk ook de media. Er was al eerder wat berichtgeving over de Deense dienst. Dat was dus niet een verrassing, maar dit nieuwe bericht geeft in ieder geval aanleiding om navraag te doen. Ik heb geen contact gehad met mijn Deense ambtgenoot, maar er is dus wel contact tussen de diensten. Eerst komt de informatie van de Denen, en dan pas komt er een weging of er al dan niet nog contact zou moeten zijn met de Amerikanen. Over het programma dat mevrouw Buitenweg noemt, kan ik nu niets zeggen. Mij zegt het hier eerlijk gezegd ook helemaal niks, maar dit gaat waarschijnlijk vrij diep de operatie in, dus ik betwijfel of ik daar een antwoord op zou kunnen geven. En we leren altijd lessen uit het verleden, maar sindsdien is de wet ook behoorlijk gewijzigd.",-0.5000000000000004,0.8660254037844384,0.7818314824680298,0.6234898018587336,0,1,0,0,0,2020,10,5.455321115357702,7.775695749915245,1,140,4.948759890378168,Other,False,False,False,False,True,False,False,False,False,False,False,2,0,0,0.0,test,0.9982,positive,0.9991,0.0009,1,1,1,1,0,1
009710e2-1754-49c0-82ea-60c9cd4cce37,6a2023e6-6cbb-4ff8-95b6-80e6543f6ce9,"25e vergadering, dinsdag 17 november 2020",2020-11-17,202a4a38-3730-46d3-b99b-dafe07137596,Vragenuur,Vragenuur,Vragenuur,5d41bb8f-274a-45b1-9068-04e921f39d2a,Ollongren,,minister van Binnenlandse Zaken en Koninkrijksrelaties,2020-11-17 14:26:56,2020-11-17 14:30:49,0,"Dank, voorzitter. Dank aan mevrouw Buitenweg. Naar aanleiding van de berichtgeving stelt zij deze vragen. Dat kan ik mij heel goed voorstellen. Misschien eerst gewoon even de situatie zoals ik die nu ken. Denemarken heeft zelf aangekondigd onafhankelijk onderzoek in te stellen. Het feit dat Nederland in de berichtgeving wordt genoemd als een van de landen, heeft er bij ons toe geleid dat de AIVD natuurlijk bij de collega-dienst navraag doet om de feiten te leren kennen en precies te weten te komen hoe de vork in de steel steekt. Afhankelijk van die feiten kunnen er natuurlijk nog vervolgacties komen. Een deel van de vragen van mevrouw Buitenweg kan ik nu dus nog niet beantwoorden, omdat ik die feiten nog niet heb. Ik wil ook vooraf onderstrepen — het is vanzelfsprekend, maar ik doe het toch, ter geruststelling van mevrouw Buitenweg — dat wij natuurlijk binnen het kader van de wet werken. Dat geldt voor het werk van de diensten, maar het geldt ook voor de samenwerking van onze diensten met andere diensten. Dat geldt eigenlijk altijd. Die wet is natuurlijk aangepast: er is een nieuwe Wiv. Die is dus anders dan in het jaar waar mevrouw Buitenweg het over heeft. Maar dat is helemaal geborgd doordat wij altijd kijken wat de wenselijke samenwerking is die wij met een andere dienst willen. Hoe leggen we die vast? Dat gebeurt in de zogenaamde wegingsnotitie. Welke risico's zien we? Welke mitigerende maatregelen zijn er in dat geval nodig? En dat kunnen we ook heroverwegen. Dat wilde ik even vooraf zeggen. Dan even ingaand op de vragen van mevrouw Buitenweg. Zijn wij wel of niet verrast? Kijk, wij volgen natuurlijk ook de media. Er was al eerder wat berichtgeving over de Deense dienst. Dat was dus niet een verrassing, maar dit nieuwe bericht geeft in ieder geval aanleiding om navraag te doen. Ik heb geen contact gehad met mijn Deense ambtgenoot, maar er is dus wel contact tussen de diensten. Eerst komt de informatie van de Denen, en dan pas komt er een weging of er al dan niet nog contact zou moeten zijn met de Amerikanen. Over het programma dat mevrouw Buitenweg noemt, kan ik nu niets zeggen. Mij zegt het hier eerlijk gezegd ook helemaal niks, maar dit gaat waarschijnlijk vrij diep de operatie in, dus ik betwijfel of ik daar een antwoord op zou kunnen geven. En we leren altijd lessen uit het verleden, maar sindsdien is de wet ook behoorlijk gewijzigd.",verslagen_xml\a79650fe-7374-411e-bd1a-00b29ac3afc5.xml,2020-11-17,22e0b641-74cc-4a9b-aa76-7a4244e7868d,Stemmingen,Stemmingen,2020-11-17 14:00:00,2020-11-17 14:00:00,2020-11-17 14:45:00,Uitgevoerd,2020-2021,Tweede Kamer,1616.0,c3fd2c86-8076-4aec-84f5-6157f434b733,38e1ba15-3c5a-4a45-91e2-4c4a55935610,Stemmen - aangenomen,1,233.0,14,1,11,0,afternoon,-0.4999999999999997,-0.8660254037844388,2381,596,"Dank, voorzitter. Dank aan mevrouw Buitenweg. Naar aanleiding van de berichtgeving stelt zij deze vragen. Dat kan ik mij heel goed voorstellen. Misschien eerst gewoon even de situatie zoals ik die nu ken. Denemarken heeft zelf aangekondigd onafhankelijk onderzoek in te stellen. Het feit dat Nederland in de berichtgeving wordt genoemd als een van de landen, heeft er bij ons toe geleid dat de AIVD natuurlijk bij de collega-dienst navraag doet om de feiten te leren kennen en precies te weten te komen hoe de vork in de steel steekt. Afhankelijk van die feiten kunnen er natuurlijk nog vervolgacties komen. Een deel van de vragen van mevrouw Buitenweg kan ik nu dus nog niet beantwoorden, omdat ik die feiten nog niet heb. Ik wil ook vooraf onderstrepen het is vanzelfsprekend, maar ik doe het toch, ter geruststelling van mevrouw Buitenweg dat wij natuurlijk binnen het kader van de wet werken. Dat geldt voor het werk van de diensten, maar het geldt ook voor de samenwerking van onze diensten met andere diensten. Dat geldt eigenlijk altijd. Die wet is natuurlijk aangepast: er is een nieuwe Wiv. Die is dus anders dan in het jaar waar mevrouw Buitenweg het over heeft. Maar dat is helemaal geborgd doordat wij altijd kijken wat de wenselijke samenwerking is die wij met een andere dienst willen. Hoe leggen we die vast? Dat gebeurt in de zogenaamde wegingsnotitie. Welke risico's zien we? Welke mitigerende maatregelen zijn er in dat geval nodig? En dat kunnen we ook heroverwegen. Dat wilde ik even vooraf zeggen. Dan even ingaand op de vragen van mevrouw Buitenweg. Zijn wij wel of niet verrast? Kijk, wij volgen natuurlijk ook de media. Er was al eerder wat berichtgeving over de Deense dienst. Dat was dus niet een verrassing, maar dit nieuwe bericht geeft in ieder geval aanleiding om navraag te doen. Ik heb geen contact gehad met mijn Deense ambtgenoot, maar er is dus wel contact tussen de diensten. Eerst komt de informatie van de Denen, en dan pas komt er een weging of er al dan niet nog contact zou moeten zijn met de Amerikanen. Over het programma dat mevrouw Buitenweg noemt, kan ik nu niets zeggen. Mij zegt het hier eerlijk gezegd ook helemaal niks, maar dit gaat waarschijnlijk vrij diep de operatie in, dus ik betwijfel of ik daar een antwoord op zou kunnen geven. En we leren altijd lessen uit het verleden, maar sindsdien is de wet ook behoorlijk gewijzigd.",-0.5000000000000004,0.8660254037844384,0.7818314824680298,0.6234898018587336,0,1,0,0,0,2020,10,5.455321115357702,7.775695749915245,1,140,4.948759890378168,Other,False,False,False,False,True,False,False,False,False,False,False,2,0,0,0.0,test,0.9982,positive,0.9991,0.0009,1,1,1,1,0,1
